{
"type": "FeatureCollection",
"name": "Bike_2026-05-02_14-01_webapp",
"crs": { "type": "name", "properties": { "name": "urn:ogc:def:crs:OGC:1.3:CRS84" } },
"features": [
{ "type": "Feature", "properties": { "timestamp": "2026-05-02T12:01:03.999Z", "latitude": 47.202917458533783, "longitude": 8.7779589928768367, "BELAGSART": 100, "surface_classification_asphalt": null, "surface_classification_compacted": null, "surface_classification_paving": null, "surface_classification_sett": null, "surface_classification_standing": null, "surface_swisstopo": "paved", "surface_sensebox": "unknown", "surface_sensebox_probability": 0.0, "match": "Unknown" }, "geometry": { "type": "Point", "coordinates": [ 8.777959001550597, 47.202917468570895 ] } },
{ "type": "Feature", "properties": { "timestamp": "2026-05-02T12:01:04.999Z", "latitude": 47.202917123257663, "longitude": 8.7779584061436129, "BELAGSART": 100, "surface_classification_asphalt": 0.0, "surface_classification_compacted": 0.0, "surface_classification_paving": 0.0, "surface_classification_sett": 0.0, "surface_classification_standing": 1.0, "surface_swisstopo": "paved", "surface_sensebox": "unknown", "surface_sensebox_probability": 0.0, "match": "Unknown" }, "geometry": { "type": "Point", "coordinates": [ 8.777958414817371, 47.20291713329479 ] } },
{ "type": "Feature", "properties": { "timestamp": "2026-05-02T12:01:05.999Z", "latitude": 47.202916955619607, "longitude": 8.7779582385055495, "BELAGSART": 100, "surface_classification_asphalt": null, "surface_classification_compacted": null, "surface_classification_paving": null, "surface_classification_sett": null, "surface_classification_standing": null, "surface_swisstopo": "paved", "surface_sensebox": "unknown", "surface_sensebox_probability": 0.0, "match": "Unknown" }, "geometry": { "type": "Point", "coordinates": [ 8.777958247179305, 47.202916965656698 ] } },
{ "type": "Feature", "properties": { "timestamp": "2026-05-02T12:01:06.999Z", "latitude": 47.202919260642972, "longitude": 8.7779607530765045, "BELAGSART": 100, "surface_classification_asphalt": null, "surface_classification_compacted": null, "surface_classification_paving": null, "surface_classification_sett": null, "surface_classification_standing": null, "surface_swisstopo": "paved", "surface_sensebox": "unknown", "surface_sensebox_probability": 0.0, "match": "Unknown" }, "geometry": { "type": "Point", "coordinates": [ 8.777960761750265, 47.202919270680084 ] } },
{ "type": "Feature", "properties": { "timestamp": "2026-05-02T12:01:07.999Z", "latitude": 47.202919260642972, "longitude": 8.7779607530765045, "BELAGSART": 100, "surface_classification_asphalt": 0.0, "surface_classification_compacted": 0.0, "surface_classification_paving": 0.0, "surface_classification_sett": 0.0, "surface_classification_standing": 1.0, "surface_swisstopo": "paved", "surface_sensebox": "unknown", "surface_sensebox_probability": 0.0, "match": "Unknown" }, "geometry": { "type": "Point", "coordinates": [ 8.777960761750265, 47.202919270680084 ] } },
{ "type": "Feature", "properties": { "timestamp": "2026-05-02T12:01:08.999Z", "latitude": 47.20292001501425, "longitude": 8.7779599148861855, "BELAGSART": 100, "surface_classification_asphalt": null, "surface_classification_compacted": null, "surface_classification_paving": null, "surface_classification_sett": null, "surface_classification_standing": null, "surface_swisstopo": "paved", "surface_sensebox": "unknown", "surface_sensebox_probability": 0.0, "match": "Unknown" }, "geometry": { "type": "Point", "coordinates": [ 8.777959923559942, 47.202920025051341 ] } },
{ "type": "Feature", "properties": { "timestamp": "2026-05-02T12:01:09.999Z", "latitude": 47.202919973104734, "longitude": 8.7779602501623124, "BELAGSART": 100, "surface_classification_asphalt": null, "surface_classification_compacted": null, "surface_classification_paving": null, "surface_classification_sett": null, "surface_classification_standing": null, "surface_swisstopo": "paved", "surface_sensebox": "unknown", "surface_sensebox_probability": 0.0, "match": "Unknown" }, "geometry": { "type": "Point", "coordinates": [ 8.777960258836069, 47.202919983141861 ] } },
{ "type": "Feature", "properties": { "timestamp": "2026-05-02T12:01:10.999Z", "latitude": 47.202919721647653, "longitude": 8.7779602501623124, "BELAGSART": 100, "surface_classification_asphalt": 0.0, "surface_classification_compacted": 0.0, "surface_classification_paving": 0.0, "surface_classification_sett": 0.0, "surface_classification_standing": 1.0, "surface_swisstopo": "paved", "surface_sensebox": "unknown", "surface_sensebox_probability": 0.0, "match": "Unknown" }, "geometry": { "type": "Point", "coordinates": [ 8.777960258836076, 47.202919731684766 ] } },
{ "type": "Feature", "properties": { "timestamp": "2026-05-02T12:01:11.999Z", "latitude": 47.202919344462003, "longitude": 8.7779598310671556, "BELAGSART": 100, "surface_classification_asphalt": null, "surface_classification_compacted": null, "surface_classification_paving": null, "surface_classification_sett": null, "surface_classification_standing": null, "surface_swisstopo": "paved", "surface_sensebox": "unknown", "surface_sensebox_probability": 0.0, "match": "Unknown" }, "geometry": { "type": "Point", "coordinates": [ 8.777959839740914, 47.20291935449908 ] } },
{ "type": "Feature", "properties": { "timestamp": "2026-05-02T12:01:12.999Z", "latitude": 47.202919093004894, "longitude": 8.7779595796100587, "BELAGSART": 100, "surface_classification_asphalt": null, "surface_classification_compacted": null, "surface_classification_paving": null, "surface_classification_sett": null, "surface_classification_standing": null, "surface_swisstopo": "paved", "surface_sensebox": "unknown", "surface_sensebox_probability": 0.0, "match": "Unknown" }, "geometry": { "type": "Point", "coordinates": [ 8.777959588283821, 47.202919103042014 ] } },
{ "type": "Feature", "properties": { "timestamp": "2026-05-02T12:01:13.999Z", "latitude": 47.202915656424594, "longitude": 8.7779559753916949, "BELAGSART": 100, "surface_classification_asphalt": 0.0, "surface_classification_compacted": 0.0, "surface_classification_paving": 0.0, "surface_classification_sett": 0.0, "surface_classification_standing": 1.0, "surface_swisstopo": "paved", "surface_sensebox": "unknown", "surface_sensebox_probability": 0.0, "match": "Unknown" }, "geometry": { "type": "Point", "coordinates": [ 8.777955984065454, 47.202915666461706 ] } },
{ "type": "Feature", "properties": { "timestamp": "2026-05-02T12:01:14.999Z", "latitude": 47.202911884568174, "longitude": 8.7779522873542977, "BELAGSART": 100, "surface_classification_asphalt": null, "surface_classification_compacted": null, "surface_classification_paving": null, "surface_classification_sett": null, "surface_classification_standing": null, "surface_swisstopo": "paved", "surface_sensebox": "unknown", "surface_sensebox_probability": 0.0, "match": "Unknown" }, "geometry": { "type": "Point", "coordinates": [ 8.777952296028054, 47.202911894605272 ] } },
{ "type": "Feature", "properties": { "timestamp": "2026-05-02T12:01:15.999Z", "latitude": 47.202910543463673, "longitude": 8.7779501918785083, "BELAGSART": 100, "surface_classification_asphalt": null, "surface_classification_compacted": null, "surface_classification_paving": null, "surface_classification_sett": null, "surface_classification_standing": null, "surface_swisstopo": "paved", "surface_sensebox": "unknown", "surface_sensebox_probability": 0.0, "match": "Unknown" }, "geometry": { "type": "Point", "coordinates": [ 8.777950200552262, 47.202910553500779 ] } },
{ "type": "Feature", "properties": { "timestamp": "2026-05-02T12:01:16.999Z", "latitude": 47.202909537635286, "longitude": 8.7779464200220811, "BELAGSART": 100, "surface_classification_asphalt": 0.0, "surface_classification_compacted": 0.0, "surface_classification_paving": 0.0, "surface_classification_sett": 0.0, "surface_classification_standing": 1.0, "surface_swisstopo": "paved", "surface_sensebox": "unknown", "surface_sensebox_probability": 0.0, "match": "Unknown" }, "geometry": { "type": "Point", "coordinates": [ 8.777946428695834, 47.202909547672434 ] } },
{ "type": "Feature", "properties": { "timestamp": "2026-05-02T12:01:17.999Z", "latitude": 47.202906645878706, "longitude": 8.777941223242113, "BELAGSART": 100, "surface_classification_asphalt": null, "surface_classification_compacted": null, "surface_classification_paving": null, "surface_classification_sett": null, "surface_classification_standing": null, "surface_swisstopo": "paved", "surface_sensebox": "unknown", "surface_sensebox_probability": 0.0, "match": "Unknown" }, "geometry": { "type": "Point", "coordinates": [ 8.777941231915861, 47.202906655915811 ] } },
{ "type": "Feature", "properties": { "timestamp": "2026-05-02T12:01:18.999Z", "latitude": 47.202904969498071, "longitude": 8.7779384572140664, "BELAGSART": 100, "surface_classification_asphalt": null, "surface_classification_compacted": null, "surface_classification_paving": null, "surface_classification_sett": null, "surface_classification_standing": null, "surface_swisstopo": "paved", "surface_sensebox": "unknown", "surface_sensebox_probability": 0.0, "match": "Unknown" }, "geometry": { "type": "Point", "coordinates": [ 8.777938465887809, 47.202904979535184 ] } },
{ "type": "Feature", "properties": { "timestamp": "2026-05-02T12:01:19.999Z", "latitude": 47.202904089398217, "longitude": 8.7779370322905255, "BELAGSART": 100, "surface_classification_asphalt": 0.0, "surface_classification_compacted": 0.0, "surface_classification_paving": 0.0, "surface_classification_sett": 0.0, "surface_classification_standing": 1.0, "surface_swisstopo": "paved", "surface_sensebox": "unknown", "surface_sensebox_probability": 0.0, "match": "Unknown" }, "geometry": { "type": "Point", "coordinates": [ 8.777937040964272, 47.202904099435344 ] } },
{ "type": "Feature", "properties": { "timestamp": "2026-05-02T12:01:20.999Z", "latitude": 47.202903670303073, "longitude": 8.77793627791924, "BELAGSART": 100, "surface_classification_asphalt": null, "surface_classification_compacted": null, "surface_classification_paving": null, "surface_classification_sett": null, "surface_classification_standing": null, "surface_swisstopo": "paved", "surface_sensebox": "unknown", "surface_sensebox_probability": 0.0, "match": "Unknown" }, "geometry": { "type": "Point", "coordinates": [ 8.777936286592983, 47.202903680340235 ] } },
{ "type": "Feature", "properties": { "timestamp": "2026-05-02T12:01:21.999Z", "latitude": 47.202835934682881, "longitude": 8.7779081954426292, "BELAGSART": 100, "surface_classification_asphalt": null, "surface_classification_compacted": null, "surface_classification_paving": null, "surface_classification_sett": null, "surface_classification_standing": null, "surface_swisstopo": "paved", "surface_sensebox": "unknown", "surface_sensebox_probability": 0.0, "match": "Unknown" }, "geometry": { "type": "Point", "coordinates": [ 8.777908204116368, 47.202835944719951 ] } },
{ "type": "Feature", "properties": { "timestamp": "2026-05-02T12:01:22.999Z", "latitude": 47.202838649765617, "longitude": 8.7779095190047478, "BELAGSART": 100, "surface_classification_asphalt": 0.01, "surface_classification_compacted": 0.0, "surface_classification_paving": 0.0, "surface_classification_sett": 0.0, "surface_classification_standing": 0.99, "surface_swisstopo": "paved", "surface_sensebox": "unknown", "surface_sensebox_probability": 0.0, "match": "Unknown" }, "geometry": { "type": "Point", "coordinates": [ 8.777909527678485, 47.202838659802715 ] } },
{ "type": "Feature", "properties": { "timestamp": "2026-05-02T12:01:23.999Z", "latitude": 47.202848096894719, "longitude": 8.7779202597027322, "BELAGSART": 100, "surface_classification_asphalt": null, "surface_classification_compacted": null, "surface_classification_paving": null, "surface_classification_sett": null, "surface_classification_standing": null, "surface_swisstopo": "paved", "surface_sensebox": "unknown", "surface_sensebox_probability": 0.0, "match": "Unknown" }, "geometry": { "type": "Point", "coordinates": [ 8.77792026837648, 47.202848106931825 ] } },
{ "type": "Feature", "properties": { "timestamp": "2026-05-02T12:01:26.999Z", "latitude": 47.202874959169229, "longitude": 8.7779613993829386, "BELAGSART": 100, "surface_classification_asphalt": 0.01, "surface_classification_compacted": 0.0, "surface_classification_paving": 0.0, "surface_classification_sett": 0.0, "surface_classification_standing": 0.99, "surface_swisstopo": "paved", "surface_sensebox": "unknown", "surface_sensebox_probability": 0.0, "match": "Unknown" }, "geometry": { "type": "Point", "coordinates": [ 8.777961408056715, 47.202874969206306 ] } },
{ "type": "Feature", "properties": { "timestamp": "2026-05-02T12:01:27.999Z", "latitude": 47.202891370640657, "longitude": 8.777966430340161, "BELAGSART": 100, "surface_classification_asphalt": null, "surface_classification_compacted": null, "surface_classification_paving": null, "surface_classification_sett": null, "surface_classification_standing": null, "surface_swisstopo": "paved", "surface_sensebox": "unknown", "surface_sensebox_probability": 0.0, "match": "Unknown" }, "geometry": { "type": "Point", "coordinates": [ 8.777966439013939, 47.202891380677769 ] } },
{ "type": "Feature", "properties": { "timestamp": "2026-05-02T12:01:28.999Z", "latitude": 47.202892264577429, "longitude": 8.7779590309669562, "BELAGSART": 100, "surface_classification_asphalt": 0.01, "surface_classification_compacted": 0.0, "surface_classification_paving": 0.0, "surface_classification_sett": 0.0, "surface_classification_standing": 0.99, "surface_swisstopo": "paved", "surface_sensebox": "unknown", "surface_sensebox_probability": 0.0, "match": "Unknown" }, "geometry": { "type": "Point", "coordinates": [ 8.777959039640724, 47.202892274614506 ] } },
{ "type": "Feature", "properties": { "timestamp": "2026-05-02T12:01:29.999Z", "latitude": 47.202831025746242, "longitude": 8.7779481553623349, "BELAGSART": 100, "surface_classification_asphalt": null, "surface_classification_compacted": null, "surface_classification_paving": null, "surface_classification_sett": null, "surface_classification_standing": null, "surface_swisstopo": "paved", "surface_sensebox": "unknown", "surface_sensebox_probability": 0.0, "match": "Unknown" }, "geometry": { "type": "Point", "coordinates": [ 8.777948164036113, 47.202831035783298 ] } },
{ "type": "Feature", "properties": { "timestamp": "2026-05-02T12:01:30.999Z", "latitude": 47.202827261583899, "longitude": 8.7779510023566374, "BELAGSART": 100, "surface_classification_asphalt": null, "surface_classification_compacted": null, "surface_classification_paving": null, "surface_classification_sett": null, "surface_classification_standing": null, "surface_swisstopo": "paved", "surface_sensebox": "unknown", "surface_sensebox_probability": 0.0, "match": "Unknown" }, "geometry": { "type": "Point", "coordinates": [ 8.777951011030417, 47.20282727162099 ] } },
{ "type": "Feature", "properties": { "timestamp": "2026-05-02T12:01:31.999Z", "latitude": 47.202810502031063, "longitude": 8.7779410829749516, "BELAGSART": 100, "surface_classification_asphalt": 0.0, "surface_classification_compacted": 0.0, "surface_classification_paving": 0.0, "surface_classification_sett": 0.0, "surface_classification_standing": 1.0, "surface_swisstopo": "paved", "surface_sensebox": "unknown", "surface_sensebox_probability": 0.0, "match": "Unknown" }, "geometry": { "type": "Point", "coordinates": [ 8.777941091648728, 47.202810512068162 ] } },
{ "type": "Feature", "properties": { "timestamp": "2026-05-02T12:01:32.999Z", "latitude": 47.202811312187315, "longitude": 8.7779522773098542, "BELAGSART": 100, "surface_classification_asphalt": null, "surface_classification_compacted": null, "surface_classification_paving": null, "surface_classification_sett": null, "surface_classification_standing": null, "surface_swisstopo": "paved", "surface_sensebox": "unknown", "surface_sensebox_probability": 0.0, "match": "Unknown" }, "geometry": { "type": "Point", "coordinates": [ 8.777952285983639, 47.202811322224356 ] } },
{ "type": "Feature", "properties": { "timestamp": "2026-05-02T12:01:33.999Z", "latitude": 47.202800373415698, "longitude": 8.777929082487006, "BELAGSART": 100, "surface_classification_asphalt": null, "surface_classification_compacted": null, "surface_classification_paving": null, "surface_classification_sett": null, "surface_classification_standing": null, "surface_swisstopo": "paved", "surface_sensebox": "unknown", "surface_sensebox_probability": 0.0, "match": "Unknown" }, "geometry": { "type": "Point", "coordinates": [ 8.777929091160773, 47.202800383452782 ] } },
{ "type": "Feature", "properties": { "timestamp": "2026-05-02T12:01:34.999Z", "latitude": 47.202807745709926, "longitude": 8.7779243524520663, "BELAGSART": 100, "surface_classification_asphalt": 0.37, "surface_classification_compacted": 0.0, "surface_classification_paving": 0.3, "surface_classification_sett": 0.0, "surface_classification_standing": 0.33, "surface_swisstopo": "paved", "surface_sensebox": "unknown", "surface_sensebox_probability": 0.37, "match": "Unknown" }, "geometry": { "type": "Point", "coordinates": [ 8.777924361125828, 47.202807755747003 ] } },
{ "type": "Feature", "properties": { "timestamp": "2026-05-02T12:01:35.999Z", "latitude": 47.202815714719279, "longitude": 8.7779270919580821, "BELAGSART": 100, "surface_classification_asphalt": null, "surface_classification_compacted": null, "surface_classification_paving": null, "surface_classification_sett": null, "surface_classification_standing": null, "surface_swisstopo": "paved", "surface_sensebox": "unknown", "surface_sensebox_probability": 0.0, "match": "Unknown" }, "geometry": { "type": "Point", "coordinates": [ 8.777927100631844, 47.202815724756334 ] } },
{ "type": "Feature", "properties": { "timestamp": "2026-05-02T12:01:36.999Z", "latitude": 47.202800013882261, "longitude": 8.7779209852227726, "BELAGSART": 100, "surface_classification_asphalt": null, "surface_classification_compacted": null, "surface_classification_paving": null, "surface_classification_sett": null, "surface_classification_standing": null, "surface_swisstopo": "paved", "surface_sensebox": "unknown", "surface_sensebox_probability": 0.0, "match": "Unknown" }, "geometry": { "type": "Point", "coordinates": [ 8.777920993896535, 47.202800023919352 ] } },
{ "type": "Feature", "properties": { "timestamp": "2026-05-02T12:01:37.999Z", "latitude": 47.202783274828029, "longitude": 8.7778972983715118, "BELAGSART": 100, "surface_classification_asphalt": 0.78, "surface_classification_compacted": 0.0, "surface_classification_paving": 0.11, "surface_classification_sett": 0.0, "surface_classification_standing": 0.12, "surface_swisstopo": "paved", "surface_sensebox": "paved", "surface_sensebox_probability": 0.78, "match": "True" }, "geometry": { "type": "Point", "coordinates": [ 8.777897307045254, 47.202783284865113 ] } },
{ "type": "Feature", "properties": { "timestamp": "2026-05-02T12:01:38.999Z", "latitude": 47.20279430185267, "longitude": 8.7778963047016045, "BELAGSART": 100, "surface_classification_asphalt": null, "surface_classification_compacted": null, "surface_classification_paving": null, "surface_classification_sett": null, "surface_classification_standing": null, "surface_swisstopo": "paved", "surface_sensebox": "unknown", "surface_sensebox_probability": 0.0, "match": "Unknown" }, "geometry": { "type": "Point", "coordinates": [ 8.777896313375342, 47.20279431188974 ] } },
{ "type": "Feature", "properties": { "timestamp": "2026-05-02T12:01:39.999Z", "latitude": 47.202791511890034, "longitude": 8.7778723157258014, "BELAGSART": 100, "surface_classification_asphalt": null, "surface_classification_compacted": null, "surface_classification_paving": null, "surface_classification_sett": null, "surface_classification_standing": null, "surface_swisstopo": "paved", "surface_sensebox": "unknown", "surface_sensebox_probability": 0.0, "match": "Unknown" }, "geometry": { "type": "Point", "coordinates": [ 8.777872324399521, 47.202791521927139 ] } },
{ "type": "Feature", "properties": { "timestamp": "2026-05-02T12:01:40.999Z", "latitude": 47.202800876176362, "longitude": 8.7778591339369232, "BELAGSART": 100, "surface_classification_asphalt": 0.8, "surface_classification_compacted": 0.1, "surface_classification_paving": 0.1, "surface_classification_sett": 0.0, "surface_classification_standing": 0.01, "surface_swisstopo": "paved", "surface_sensebox": "paved", "surface_sensebox_probability": 0.8, "match": "True" }, "geometry": { "type": "Point", "coordinates": [ 8.77785914261062, 47.202800886213474 ] } },
{ "type": "Feature", "properties": { "timestamp": "2026-05-02T12:01:41.999Z", "latitude": 47.202793638930054, "longitude": 8.7778232675154371, "BELAGSART": 100, "surface_classification_asphalt": null, "surface_classification_compacted": null, "surface_classification_paving": null, "surface_classification_sett": null, "surface_classification_standing": null, "surface_swisstopo": "paved", "surface_sensebox": "unknown", "surface_sensebox_probability": 0.0, "match": "Unknown" }, "geometry": { "type": "Point", "coordinates": [ 8.77782327618911, 47.202793648967166 ] } },
{ "type": "Feature", "properties": { "timestamp": "2026-05-02T12:01:42.999Z", "latitude": 47.202802668733923, "longitude": 8.7777884120599232, "BELAGSART": 100, "surface_classification_asphalt": null, "surface_classification_compacted": null, "surface_classification_paving": null, "surface_classification_sett": null, "surface_classification_standing": null, "surface_swisstopo": "paved", "surface_sensebox": "unknown", "surface_sensebox_probability": 0.0, "match": "Unknown" }, "geometry": { "type": "Point", "coordinates": [ 8.777788420733557, 47.202802678771071 ] } },
{ "type": "Feature", "properties": { "timestamp": "2026-05-02T12:01:43.999Z", "latitude": 47.202807910571686, "longitude": 8.7777455271101879, "BELAGSART": 100, "surface_classification_asphalt": 0.91, "surface_classification_compacted": 0.03, "surface_classification_paving": 0.05, "surface_classification_sett": 0.01, "surface_classification_standing": 0.01, "surface_swisstopo": "paved", "surface_sensebox": "paved", "surface_sensebox_probability": 0.91, "match": "True" }, "geometry": { "type": "Point", "coordinates": [ 8.777745535783781, 47.202807920608848 ] } },
{ "type": "Feature", "properties": { "timestamp": "2026-05-02T12:01:44.999Z", "latitude": 47.202822352158911, "longitude": 8.7777107154009393, "BELAGSART": 100, "surface_classification_asphalt": null, "surface_classification_compacted": null, "surface_classification_paving": null, "surface_classification_sett": null, "surface_classification_standing": null, "surface_swisstopo": "paved", "surface_sensebox": "unknown", "surface_sensebox_probability": 0.0, "match": "Unknown" }, "geometry": { "type": "Point", "coordinates": [ 8.777710724074492, 47.202822362196017 ] } },
{ "type": "Feature", "properties": { "timestamp": "2026-05-02T12:01:46.998Z", "latitude": 47.202856276534341, "longitude": 8.7776561752969915, "BELAGSART": 100, "surface_classification_asphalt": 0.45, "surface_classification_compacted": 0.01, "surface_classification_paving": 0.05, "surface_classification_sett": 0.5, "surface_classification_standing": 0.0, "surface_swisstopo": "paved", "surface_sensebox": "unknown", "surface_sensebox_probability": 0.5, "match": "Unknown" }, "geometry": { "type": "Point", "coordinates": [ 8.777656183970478, 47.202856286571489 ] } },
{ "type": "Feature", "properties": { "timestamp": "2026-05-02T12:01:47.998Z", "latitude": 47.202843001966286, "longitude": 8.777631561335749, "BELAGSART": 100, "surface_classification_asphalt": null, "surface_classification_compacted": null, "surface_classification_paving": null, "surface_classification_sett": null, "surface_classification_standing": null, "surface_swisstopo": "paved", "surface_sensebox": "unknown", "surface_sensebox_probability": 0.0, "match": "Unknown" }, "geometry": { "type": "Point", "coordinates": [ 8.777631570009218, 47.202843012003427 ] } },
{ "type": "Feature", "properties": { "timestamp": "2026-05-02T12:01:48.998Z", "latitude": 47.202843148293717, "longitude": 8.7775858504829802, "BELAGSART": 100, "surface_classification_asphalt": 0.81, "surface_classification_compacted": 0.11, "surface_classification_paving": 0.05, "surface_classification_sett": 0.02, "surface_classification_standing": 0.01, "surface_swisstopo": "paved", "surface_sensebox": "paved", "surface_sensebox_probability": 0.81, "match": "True" }, "geometry": { "type": "Point", "coordinates": [ 8.777585859156403, 47.202843158330893 ] } },
{ "type": "Feature", "properties": { "timestamp": "2026-05-02T12:01:49.998Z", "latitude": 47.202833738187998, "longitude": 8.7775677320319776, "BELAGSART": 100, "surface_classification_asphalt": null, "surface_classification_compacted": null, "surface_classification_paving": null, "surface_classification_sett": null, "surface_classification_standing": null, "surface_swisstopo": "paved", "surface_sensebox": "unknown", "surface_sensebox_probability": 0.0, "match": "Unknown" }, "geometry": { "type": "Point", "coordinates": [ 8.777567740705392, 47.202833748225181 ] } },
{ "type": "Feature", "properties": { "timestamp": "2026-05-02T12:01:50.998Z", "latitude": 47.202832585018363, "longitude": 8.7775060078156564, "BELAGSART": 100, "surface_classification_asphalt": null, "surface_classification_compacted": null, "surface_classification_paving": null, "surface_classification_sett": null, "surface_classification_standing": null, "surface_swisstopo": "paved", "surface_sensebox": "unknown", "surface_sensebox_probability": 0.0, "match": "Unknown" }, "geometry": { "type": "Point", "coordinates": [ 8.777506016489012, 47.202832595055561 ] } },
{ "type": "Feature", "properties": { "timestamp": "2026-05-02T12:01:51.998Z", "latitude": 47.202835977907171, "longitude": 8.7774685495235047, "BELAGSART": 100, "surface_classification_asphalt": 0.57, "surface_classification_compacted": 0.26, "surface_classification_paving": 0.17, "surface_classification_sett": 0.0, "surface_classification_standing": 0.0, "surface_swisstopo": "paved", "surface_sensebox": "paved", "surface_sensebox_probability": 0.57, "match": "True" }, "geometry": { "type": "Point", "coordinates": [ 8.777468558196819, 47.20283598794439 ] } },
{ "type": "Feature", "properties": { "timestamp": "2026-05-02T12:01:52.998Z", "latitude": 47.202836755388802, "longitude": 8.7774097999843317, "BELAGSART": 100, "surface_classification_asphalt": null, "surface_classification_compacted": null, "surface_classification_paving": null, "surface_classification_sett": null, "surface_classification_standing": null, "surface_swisstopo": "paved", "surface_sensebox": "unknown", "surface_sensebox_probability": 0.0, "match": "Unknown" }, "geometry": { "type": "Point", "coordinates": [ 8.777409808657591, 47.202836765426049 ] } },
{ "type": "Feature", "properties": { "timestamp": "2026-05-02T12:01:53.998Z", "latitude": 47.202841370275451, "longitude": 8.7773709149729857, "BELAGSART": 100, "surface_classification_asphalt": null, "surface_classification_compacted": null, "surface_classification_paving": null, "surface_classification_sett": null, "surface_classification_standing": null, "surface_swisstopo": "paved", "surface_sensebox": "unknown", "surface_sensebox_probability": 0.0, "match": "Unknown" }, "geometry": { "type": "Point", "coordinates": [ 8.777370923646201, 47.20284138031267 ] } },
{ "type": "Feature", "properties": { "timestamp": "2026-05-02T12:01:54.998Z", "latitude": 47.202839923812206, "longitude": 8.777318056552426, "BELAGSART": 100, "surface_classification_asphalt": 0.8, "surface_classification_compacted": 0.08, "surface_classification_paving": 0.11, "surface_classification_sett": 0.0, "surface_classification_standing": 0.0, "surface_swisstopo": "paved", "surface_sensebox": "paved", "surface_sensebox_probability": 0.8, "match": "True" }, "geometry": { "type": "Point", "coordinates": [ 8.777318065225593, 47.202839933849489 ] } },
{ "type": "Feature", "properties": { "timestamp": "2026-05-02T12:01:55.998Z", "latitude": 47.202854047005609, "longitude": 8.7772468441406453, "BELAGSART": 100, "surface_classification_asphalt": null, "surface_classification_compacted": null, "surface_classification_paving": null, "surface_classification_sett": null, "surface_classification_standing": null, "surface_swisstopo": "paved", "surface_sensebox": "unknown", "surface_sensebox_probability": 0.0, "match": "Unknown" }, "geometry": { "type": "Point", "coordinates": [ 8.777246852813743, 47.202854057042913 ] } },
{ "type": "Feature", "properties": { "timestamp": "2026-05-02T12:01:56.998Z", "latitude": 47.202862872255132, "longitude": 8.7771794885605541, "BELAGSART": 100, "surface_classification_asphalt": null, "surface_classification_compacted": null, "surface_classification_paving": null, "surface_classification_sett": null, "surface_classification_standing": null, "surface_swisstopo": "paved", "surface_sensebox": "unknown", "surface_sensebox_probability": 0.0, "match": "Unknown" }, "geometry": { "type": "Point", "coordinates": [ 8.777179497233588, 47.20286288229245 ] } },
{ "type": "Feature", "properties": { "timestamp": "2026-05-02T12:01:57.998Z", "latitude": 47.202845196520414, "longitude": 8.7771216466445452, "BELAGSART": 100, "surface_classification_asphalt": 0.67, "surface_classification_compacted": 0.13, "surface_classification_paving": 0.18, "surface_classification_sett": 0.01, "surface_classification_standing": 0.02, "surface_swisstopo": "paved", "surface_sensebox": "paved", "surface_sensebox_probability": 0.67, "match": "True" }, "geometry": { "type": "Point", "coordinates": [ 8.777121655317529, 47.202845206557747 ] } },
{ "type": "Feature", "properties": { "timestamp": "2026-05-02T12:01:58.998Z", "latitude": 47.202837288705268, "longitude": 8.7770501155963316, "BELAGSART": 100, "surface_classification_asphalt": null, "surface_classification_compacted": null, "surface_classification_paving": null, "surface_classification_sett": null, "surface_classification_standing": null, "surface_swisstopo": "paved", "surface_sensebox": "unknown", "surface_sensebox_probability": 0.0, "match": "Unknown" }, "geometry": { "type": "Point", "coordinates": [ 8.777050124269241, 47.20283729874258 ] } },
{ "type": "Feature", "properties": { "timestamp": "2026-05-02T12:01:59.998Z", "latitude": 47.20283446695062, "longitude": 8.77697875972631, "BELAGSART": 100, "surface_classification_asphalt": null, "surface_classification_compacted": null, "surface_classification_paving": null, "surface_classification_sett": null, "surface_classification_standing": null, "surface_swisstopo": "paved", "surface_sensebox": "unknown", "surface_sensebox_probability": 0.0, "match": "Unknown" }, "geometry": { "type": "Point", "coordinates": [ 8.776978768399157, 47.202834476988009 ] } },
{ "type": "Feature", "properties": { "timestamp": "2026-05-02T12:02:00.998Z", "latitude": 47.202842000152479, "longitude": 8.7769110637890204, "BELAGSART": 100, "surface_classification_asphalt": 0.35, "surface_classification_compacted": 0.55, "surface_classification_paving": 0.1, "surface_classification_sett": 0.0, "surface_classification_standing": 0.0, "surface_swisstopo": "paved", "surface_sensebox": "nature", "surface_sensebox_probability": 0.55, "match": "False" }, "geometry": { "type": "Point", "coordinates": [ 8.776911072461802, 47.202842010189897 ] } },
{ "type": "Feature", "properties": { "timestamp": "2026-05-02T12:02:01.998Z", "latitude": 47.202846536815997, "longitude": 8.7768433962941579, "BELAGSART": 100, "surface_classification_asphalt": null, "surface_classification_compacted": null, "surface_classification_paving": null, "surface_classification_sett": null, "surface_classification_standing": null, "surface_swisstopo": "paved", "surface_sensebox": "unknown", "surface_sensebox_probability": 0.0, "match": "Unknown" }, "geometry": { "type": "Point", "coordinates": [ 8.776843404966872, 47.202846546853408 ] } },
{ "type": "Feature", "properties": { "timestamp": "2026-05-02T12:02:02.998Z", "latitude": 47.20284942325214, "longitude": 8.7767800639984372, "BELAGSART": 100, "surface_classification_asphalt": null, "surface_classification_compacted": null, "surface_classification_paving": null, "surface_classification_sett": null, "surface_classification_standing": null, "surface_swisstopo": "paved", "surface_sensebox": "unknown", "surface_sensebox_probability": 0.0, "match": "Unknown" }, "geometry": { "type": "Point", "coordinates": [ 8.776780072671087, 47.202849433289565 ] } },
{ "type": "Feature", "properties": { "timestamp": "2026-05-02T12:02:03.998Z", "latitude": 47.202865898727069, "longitude": 8.7767161883460165, "BELAGSART": 100, "surface_classification_asphalt": 0.85, "surface_classification_compacted": 0.01, "surface_classification_paving": 0.11, "surface_classification_sett": 0.0, "surface_classification_standing": 0.03, "surface_swisstopo": "paved", "surface_sensebox": "paved", "surface_sensebox_probability": 0.85, "match": "True" }, "geometry": { "type": "Point", "coordinates": [ 8.776716197018597, 47.202865908764522 ] } },
{ "type": "Feature", "properties": { "timestamp": "2026-05-02T12:02:04.998Z", "latitude": 47.202870359512893, "longitude": 8.7766465642632578, "BELAGSART": 100, "surface_classification_asphalt": null, "surface_classification_compacted": null, "surface_classification_paving": null, "surface_classification_sett": null, "surface_classification_standing": null, "surface_swisstopo": "paved", "surface_sensebox": "unknown", "surface_sensebox_probability": 0.0, "match": "Unknown" }, "geometry": { "type": "Point", "coordinates": [ 8.776646572935771, 47.202870369550368 ] } },
{ "type": "Feature", "properties": { "timestamp": "2026-05-02T12:02:05.998Z", "latitude": 47.202874140981528, "longitude": 8.7765916967473032, "BELAGSART": 100, "surface_classification_asphalt": 0.72, "surface_classification_compacted": 0.0, "surface_classification_paving": 0.11, "surface_classification_sett": 0.0, "surface_classification_standing": 0.17, "surface_swisstopo": "paved", "surface_sensebox": "paved", "surface_sensebox_probability": 0.72, "match": "True" }, "geometry": { "type": "Point", "coordinates": [ 8.776591705419762, 47.202874151019024 ] } },
{ "type": "Feature", "properties": { "timestamp": "2026-05-02T12:02:06.998Z", "latitude": 47.202870502041222, "longitude": 8.7765330570613962, "BELAGSART": 100, "surface_classification_asphalt": null, "surface_classification_compacted": null, "surface_classification_paving": null, "surface_classification_sett": null, "surface_classification_standing": null, "surface_swisstopo": "paved", "surface_sensebox": "unknown", "surface_sensebox_probability": 0.0, "match": "Unknown" }, "geometry": { "type": "Point", "coordinates": [ 8.776533065733803, 47.202870512078725 ] } },
{ "type": "Feature", "properties": { "timestamp": "2026-05-02T12:02:07.998Z", "latitude": 47.202881419544376, "longitude": 8.7764843894558293, "BELAGSART": 100, "surface_classification_asphalt": null, "surface_classification_compacted": null, "surface_classification_paving": null, "surface_classification_sett": null, "surface_classification_standing": null, "surface_swisstopo": "paved", "surface_sensebox": "unknown", "surface_sensebox_probability": 0.0, "match": "Unknown" }, "geometry": { "type": "Point", "coordinates": [ 8.776484398128185, 47.2028814295819 ] } },
{ "type": "Feature", "properties": { "timestamp": "2026-05-02T12:02:08.998Z", "latitude": 47.202884817888574, "longitude": 8.7764377082177116, "BELAGSART": 100, "surface_classification_asphalt": 0.68, "surface_classification_compacted": 0.05, "surface_classification_paving": 0.22, "surface_classification_sett": 0.0, "surface_classification_standing": 0.04, "surface_swisstopo": "paved", "surface_sensebox": "paved", "surface_sensebox_probability": 0.68, "match": "True" }, "geometry": { "type": "Point", "coordinates": [ 8.776437716890021, 47.202884827926113 ] } },
{ "type": "Feature", "properties": { "timestamp": "2026-05-02T12:02:09.998Z", "latitude": 47.202881335160541, "longitude": 8.7763860505647244, "BELAGSART": 100, "surface_classification_asphalt": null, "surface_classification_compacted": null, "surface_classification_paving": null, "surface_classification_sett": null, "surface_classification_standing": null, "surface_swisstopo": "paved", "surface_sensebox": "unknown", "surface_sensebox_probability": 0.0, "match": "Unknown" }, "geometry": { "type": "Point", "coordinates": [ 8.776386059236984, 47.202881345198108 ] } },
{ "type": "Feature", "properties": { "timestamp": "2026-05-02T12:02:10.998Z", "latitude": 47.20287983779339, "longitude": 8.7763393122478703, "BELAGSART": 100, "surface_classification_asphalt": null, "surface_classification_compacted": null, "surface_classification_paving": null, "surface_classification_sett": null, "surface_classification_standing": null, "surface_swisstopo": "paved", "surface_sensebox": "unknown", "surface_sensebox_probability": 0.0, "match": "Unknown" }, "geometry": { "type": "Point", "coordinates": [ 8.776339320920089, 47.202879847830935 ] } },
{ "type": "Feature", "properties": { "timestamp": "2026-05-02T12:02:11.998Z", "latitude": 47.202888741027358, "longitude": 8.776282172971051, "BELAGSART": 100, "surface_classification_asphalt": 0.37, "surface_classification_compacted": 0.03, "surface_classification_paving": 0.58, "surface_classification_sett": 0.0, "surface_classification_standing": 0.02, "surface_swisstopo": "paved", "surface_sensebox": "paved", "surface_sensebox_probability": 0.58, "match": "True" }, "geometry": { "type": "Point", "coordinates": [ 8.776282181643213, 47.202888751064961 ] } },
{ "type": "Feature", "properties": { "timestamp": "2026-05-02T12:02:12.998Z", "latitude": 47.202891713701483, "longitude": 8.7762260553125788, "BELAGSART": 100, "surface_classification_asphalt": null, "surface_classification_compacted": null, "surface_classification_paving": null, "surface_classification_sett": null, "surface_classification_standing": null, "surface_swisstopo": "paved", "surface_sensebox": "unknown", "surface_sensebox_probability": 0.0, "match": "Unknown" }, "geometry": { "type": "Point", "coordinates": [ 8.776226063984684, 47.202891723739114 ] } },
{ "type": "Feature", "properties": { "timestamp": "2026-05-02T12:02:13.998Z", "latitude": 47.202870558711069, "longitude": 8.7761665140941663, "BELAGSART": 100, "surface_classification_asphalt": null, "surface_classification_compacted": null, "surface_classification_paving": null, "surface_classification_sett": null, "surface_classification_standing": null, "surface_swisstopo": "paved", "surface_sensebox": "unknown", "surface_sensebox_probability": 0.0, "match": "Unknown" }, "geometry": { "type": "Point", "coordinates": [ 8.776166522766218, 47.202870568748715 ] } },
{ "type": "Feature", "properties": { "timestamp": "2026-05-02T12:02:14.998Z", "latitude": 47.202875505225791, "longitude": 8.776103380159272, "BELAGSART": 100, "surface_classification_asphalt": 0.67, "surface_classification_compacted": 0.0, "surface_classification_paving": 0.31, "surface_classification_sett": 0.0, "surface_classification_standing": 0.01, "surface_swisstopo": "paved", "surface_sensebox": "paved", "surface_sensebox_probability": 0.67, "match": "True" }, "geometry": { "type": "Point", "coordinates": [ 8.776103388831267, 47.202875515263436 ] } },
{ "type": "Feature", "properties": { "timestamp": "2026-05-02T12:02:15.998Z", "latitude": 47.2028713092404, "longitude": 8.7760461123001079, "BELAGSART": 100, "surface_classification_asphalt": null, "surface_classification_compacted": null, "surface_classification_paving": null, "surface_classification_sett": null, "surface_classification_standing": null, "surface_swisstopo": "paved", "surface_sensebox": "unknown", "surface_sensebox_probability": 0.0, "match": "Unknown" }, "geometry": { "type": "Point", "coordinates": [ 8.776046120972049, 47.202871319278081 ] } },
{ "type": "Feature", "properties": { "timestamp": "2026-05-02T12:02:16.998Z", "latitude": 47.202872202002411, "longitude": 8.7759801473159307, "BELAGSART": 100, "surface_classification_asphalt": null, "surface_classification_compacted": null, "surface_classification_paving": null, "surface_classification_sett": null, "surface_classification_standing": null, "surface_swisstopo": "paved", "surface_sensebox": "unknown", "surface_sensebox_probability": 0.0, "match": "Unknown" }, "geometry": { "type": "Point", "coordinates": [ 8.775980155987803, 47.202872212040084 ] } },
{ "type": "Feature", "properties": { "timestamp": "2026-05-02T12:02:17.998Z", "latitude": 47.202878692335261, "longitude": 8.7759272218187654, "BELAGSART": 100, "surface_classification_asphalt": 0.11, "surface_classification_compacted": 0.84, "surface_classification_paving": 0.04, "surface_classification_sett": 0.01, "surface_classification_standing": 0.0, "surface_swisstopo": "paved", "surface_sensebox": "nature", "surface_sensebox_probability": 0.84, "match": "False" }, "geometry": { "type": "Point", "coordinates": [ 8.775927230490588, 47.202878702372956 ] } },
{ "type": "Feature", "properties": { "timestamp": "2026-05-02T12:02:18.998Z", "latitude": 47.202882141999531, "longitude": 8.7758807862560904, "BELAGSART": 100, "surface_classification_asphalt": null, "surface_classification_compacted": null, "surface_classification_paving": null, "surface_classification_sett": null, "surface_classification_standing": null, "surface_swisstopo": "paved", "surface_sensebox": "unknown", "surface_sensebox_probability": 0.0, "match": "Unknown" }, "geometry": { "type": "Point", "coordinates": [ 8.775880794927867, 47.202882152037219 ] } },
{ "type": "Feature", "properties": { "timestamp": "2026-05-02T12:02:19.998Z", "latitude": 47.202909569307913, "longitude": 8.7758433851924842, "BELAGSART": 100, "surface_classification_asphalt": null, "surface_classification_compacted": null, "surface_classification_paving": null, "surface_classification_sett": null, "surface_classification_standing": null, "surface_swisstopo": "paved", "surface_sensebox": "unknown", "surface_sensebox_probability": 0.0, "match": "Unknown" }, "geometry": { "type": "Point", "coordinates": [ 8.775843393864214, 47.202909579345636 ] } },
{ "type": "Feature", "properties": { "timestamp": "2026-05-02T12:02:20.998Z", "latitude": 47.202904951654148, "longitude": 8.7758252318359293, "BELAGSART": 100, "surface_classification_asphalt": 0.47, "surface_classification_compacted": 0.09, "surface_classification_paving": 0.43, "surface_classification_sett": 0.01, "surface_classification_standing": 0.01, "surface_swisstopo": "paved", "surface_sensebox": "unknown", "surface_sensebox_probability": 0.47, "match": "Unknown" }, "geometry": { "type": "Point", "coordinates": [ 8.775825240507643, 47.202904961691878 ] } },
{ "type": "Feature", "properties": { "timestamp": "2026-05-02T12:02:21.998Z", "latitude": 47.20288545116756, "longitude": 8.7758028532396253, "BELAGSART": 100, "surface_classification_asphalt": null, "surface_classification_compacted": null, "surface_classification_paving": null, "surface_classification_sett": null, "surface_classification_standing": null, "surface_swisstopo": "paved", "surface_sensebox": "unknown", "surface_sensebox_probability": 0.0, "match": "Unknown" }, "geometry": { "type": "Point", "coordinates": [ 8.775802861911323, 47.202885461205298 ] } },
{ "type": "Feature", "properties": { "timestamp": "2026-05-02T12:02:21.998Z", "latitude": 47.20288545116756, "longitude": 8.7758028532396253, "BELAGSART": 100, "surface_classification_asphalt": null, "surface_classification_compacted": null, "surface_classification_paving": null, "surface_classification_sett": null, "surface_classification_standing": null, "surface_swisstopo": "paved", "surface_sensebox": "unknown", "surface_sensebox_probability": 0.0, "match": "Unknown" }, "geometry": { "type": "Point", "coordinates": [ 8.775802861911323, 47.202885461205298 ] } },
{ "type": "Feature", "properties": { "timestamp": "2026-05-02T12:02:22.998Z", "latitude": 47.202884918406149, "longitude": 8.7757899843927216, "BELAGSART": 100, "surface_classification_asphalt": 0.79, "surface_classification_compacted": 0.07, "surface_classification_paving": 0.13, "surface_classification_sett": 0.0, "surface_classification_standing": 0.0, "surface_swisstopo": "paved", "surface_sensebox": "paved", "surface_sensebox_probability": 0.79, "match": "True" }, "geometry": { "type": "Point", "coordinates": [ 8.775789993064414, 47.202884928443851 ] } },
{ "type": "Feature", "properties": { "timestamp": "2026-05-02T12:02:22.998Z", "latitude": 47.202884918406149, "longitude": 8.7757899843927216, "BELAGSART": 100, "surface_classification_asphalt": 0.79, "surface_classification_compacted": 0.07, "surface_classification_paving": 0.13, "surface_classification_sett": 0.0, "surface_classification_standing": 0.0, "surface_swisstopo": "paved", "surface_sensebox": "paved", "surface_sensebox_probability": 0.79, "match": "True" }, "geometry": { "type": "Point", "coordinates": [ 8.775789993064414, 47.202884928443851 ] } },
{ "type": "Feature", "properties": { "timestamp": "2026-05-02T12:02:23.998Z", "latitude": 47.202906122418455, "longitude": 8.7757937716901164, "BELAGSART": 100, "surface_classification_asphalt": null, "surface_classification_compacted": null, "surface_classification_paving": null, "surface_classification_sett": null, "surface_classification_standing": null, "surface_swisstopo": "paved", "surface_sensebox": "unknown", "surface_sensebox_probability": 0.0, "match": "Unknown" }, "geometry": { "type": "Point", "coordinates": [ 8.775793780361804, 47.202906132456235 ] } },
{ "type": "Feature", "properties": { "timestamp": "2026-05-02T12:02:23.998Z", "latitude": 47.202906122418455, "longitude": 8.7757937716901164, "BELAGSART": 100, "surface_classification_asphalt": null, "surface_classification_compacted": null, "surface_classification_paving": null, "surface_classification_sett": null, "surface_classification_standing": null, "surface_swisstopo": "paved", "surface_sensebox": "unknown", "surface_sensebox_probability": 0.0, "match": "Unknown" }, "geometry": { "type": "Point", "coordinates": [ 8.775793780361804, 47.202906132456235 ] } },
{ "type": "Feature", "properties": { "timestamp": "2026-05-02T12:02:24.998Z", "latitude": 47.202938009633755, "longitude": 8.7757869406024707, "BELAGSART": 100, "surface_classification_asphalt": null, "surface_classification_compacted": null, "surface_classification_paving": null, "surface_classification_sett": null, "surface_classification_standing": null, "surface_swisstopo": "paved", "surface_sensebox": "unknown", "surface_sensebox_probability": 0.0, "match": "Unknown" }, "geometry": { "type": "Point", "coordinates": [ 8.775786949274137, 47.202938019671514 ] } },
{ "type": "Feature", "properties": { "timestamp": "2026-05-02T12:02:25.998Z", "latitude": 47.202990303597595, "longitude": 8.7757703176871864, "BELAGSART": 100, "surface_classification_asphalt": 0.24, "surface_classification_compacted": 0.66, "surface_classification_paving": 0.1, "surface_classification_sett": 0.0, "surface_classification_standing": 0.0, "surface_swisstopo": "paved", "surface_sensebox": "nature", "surface_sensebox_probability": 0.66, "match": "False" }, "geometry": { "type": "Point", "coordinates": [ 8.775770326358822, 47.202990313635382 ] } },
{ "type": "Feature", "properties": { "timestamp": "2026-05-02T12:02:26.998Z", "latitude": 47.203030059325037, "longitude": 8.775742589126553, "BELAGSART": 100, "surface_classification_asphalt": null, "surface_classification_compacted": null, "surface_classification_paving": null, "surface_classification_sett": null, "surface_classification_standing": null, "surface_swisstopo": "paved", "surface_sensebox": "unknown", "surface_sensebox_probability": 0.0, "match": "Unknown" }, "geometry": { "type": "Point", "coordinates": [ 8.775742597798152, 47.203030069362846 ] } },
{ "type": "Feature", "properties": { "timestamp": "2026-05-02T12:02:27.998Z", "latitude": 47.203051848326048, "longitude": 8.7757322821574899, "BELAGSART": 100, "surface_classification_asphalt": null, "surface_classification_compacted": null, "surface_classification_paving": null, "surface_classification_sett": null, "surface_classification_standing": null, "surface_swisstopo": "paved", "surface_sensebox": "unknown", "surface_sensebox_probability": 0.0, "match": "Unknown" }, "geometry": { "type": "Point", "coordinates": [ 8.775732290829071, 47.203051858363828 ] } },
{ "type": "Feature", "properties": { "timestamp": "2026-05-02T12:02:28.998Z", "latitude": 47.20307308797743, "longitude": 8.7757250121157249, "BELAGSART": 100, "surface_classification_asphalt": 0.08, "surface_classification_compacted": 0.33, "surface_classification_paving": 0.58, "surface_classification_sett": 0.0, "surface_classification_standing": 0.0, "surface_swisstopo": "paved", "surface_sensebox": "paved", "surface_sensebox_probability": 0.58, "match": "True" }, "geometry": { "type": "Point", "coordinates": [ 8.775725020787297, 47.203073098015246 ] } },
{ "type": "Feature", "properties": { "timestamp": "2026-05-02T12:02:29.998Z", "latitude": 47.20308015155365, "longitude": 8.7757214029976911, "BELAGSART": 100, "surface_classification_asphalt": null, "surface_classification_compacted": null, "surface_classification_paving": null, "surface_classification_sett": null, "surface_classification_standing": null, "surface_swisstopo": "paved", "surface_sensebox": "unknown", "surface_sensebox_probability": 0.0, "match": "Unknown" }, "geometry": { "type": "Point", "coordinates": [ 8.775721411669254, 47.203080161591465 ] } },
{ "type": "Feature", "properties": { "timestamp": "2026-05-02T12:02:31.997Z", "latitude": 47.20307120434007, "longitude": 8.7757143476068418, "BELAGSART": 100, "surface_classification_asphalt": 0.83, "surface_classification_compacted": 0.04, "surface_classification_paving": 0.13, "surface_classification_sett": 0.0, "surface_classification_standing": 0.01, "surface_swisstopo": "paved", "surface_sensebox": "paved", "surface_sensebox_probability": 0.83, "match": "True" }, "geometry": { "type": "Point", "coordinates": [ 8.775714356278399, 47.203071214377921 ] } },
{ "type": "Feature", "properties": { "timestamp": "2026-05-02T12:02:32.997Z", "latitude": 47.203066801584853, "longitude": 8.775712838110282, "BELAGSART": 100, "surface_classification_asphalt": null, "surface_classification_compacted": null, "surface_classification_paving": null, "surface_classification_sett": null, "surface_classification_standing": null, "surface_swisstopo": "paved", "surface_sensebox": "unknown", "surface_sensebox_probability": 0.0, "match": "Unknown" }, "geometry": { "type": "Point", "coordinates": [ 8.775712846781838, 47.203066811622676 ] } },
{ "type": "Feature", "properties": { "timestamp": "2026-05-02T12:02:33.997Z", "latitude": 47.203055272838704, "longitude": 8.7757068294196863, "BELAGSART": 100, "surface_classification_asphalt": null, "surface_classification_compacted": null, "surface_classification_paving": null, "surface_classification_sett": null, "surface_classification_standing": null, "surface_swisstopo": "paved", "surface_sensebox": "unknown", "surface_sensebox_probability": 0.0, "match": "Unknown" }, "geometry": { "type": "Point", "coordinates": [ 8.775706838091242, 47.203055282876555 ] } },
{ "type": "Feature", "properties": { "timestamp": "2026-05-02T12:02:34.997Z", "latitude": 47.203043346568805, "longitude": 8.7757092623286823, "BELAGSART": 100, "surface_classification_asphalt": 0.69, "surface_classification_compacted": 0.02, "surface_classification_paving": 0.28, "surface_classification_sett": 0.0, "surface_classification_standing": 0.01, "surface_swisstopo": "paved", "surface_sensebox": "paved", "surface_sensebox_probability": 0.69, "match": "True" }, "geometry": { "type": "Point", "coordinates": [ 8.775709271000245, 47.203043356606635 ] } },
{ "type": "Feature", "properties": { "timestamp": "2026-05-02T12:02:35.997Z", "latitude": 47.20302512987395, "longitude": 8.7757038631369557, "BELAGSART": 100, "surface_classification_asphalt": null, "surface_classification_compacted": null, "surface_classification_paving": null, "surface_classification_sett": null, "surface_classification_standing": null, "surface_swisstopo": "paved", "surface_sensebox": "unknown", "surface_sensebox_probability": 0.0, "match": "Unknown" }, "geometry": { "type": "Point", "coordinates": [ 8.775703871808515, 47.203025139911801 ] } },
{ "type": "Feature", "properties": { "timestamp": "2026-05-02T12:02:36.997Z", "latitude": 47.203003531417259, "longitude": 8.7756836660340376, "BELAGSART": 100, "surface_classification_asphalt": null, "surface_classification_compacted": null, "surface_classification_paving": null, "surface_classification_sett": null, "surface_classification_standing": null, "surface_swisstopo": "paved", "surface_sensebox": "unknown", "surface_sensebox_probability": 0.0, "match": "Unknown" }, "geometry": { "type": "Point", "coordinates": [ 8.775683674705585, 47.203003541455089 ] } },
{ "type": "Feature", "properties": { "timestamp": "2026-05-02T12:02:37.997Z", "latitude": 47.202998988573789, "longitude": 8.7756563402220884, "BELAGSART": 100, "surface_classification_asphalt": 0.19, "surface_classification_compacted": 0.73, "surface_classification_paving": 0.08, "surface_classification_sett": 0.01, "surface_classification_standing": 0.0, "surface_swisstopo": "paved", "surface_sensebox": "nature", "surface_sensebox_probability": 0.73, "match": "False" }, "geometry": { "type": "Point", "coordinates": [ 8.775656348893616, 47.202998998611584 ] } },
{ "type": "Feature", "properties": { "timestamp": "2026-05-02T12:02:38.997Z", "latitude": 47.203014482471147, "longitude": 8.7756326718045869, "BELAGSART": 100, "surface_classification_asphalt": null, "surface_classification_compacted": null, "surface_classification_paving": null, "surface_classification_sett": null, "surface_classification_standing": null, "surface_swisstopo": "paved", "surface_sensebox": "unknown", "surface_sensebox_probability": 0.0, "match": "Unknown" }, "geometry": { "type": "Point", "coordinates": [ 8.775632680476084, 47.203014492508984 ] } },
{ "type": "Feature", "properties": { "timestamp": "2026-05-02T12:02:39.997Z", "latitude": 47.203036701039039, "longitude": 8.7756133530810274, "BELAGSART": 100, "surface_classification_asphalt": 0.49, "surface_classification_compacted": 0.44, "surface_classification_paving": 0.04, "surface_classification_sett": 0.02, "surface_classification_standing": 0.0, "surface_swisstopo": "paved", "surface_sensebox": "unknown", "surface_sensebox_probability": 0.49, "match": "Unknown" }, "geometry": { "type": "Point", "coordinates": [ 8.7756133617525, 47.203036711076884 ] } },
{ "type": "Feature", "properties": { "timestamp": "2026-05-02T12:02:40.997Z", "latitude": 47.203063694703161, "longitude": 8.7756052895670873, "BELAGSART": 100, "surface_classification_asphalt": null, "surface_classification_compacted": null, "surface_classification_paving": null, "surface_classification_sett": null, "surface_classification_standing": null, "surface_swisstopo": "paved", "surface_sensebox": "unknown", "surface_sensebox_probability": 0.0, "match": "Unknown" }, "geometry": { "type": "Point", "coordinates": [ 8.775605298238538, 47.20306370474097 ] } },
{ "type": "Feature", "properties": { "timestamp": "2026-05-02T12:02:41.997Z", "latitude": 47.20310278600104, "longitude": 8.7756041587065177, "BELAGSART": 100, "surface_classification_asphalt": null, "surface_classification_compacted": null, "surface_classification_paving": null, "surface_classification_sett": null, "surface_classification_standing": null, "surface_swisstopo": "paved", "surface_sensebox": "unknown", "surface_sensebox_probability": 0.0, "match": "Unknown" }, "geometry": { "type": "Point", "coordinates": [ 8.77560416737796, 47.20310279603892 ] } },
{ "type": "Feature", "properties": { "timestamp": "2026-05-02T12:02:42.997Z", "latitude": 47.203137089213683, "longitude": 8.7755829281557922, "BELAGSART": 100, "surface_classification_asphalt": 0.77, "surface_classification_compacted": 0.04, "surface_classification_paving": 0.18, "surface_classification_sett": 0.01, "surface_classification_standing": 0.0, "surface_swisstopo": "paved", "surface_sensebox": "paved", "surface_sensebox_probability": 0.77, "match": "True" }, "geometry": { "type": "Point", "coordinates": [ 8.775582936827204, 47.20313709925157 ] } },
{ "type": "Feature", "properties": { "timestamp": "2026-05-02T12:02:43.997Z", "latitude": 47.203161824290049, "longitude": 8.775561526756313, "BELAGSART": 100, "surface_classification_asphalt": null, "surface_classification_compacted": null, "surface_classification_paving": null, "surface_classification_sett": null, "surface_classification_standing": null, "surface_swisstopo": "paved", "surface_sensebox": "unknown", "surface_sensebox_probability": 0.0, "match": "Unknown" }, "geometry": { "type": "Point", "coordinates": [ 8.775561535427697, 47.203161834327943 ] } },
{ "type": "Feature", "properties": { "timestamp": "2026-05-02T12:02:44.997Z", "latitude": 47.203168559329917, "longitude": 8.775514115989937, "BELAGSART": 100, "surface_classification_asphalt": null, "surface_classification_compacted": null, "surface_classification_paving": null, "surface_classification_sett": null, "surface_classification_standing": null, "surface_swisstopo": "paved", "surface_sensebox": "unknown", "surface_sensebox_probability": 0.0, "match": "Unknown" }, "geometry": { "type": "Point", "coordinates": [ 8.775514124661273, 47.203168569367811 ] } },
{ "type": "Feature", "properties": { "timestamp": "2026-05-02T12:02:45.997Z", "latitude": 47.203161255540003, "longitude": 8.7754664498052968, "BELAGSART": 100, "surface_classification_asphalt": 0.07, "surface_classification_compacted": 0.89, "surface_classification_paving": 0.02, "surface_classification_sett": 0.02, "surface_classification_standing": 0.0, "surface_swisstopo": "paved", "surface_sensebox": "nature", "surface_sensebox_probability": 0.89, "match": "False" }, "geometry": { "type": "Point", "coordinates": [ 8.77546645847659, 47.203161265577961 ] } },
{ "type": "Feature", "properties": { "timestamp": "2026-05-02T12:02:46.997Z", "latitude": 47.203162893454213, "longitude": 8.7754385277636633, "BELAGSART": 100, "surface_classification_asphalt": null, "surface_classification_compacted": null, "surface_classification_paving": null, "surface_classification_sett": null, "surface_classification_standing": null, "surface_swisstopo": "paved", "surface_sensebox": "unknown", "surface_sensebox_probability": 0.0, "match": "Unknown" }, "geometry": { "type": "Point", "coordinates": [ 8.775438536434931, 47.203162903492156 ] } },
{ "type": "Feature", "properties": { "timestamp": "2026-05-02T12:02:47.997Z", "latitude": 47.203160040320753, "longitude": 8.7754088378935879, "BELAGSART": 100, "surface_classification_asphalt": null, "surface_classification_compacted": null, "surface_classification_paving": null, "surface_classification_sett": null, "surface_classification_standing": null, "surface_swisstopo": "paved", "surface_sensebox": "unknown", "surface_sensebox_probability": 0.0, "match": "Unknown" }, "geometry": { "type": "Point", "coordinates": [ 8.775408846564822, 47.203160050358683 ] } },
{ "type": "Feature", "properties": { "timestamp": "2026-05-02T12:02:48.997Z", "latitude": 47.203170333103145, "longitude": 8.775384588448178, "BELAGSART": 100, "surface_classification_asphalt": 0.44, "surface_classification_compacted": 0.2, "surface_classification_paving": 0.35, "surface_classification_sett": 0.0, "surface_classification_standing": 0.0, "surface_swisstopo": "paved", "surface_sensebox": "unknown", "surface_sensebox_probability": 0.44, "match": "Unknown" }, "geometry": { "type": "Point", "coordinates": [ 8.775384597119389, 47.203170343141089 ] } },
{ "type": "Feature", "properties": { "timestamp": "2026-05-02T12:02:49.997Z", "latitude": 47.203177113199011, "longitude": 8.7753574313645597, "BELAGSART": 100, "surface_classification_asphalt": null, "surface_classification_compacted": null, "surface_classification_paving": null, "surface_classification_sett": null, "surface_classification_standing": null, "surface_swisstopo": "paved", "surface_sensebox": "unknown", "surface_sensebox_probability": 0.0, "match": "Unknown" }, "geometry": { "type": "Point", "coordinates": [ 8.775357440035744, 47.203177123236998 ] } },
{ "type": "Feature", "properties": { "timestamp": "2026-05-02T12:02:50.997Z", "latitude": 47.203169799414212, "longitude": 8.7753368184646909, "BELAGSART": 100, "surface_classification_asphalt": null, "surface_classification_compacted": null, "surface_classification_paving": null, "surface_classification_sett": null, "surface_classification_standing": null, "surface_swisstopo": "paved", "surface_sensebox": "unknown", "surface_sensebox_probability": 0.0, "match": "Unknown" }, "geometry": { "type": "Point", "coordinates": [ 8.775336827135856, 47.203169809452206 ] } },
{ "type": "Feature", "properties": { "timestamp": "2026-05-02T12:02:51.997Z", "latitude": 47.203170288778999, "longitude": 8.7753195612369339, "BELAGSART": 100, "surface_classification_asphalt": 0.57, "surface_classification_compacted": 0.17, "surface_classification_paving": 0.26, "surface_classification_sett": 0.0, "surface_classification_standing": 0.0, "surface_swisstopo": "paved", "surface_sensebox": "paved", "surface_sensebox_probability": 0.57, "match": "True" }, "geometry": { "type": "Point", "coordinates": [ 8.775319569908087, 47.203170298817007 ] } },
{ "type": "Feature", "properties": { "timestamp": "2026-05-02T12:02:52.997Z", "latitude": 47.203172172155824, "longitude": 8.7752956196272596, "BELAGSART": 100, "surface_classification_asphalt": null, "surface_classification_compacted": null, "surface_classification_paving": null, "surface_classification_sett": null, "surface_classification_standing": null, "surface_swisstopo": "paved", "surface_sensebox": "unknown", "surface_sensebox_probability": 0.0, "match": "Unknown" }, "geometry": { "type": "Point", "coordinates": [ 8.775295628298382, 47.203172182193811 ] } },
{ "type": "Feature", "properties": { "timestamp": "2026-05-02T12:02:53.997Z", "latitude": 47.203172043326418, "longitude": 8.7752681730696498, "BELAGSART": 100, "surface_classification_asphalt": 0.16, "surface_classification_compacted": 0.79, "surface_classification_paving": 0.05, "surface_classification_sett": 0.0, "surface_classification_standing": 0.0, "surface_swisstopo": "paved", "surface_sensebox": "nature", "surface_sensebox_probability": 0.79, "match": "False" }, "geometry": { "type": "Point", "coordinates": [ 8.775268181740746, 47.203172053364398 ] } },
{ "type": "Feature", "properties": { "timestamp": "2026-05-02T12:02:54.997Z", "latitude": 47.203179062941032, "longitude": 8.7752383413861974, "BELAGSART": 100, "surface_classification_asphalt": null, "surface_classification_compacted": null, "surface_classification_paving": null, "surface_classification_sett": null, "surface_classification_standing": null, "surface_swisstopo": "paved", "surface_sensebox": "unknown", "surface_sensebox_probability": 0.0, "match": "Unknown" }, "geometry": { "type": "Point", "coordinates": [ 8.775238350057263, 47.203179072979012 ] } },
{ "type": "Feature", "properties": { "timestamp": "2026-05-02T12:02:55.997Z", "latitude": 47.203184366548179, "longitude": 8.7752302634435271, "BELAGSART": 100, "surface_classification_asphalt": null, "surface_classification_compacted": null, "surface_classification_paving": null, "surface_classification_sett": null, "surface_classification_standing": null, "surface_swisstopo": "paved", "surface_sensebox": "unknown", "surface_sensebox_probability": 0.0, "match": "Unknown" }, "geometry": { "type": "Point", "coordinates": [ 8.775230272114586, 47.203184376586201 ] } },
{ "type": "Feature", "properties": { "timestamp": "2026-05-02T12:02:56.997Z", "latitude": 47.20318922629891, "longitude": 8.7752060675264953, "BELAGSART": 100, "surface_classification_asphalt": 0.05, "surface_classification_compacted": 0.93, "surface_classification_paving": 0.02, "surface_classification_sett": 0.01, "surface_classification_standing": 0.0, "surface_swisstopo": "paved", "surface_sensebox": "nature", "surface_sensebox_probability": 0.93, "match": "False" }, "geometry": { "type": "Point", "coordinates": [ 8.775206076197527, 47.203189236336918 ] } },
{ "type": "Feature", "properties": { "timestamp": "2026-05-02T12:02:57.997Z", "latitude": 47.203185635614368, "longitude": 8.7751912480936323, "BELAGSART": 100, "surface_classification_asphalt": null, "surface_classification_compacted": null, "surface_classification_paving": null, "surface_classification_sett": null, "surface_classification_standing": null, "surface_swisstopo": "paved", "surface_sensebox": "unknown", "surface_sensebox_probability": 0.0, "match": "Unknown" }, "geometry": { "type": "Point", "coordinates": [ 8.77519125676465, 47.203185645652454 ] } },
{ "type": "Feature", "properties": { "timestamp": "2026-05-02T12:02:58.997Z", "latitude": 47.203186170617947, "longitude": 8.7751722933486462, "BELAGSART": 100, "surface_classification_asphalt": null, "surface_classification_compacted": null, "surface_classification_paving": null, "surface_classification_sett": null, "surface_classification_standing": null, "surface_swisstopo": "paved", "surface_sensebox": "unknown", "surface_sensebox_probability": 0.0, "match": "Unknown" }, "geometry": { "type": "Point", "coordinates": [ 8.775172302019653, 47.203186180655976 ] } },
{ "type": "Feature", "properties": { "timestamp": "2026-05-02T12:02:59.997Z", "latitude": 47.203186844594093, "longitude": 8.7751546681326804, "BELAGSART": 100, "surface_classification_asphalt": 0.74, "surface_classification_compacted": 0.02, "surface_classification_paving": 0.21, "surface_classification_sett": 0.0, "surface_classification_standing": 0.02, "surface_swisstopo": "paved", "surface_sensebox": "paved", "surface_sensebox_probability": 0.74, "match": "True" }, "geometry": { "type": "Point", "coordinates": [ 8.775154676803664, 47.203186854632179 ] } },
{ "type": "Feature", "properties": { "timestamp": "2026-05-02T12:03:00.999Z", "latitude": 47.203189274117562, "longitude": 8.7751270977876974, "BELAGSART": 100, "surface_classification_asphalt": null, "surface_classification_compacted": null, "surface_classification_paving": null, "surface_classification_sett": null, "surface_classification_standing": null, "surface_swisstopo": "paved", "surface_sensebox": "unknown", "surface_sensebox_probability": 0.0, "match": "Unknown" }, "geometry": { "type": "Point", "coordinates": [ 8.775127106458656, 47.20318928415562 ] } },
{ "type": "Feature", "properties": { "timestamp": "2026-05-02T12:03:01.999Z", "latitude": 47.203190642472926, "longitude": 8.7750994466222423, "BELAGSART": 100, "surface_classification_asphalt": null, "surface_classification_compacted": null, "surface_classification_paving": null, "surface_classification_sett": null, "surface_classification_standing": null, "surface_swisstopo": "paved", "surface_sensebox": "unknown", "surface_sensebox_probability": 0.0, "match": "Unknown" }, "geometry": { "type": "Point", "coordinates": [ 8.775099455293169, 47.20319065251099 ] } },
{ "type": "Feature", "properties": { "timestamp": "2026-05-02T12:03:02.999Z", "latitude": 47.203197314431605, "longitude": 8.7750755027141256, "BELAGSART": 100, "surface_classification_asphalt": 0.39, "surface_classification_compacted": 0.54, "surface_classification_paving": 0.05, "surface_classification_sett": 0.02, "surface_classification_standing": 0.0, "surface_swisstopo": "paved", "surface_sensebox": "nature", "surface_sensebox_probability": 0.54, "match": "False" }, "geometry": { "type": "Point", "coordinates": [ 8.775075511385031, 47.203197324469649 ] } },
{ "type": "Feature", "properties": { "timestamp": "2026-05-02T12:03:03.999Z", "latitude": 47.20320706584932, "longitude": 8.775040278378059, "BELAGSART": 100, "surface_classification_asphalt": null, "surface_classification_compacted": null, "surface_classification_paving": null, "surface_classification_sett": null, "surface_classification_standing": null, "surface_swisstopo": "paved", "surface_sensebox": "unknown", "surface_sensebox_probability": 0.0, "match": "Unknown" }, "geometry": { "type": "Point", "coordinates": [ 8.775040287048924, 47.203207075887399 ] } },
{ "type": "Feature", "properties": { "timestamp": "2026-05-02T12:03:04.999Z", "latitude": 47.20321405983384, "longitude": 8.7749982658218002, "BELAGSART": 100, "surface_classification_asphalt": null, "surface_classification_compacted": null, "surface_classification_paving": null, "surface_classification_sett": null, "surface_classification_standing": null, "surface_swisstopo": "paved", "surface_sensebox": "unknown", "surface_sensebox_probability": 0.0, "match": "Unknown" }, "geometry": { "type": "Point", "coordinates": [ 8.774998274492621, 47.203214069871912 ] } },
{ "type": "Feature", "properties": { "timestamp": "2026-05-02T12:03:05.999Z", "latitude": 47.20321935871543, "longitude": 8.7749651498713206, "BELAGSART": 100, "surface_classification_asphalt": 0.8, "surface_classification_compacted": 0.09, "surface_classification_paving": 0.1, "surface_classification_sett": 0.01, "surface_classification_standing": 0.01, "surface_swisstopo": "paved", "surface_sensebox": "paved", "surface_sensebox_probability": 0.8, "match": "True" }, "geometry": { "type": "Point", "coordinates": [ 8.774965158542116, 47.203219368753516 ] } },
{ "type": "Feature", "properties": { "timestamp": "2026-05-02T12:03:06.999Z", "latitude": 47.203223618523197, "longitude": 8.7749147349771732, "BELAGSART": 100, "surface_classification_asphalt": null, "surface_classification_compacted": null, "surface_classification_paving": null, "surface_classification_sett": null, "surface_classification_standing": null, "surface_swisstopo": "paved", "surface_sensebox": "unknown", "surface_sensebox_probability": 0.0, "match": "Unknown" }, "geometry": { "type": "Point", "coordinates": [ 8.774914743647912, 47.203223628561311 ] } },
{ "type": "Feature", "properties": { "timestamp": "2026-05-02T12:03:07.999Z", "latitude": 47.203233681938841, "longitude": 8.7748613923173338, "BELAGSART": 100, "surface_classification_asphalt": 0.66, "surface_classification_compacted": 0.17, "surface_classification_paving": 0.17, "surface_classification_sett": 0.0, "surface_classification_standing": 0.0, "surface_swisstopo": "paved", "surface_sensebox": "paved", "surface_sensebox_probability": 0.66, "match": "True" }, "geometry": { "type": "Point", "coordinates": [ 8.774861400988017, 47.203233691976948 ] } },
{ "type": "Feature", "properties": { "timestamp": "2026-05-02T12:03:08.999Z", "latitude": 47.203236994187286, "longitude": 8.7748166491232542, "BELAGSART": 100, "surface_classification_asphalt": null, "surface_classification_compacted": null, "surface_classification_paving": null, "surface_classification_sett": null, "surface_classification_standing": null, "surface_swisstopo": "paved", "surface_sensebox": "unknown", "surface_sensebox_probability": 0.0, "match": "Unknown" }, "geometry": { "type": "Point", "coordinates": [ 8.774816657793897, 47.203237004225414 ] } },
{ "type": "Feature", "properties": { "timestamp": "2026-05-02T12:03:09.999Z", "latitude": 47.203235026544121, "longitude": 8.7747631609612995, "BELAGSART": 100, "surface_classification_asphalt": null, "surface_classification_compacted": null, "surface_classification_paving": null, "surface_classification_sett": null, "surface_classification_standing": null, "surface_swisstopo": "paved", "surface_sensebox": "unknown", "surface_sensebox_probability": 0.0, "match": "Unknown" }, "geometry": { "type": "Point", "coordinates": [ 8.774763169631889, 47.203235036582285 ] } },
{ "type": "Feature", "properties": { "timestamp": "2026-05-02T12:03:10.999Z", "latitude": 47.203242611130257, "longitude": 8.7747018086065953, "BELAGSART": 100, "surface_classification_asphalt": 0.9, "surface_classification_compacted": 0.06, "surface_classification_paving": 0.03, "surface_classification_sett": 0.0, "surface_classification_standing": 0.0, "surface_swisstopo": "paved", "surface_sensebox": "paved", "surface_sensebox_probability": 0.9, "match": "True" }, "geometry": { "type": "Point", "coordinates": [ 8.774701817277125, 47.203242621168407 ] } },
{ "type": "Feature", "properties": { "timestamp": "2026-05-02T12:03:11.999Z", "latitude": 47.203240479930429, "longitude": 8.774631416500986, "BELAGSART": 100, "surface_classification_asphalt": null, "surface_classification_compacted": null, "surface_classification_paving": null, "surface_classification_sett": null, "surface_classification_standing": null, "surface_swisstopo": "paved", "surface_sensebox": "unknown", "surface_sensebox_probability": 0.0, "match": "Unknown" }, "geometry": { "type": "Point", "coordinates": [ 8.774631425171449, 47.203240489968643 ] } },
{ "type": "Feature", "properties": { "timestamp": "2026-05-02T12:03:12.999Z", "latitude": 47.203238919964349, "longitude": 8.7745634235576286, "BELAGSART": 100, "surface_classification_asphalt": null, "surface_classification_compacted": null, "surface_classification_paving": null, "surface_classification_sett": null, "surface_classification_standing": null, "surface_swisstopo": "paved", "surface_sensebox": "unknown", "surface_sensebox_probability": 0.0, "match": "Unknown" }, "geometry": { "type": "Point", "coordinates": [ 8.774563432228033, 47.203238930002577 ] } },
{ "type": "Feature", "properties": { "timestamp": "2026-05-02T12:03:13.999Z", "latitude": 47.203250060272708, "longitude": 8.7744978638722948, "BELAGSART": 100, "surface_classification_asphalt": 0.5, "surface_classification_compacted": 0.21, "surface_classification_paving": 0.29, "surface_classification_sett": 0.0, "surface_classification_standing": 0.0, "surface_swisstopo": "paved", "surface_sensebox": "unknown", "surface_sensebox_probability": 0.5, "match": "Unknown" }, "geometry": { "type": "Point", "coordinates": [ 8.77449787254263, 47.203250070310979 ] } },
{ "type": "Feature", "properties": { "timestamp": "2026-05-02T12:03:14.999Z", "latitude": 47.203256332739656, "longitude": 8.774436304234376, "BELAGSART": 100, "surface_classification_asphalt": null, "surface_classification_compacted": null, "surface_classification_paving": null, "surface_classification_sett": null, "surface_classification_standing": null, "surface_swisstopo": "paved", "surface_sensebox": "unknown", "surface_sensebox_probability": 0.0, "match": "Unknown" }, "geometry": { "type": "Point", "coordinates": [ 8.774436312904653, 47.203256342777948 ] } },
{ "type": "Feature", "properties": { "timestamp": "2026-05-02T12:03:15.999Z", "latitude": 47.203263879338259, "longitude": 8.7743766766545992, "BELAGSART": 100, "surface_classification_asphalt": null, "surface_classification_compacted": null, "surface_classification_paving": null, "surface_classification_sett": null, "surface_classification_standing": null, "surface_swisstopo": "paved", "surface_sensebox": "unknown", "surface_sensebox_probability": 0.0, "match": "Unknown" }, "geometry": { "type": "Point", "coordinates": [ 8.774376685324814, 47.203263889376565 ] } },
{ "type": "Feature", "properties": { "timestamp": "2026-05-02T12:03:16.999Z", "latitude": 47.203271183491402, "longitude": 8.7743193094426637, "BELAGSART": 100, "surface_classification_asphalt": 0.59, "surface_classification_compacted": 0.02, "surface_classification_paving": 0.38, "surface_classification_sett": 0.0, "surface_classification_standing": 0.02, "surface_swisstopo": "paved", "surface_sensebox": "paved", "surface_sensebox_probability": 0.59, "match": "True" }, "geometry": { "type": "Point", "coordinates": [ 8.77431931811282, 47.20327119352968 ] } },
{ "type": "Feature", "properties": { "timestamp": "2026-05-02T12:03:17.999Z", "latitude": 47.203271989518349, "longitude": 8.7742628419539823, "BELAGSART": 100, "surface_classification_asphalt": null, "surface_classification_compacted": null, "surface_classification_paving": null, "surface_classification_sett": null, "surface_classification_standing": null, "surface_swisstopo": "paved", "surface_sensebox": "unknown", "surface_sensebox_probability": 0.0, "match": "Unknown" }, "geometry": { "type": "Point", "coordinates": [ 8.774262850624083, 47.203271999556698 ] } },
{ "type": "Feature", "properties": { "timestamp": "2026-05-02T12:03:18.999Z", "latitude": 47.203281914827805, "longitude": 8.7742082902497742, "BELAGSART": 100, "surface_classification_asphalt": null, "surface_classification_compacted": null, "surface_classification_paving": null, "surface_classification_sett": null, "surface_classification_standing": null, "surface_swisstopo": "paved", "surface_sensebox": "unknown", "surface_sensebox_probability": 0.0, "match": "Unknown" }, "geometry": { "type": "Point", "coordinates": [ 8.774208298919818, 47.203281924866154 ] } },
{ "type": "Feature", "properties": { "timestamp": "2026-05-02T12:03:19.999Z", "latitude": 47.20329342134351, "longitude": 8.7741586729086993, "BELAGSART": 100, "surface_classification_asphalt": 0.81, "surface_classification_compacted": 0.0, "surface_classification_paving": 0.14, "surface_classification_sett": 0.0, "surface_classification_standing": 0.05, "surface_swisstopo": "paved", "surface_sensebox": "paved", "surface_sensebox_probability": 0.81, "match": "True" }, "geometry": { "type": "Point", "coordinates": [ 8.774158681578692, 47.203293431381908 ] } },
{ "type": "Feature", "properties": { "timestamp": "2026-05-02T12:03:20.999Z", "latitude": 47.203303566517121, "longitude": 8.7741101662158112, "BELAGSART": 100, "surface_classification_asphalt": null, "surface_classification_compacted": null, "surface_classification_paving": null, "surface_classification_sett": null, "surface_classification_standing": null, "surface_swisstopo": "paved", "surface_sensebox": "unknown", "surface_sensebox_probability": 0.0, "match": "Unknown" }, "geometry": { "type": "Point", "coordinates": [ 8.774110174885758, 47.203303576555506 ] } },
{ "type": "Feature", "properties": { "timestamp": "2026-05-02T12:03:21.999Z", "latitude": 47.203314268984592, "longitude": 8.7740633333793152, "BELAGSART": 100, "surface_classification_asphalt": 0.74, "surface_classification_compacted": 0.21, "surface_classification_paving": 0.03, "surface_classification_sett": 0.01, "surface_classification_standing": 0.01, "surface_swisstopo": "paved", "surface_sensebox": "paved", "surface_sensebox_probability": 0.74, "match": "True" }, "geometry": { "type": "Point", "coordinates": [ 8.774063342049216, 47.203314279022983 ] } },
{ "type": "Feature", "properties": { "timestamp": "2026-05-02T12:03:22.999Z", "latitude": 47.203320025720558, "longitude": 8.7740133250694861, "BELAGSART": 100, "surface_classification_asphalt": null, "surface_classification_compacted": null, "surface_classification_paving": null, "surface_classification_sett": null, "surface_classification_standing": null, "surface_swisstopo": "paved", "surface_sensebox": "unknown", "surface_sensebox_probability": 0.0, "match": "Unknown" }, "geometry": { "type": "Point", "coordinates": [ 8.774013333739331, 47.203320035758971 ] } },
{ "type": "Feature", "properties": { "timestamp": "2026-05-02T12:03:23.999Z", "latitude": 47.203327471957572, "longitude": 8.7739557737813119, "BELAGSART": 100, "surface_classification_asphalt": null, "surface_classification_compacted": null, "surface_classification_paving": null, "surface_classification_sett": null, "surface_classification_standing": null, "surface_swisstopo": "paved", "surface_sensebox": "unknown", "surface_sensebox_probability": 0.0, "match": "Unknown" }, "geometry": { "type": "Point", "coordinates": [ 8.773955782451102, 47.203327481995977 ] } },
{ "type": "Feature", "properties": { "timestamp": "2026-05-02T12:03:24.999Z", "latitude": 47.203339794577005, "longitude": 8.7738887138545802, "BELAGSART": 100, "surface_classification_asphalt": 0.76, "surface_classification_compacted": 0.11, "surface_classification_paving": 0.11, "surface_classification_sett": 0.01, "surface_classification_standing": 0.01, "surface_swisstopo": "paved", "surface_sensebox": "paved", "surface_sensebox_probability": 0.76, "match": "True" }, "geometry": { "type": "Point", "coordinates": [ 8.773888722524305, 47.20333980461546 ] } },
{ "type": "Feature", "properties": { "timestamp": "2026-05-02T12:03:25.999Z", "latitude": 47.203353899422666, "longitude": 8.7738270398297455, "BELAGSART": 100, "surface_classification_asphalt": null, "surface_classification_compacted": null, "surface_classification_paving": null, "surface_classification_sett": null, "surface_classification_standing": null, "surface_swisstopo": "paved", "surface_sensebox": "unknown", "surface_sensebox_probability": 0.0, "match": "Unknown" }, "geometry": { "type": "Point", "coordinates": [ 8.773827048499403, 47.203353909461157 ] } },
{ "type": "Feature", "properties": { "timestamp": "2026-05-02T12:03:26.999Z", "latitude": 47.203370422499439, "longitude": 8.7737630654897778, "BELAGSART": 100, "surface_classification_asphalt": null, "surface_classification_compacted": null, "surface_classification_paving": null, "surface_classification_sett": null, "surface_classification_standing": null, "surface_swisstopo": "paved", "surface_sensebox": "unknown", "surface_sensebox_probability": 0.0, "match": "Unknown" }, "geometry": { "type": "Point", "coordinates": [ 8.773763074159371, 47.203370432537959 ] } },
{ "type": "Feature", "properties": { "timestamp": "2026-05-02T12:03:27.999Z", "latitude": 47.203384630383525, "longitude": 8.773706149335089, "BELAGSART": 100, "surface_classification_asphalt": 0.91, "surface_classification_compacted": 0.02, "surface_classification_paving": 0.06, "surface_classification_sett": 0.0, "surface_classification_standing": 0.01, "surface_swisstopo": "paved", "surface_sensebox": "paved", "surface_sensebox_probability": 0.91, "match": "True" }, "geometry": { "type": "Point", "coordinates": [ 8.77370615800462, 47.203384640422037 ] } },
{ "type": "Feature", "properties": { "timestamp": "2026-05-02T12:03:28.999Z", "latitude": 47.203395709672925, "longitude": 8.7736509539116021, "BELAGSART": 100, "surface_classification_asphalt": null, "surface_classification_compacted": null, "surface_classification_paving": null, "surface_classification_sett": null, "surface_classification_standing": null, "surface_swisstopo": "paved", "surface_sensebox": "unknown", "surface_sensebox_probability": 0.0, "match": "Unknown" }, "geometry": { "type": "Point", "coordinates": [ 8.773650962581074, 47.20339571971148 ] } },
{ "type": "Feature", "properties": { "timestamp": "2026-05-02T12:03:29.999Z", "latitude": 47.203406319383859, "longitude": 8.7735967959061796, "BELAGSART": 100, "surface_classification_asphalt": null, "surface_classification_compacted": null, "surface_classification_paving": null, "surface_classification_sett": null, "surface_classification_standing": null, "surface_swisstopo": "paved", "surface_sensebox": "unknown", "surface_sensebox_probability": 0.0, "match": "Unknown" }, "geometry": { "type": "Point", "coordinates": [ 8.773596804575599, 47.203406329422414 ] } },
{ "type": "Feature", "properties": { "timestamp": "2026-05-02T12:03:30.999Z", "latitude": 47.203414886104007, "longitude": 8.7735419469493063, "BELAGSART": 100, "surface_classification_asphalt": 0.89, "surface_classification_compacted": 0.01, "surface_classification_paving": 0.07, "surface_classification_sett": 0.0, "surface_classification_standing": 0.04, "surface_swisstopo": "paved", "surface_sensebox": "paved", "surface_sensebox_probability": 0.89, "match": "True" }, "geometry": { "type": "Point", "coordinates": [ 8.773541955618668, 47.203414896142625 ] } },
{ "type": "Feature", "properties": { "timestamp": "2026-05-02T12:03:31.999Z", "latitude": 47.203427275050167, "longitude": 8.7734857209076331, "BELAGSART": 100, "surface_classification_asphalt": null, "surface_classification_compacted": null, "surface_classification_paving": null, "surface_classification_sett": null, "surface_classification_standing": null, "surface_swisstopo": "paved", "surface_sensebox": "unknown", "surface_sensebox_probability": 0.0, "match": "Unknown" }, "geometry": { "type": "Point", "coordinates": [ 8.773485729576942, 47.203427285088779 ] } },
{ "type": "Feature", "properties": { "timestamp": "2026-05-02T12:03:32.999Z", "latitude": 47.2034400501202, "longitude": 8.7734314368689024, "BELAGSART": 100, "surface_classification_asphalt": null, "surface_classification_compacted": null, "surface_classification_paving": null, "surface_classification_sett": null, "surface_classification_standing": null, "surface_swisstopo": "paved", "surface_sensebox": "unknown", "surface_sensebox_probability": 0.0, "match": "Unknown" }, "geometry": { "type": "Point", "coordinates": [ 8.773431445538153, 47.203440060158826 ] } },
{ "type": "Feature", "properties": { "timestamp": "2026-05-02T12:03:33.999Z", "latitude": 47.203445309613919, "longitude": 8.7733726033994586, "BELAGSART": 100, "surface_classification_asphalt": 0.73, "surface_classification_compacted": 0.02, "surface_classification_paving": 0.19, "surface_classification_sett": 0.0, "surface_classification_standing": 0.05, "surface_swisstopo": "paved", "surface_sensebox": "paved", "surface_sensebox_probability": 0.73, "match": "True" }, "geometry": { "type": "Point", "coordinates": [ 8.773372612068654, 47.203445319652573 ] } },
{ "type": "Feature", "properties": { "timestamp": "2026-05-02T12:03:34.999Z", "latitude": 47.203449870517403, "longitude": 8.7733141012551865, "BELAGSART": 100, "surface_classification_asphalt": null, "surface_classification_compacted": null, "surface_classification_paving": null, "surface_classification_sett": null, "surface_classification_standing": null, "surface_swisstopo": "paved", "surface_sensebox": "unknown", "surface_sensebox_probability": 0.0, "match": "Unknown" }, "geometry": { "type": "Point", "coordinates": [ 8.773314109924325, 47.203449880556064 ] } },
{ "type": "Feature", "properties": { "timestamp": "2026-05-02T12:03:35.999Z", "latitude": 47.203465524576586, "longitude": 8.7732570510687111, "BELAGSART": 100, "surface_classification_asphalt": 0.89, "surface_classification_compacted": 0.01, "surface_classification_paving": 0.09, "surface_classification_sett": 0.0, "surface_classification_standing": 0.01, "surface_swisstopo": "paved", "surface_sensebox": "paved", "surface_sensebox_probability": 0.89, "match": "True" }, "geometry": { "type": "Point", "coordinates": [ 8.773257059737793, 47.203465534615326 ] } },
{ "type": "Feature", "properties": { "timestamp": "2026-05-02T12:03:36.999Z", "latitude": 47.20347774731917, "longitude": 8.7731956055578717, "BELAGSART": 100, "surface_classification_asphalt": null, "surface_classification_compacted": null, "surface_classification_paving": null, "surface_classification_sett": null, "surface_classification_standing": null, "surface_swisstopo": "paved", "surface_sensebox": "unknown", "surface_sensebox_probability": 0.0, "match": "Unknown" }, "geometry": { "type": "Point", "coordinates": [ 8.77319561422688, 47.203477757357895 ] } },
{ "type": "Feature", "properties": { "timestamp": "2026-05-02T12:03:37.999Z", "latitude": 47.203488279012866, "longitude": 8.7731310730475069, "BELAGSART": 100, "surface_classification_asphalt": null, "surface_classification_compacted": null, "surface_classification_paving": null, "surface_classification_sett": null, "surface_classification_standing": null, "surface_swisstopo": "paved", "surface_sensebox": "unknown", "surface_sensebox_probability": 0.0, "match": "Unknown" }, "geometry": { "type": "Point", "coordinates": [ 8.773131081716452, 47.203488289051634 ] } },
{ "type": "Feature", "properties": { "timestamp": "2026-05-02T12:03:38.999Z", "latitude": 47.203498996683692, "longitude": 8.7730662240032782, "BELAGSART": 100, "surface_classification_asphalt": 0.61, "surface_classification_compacted": 0.0, "surface_classification_paving": 0.25, "surface_classification_sett": 0.0, "surface_classification_standing": 0.13, "surface_swisstopo": "paved", "surface_sensebox": "paved", "surface_sensebox_probability": 0.61, "match": "True" }, "geometry": { "type": "Point", "coordinates": [ 8.773066232672164, 47.203499006722467 ] } },
{ "type": "Feature", "properties": { "timestamp": "2026-05-02T12:03:39.999Z", "latitude": 47.203510800837954, "longitude": 8.7729973254339271, "BELAGSART": 100, "surface_classification_asphalt": null, "surface_classification_compacted": null, "surface_classification_paving": null, "surface_classification_sett": null, "surface_classification_standing": null, "surface_swisstopo": "paved", "surface_sensebox": "unknown", "surface_sensebox_probability": 0.0, "match": "Unknown" }, "geometry": { "type": "Point", "coordinates": [ 8.772997334102737, 47.203510810876715 ] } },
{ "type": "Feature", "properties": { "timestamp": "2026-05-02T12:03:40.999Z", "latitude": 47.203523687417729, "longitude": 8.7729278231759213, "BELAGSART": 100, "surface_classification_asphalt": null, "surface_classification_compacted": null, "surface_classification_paving": null, "surface_classification_sett": null, "surface_classification_standing": null, "surface_swisstopo": "paved", "surface_sensebox": "unknown", "surface_sensebox_probability": 0.0, "match": "Unknown" }, "geometry": { "type": "Point", "coordinates": [ 8.772927831844665, 47.203523697456568 ] } },
{ "type": "Feature", "properties": { "timestamp": "2026-05-02T12:03:41.999Z", "latitude": 47.203529097282626, "longitude": 8.7728519949254, "BELAGSART": 100, "surface_classification_asphalt": 0.28, "surface_classification_compacted": 0.02, "surface_classification_paving": 0.68, "surface_classification_sett": 0.0, "surface_classification_standing": 0.02, "surface_swisstopo": "paved", "surface_sensebox": "paved", "surface_sensebox_probability": 0.68, "match": "True" }, "geometry": { "type": "Point", "coordinates": [ 8.772852003594066, 47.20352910732143 ] } },
{ "type": "Feature", "properties": { "timestamp": "2026-05-02T12:03:42.999Z", "latitude": 47.203534424439347, "longitude": 8.7727767003776496, "BELAGSART": 100, "surface_classification_asphalt": null, "surface_classification_compacted": null, "surface_classification_paving": null, "surface_classification_sett": null, "surface_classification_standing": null, "surface_swisstopo": "paved", "surface_sensebox": "unknown", "surface_sensebox_probability": 0.0, "match": "Unknown" }, "geometry": { "type": "Point", "coordinates": [ 8.772776709046244, 47.203534434478222 ] } },
{ "type": "Feature", "properties": { "timestamp": "2026-05-02T12:03:43.999Z", "latitude": 47.203547317169622, "longitude": 8.7726988919767965, "BELAGSART": 100, "surface_classification_asphalt": null, "surface_classification_compacted": null, "surface_classification_paving": null, "surface_classification_sett": null, "surface_classification_standing": null, "surface_swisstopo": "paved", "surface_sensebox": "unknown", "surface_sensebox_probability": 0.0, "match": "Unknown" }, "geometry": { "type": "Point", "coordinates": [ 8.772698900645313, 47.203547327208511 ] } },
{ "type": "Feature", "properties": { "timestamp": "2026-05-02T12:03:44.999Z", "latitude": 47.203559163005757, "longitude": 8.7726180227337913, "BELAGSART": 100, "surface_classification_asphalt": 0.53, "surface_classification_compacted": 0.38, "surface_classification_paving": 0.09, "surface_classification_sett": 0.0, "surface_classification_standing": 0.0, "surface_swisstopo": "paved", "surface_sensebox": "paved", "surface_sensebox_probability": 0.53, "match": "True" }, "geometry": { "type": "Point", "coordinates": [ 8.772618031402226, 47.203559173044638 ] } },
{ "type": "Feature", "properties": { "timestamp": "2026-05-02T12:03:45.999Z", "latitude": 47.203575667022207, "longitude": 8.7725421576755203, "BELAGSART": 100, "surface_classification_asphalt": null, "surface_classification_compacted": null, "surface_classification_paving": null, "surface_classification_sett": null, "surface_classification_standing": null, "surface_swisstopo": "paved", "surface_sensebox": "unknown", "surface_sensebox_probability": 0.0, "match": "Unknown" }, "geometry": { "type": "Point", "coordinates": [ 8.772542166343875, 47.203575677061181 ] } },
{ "type": "Feature", "properties": { "timestamp": "2026-05-02T12:03:46.999Z", "latitude": 47.203586175911241, "longitude": 8.7724658898687462, "BELAGSART": 100, "surface_classification_asphalt": null, "surface_classification_compacted": null, "surface_classification_paving": null, "surface_classification_sett": null, "surface_classification_standing": null, "surface_swisstopo": "paved", "surface_sensebox": "unknown", "surface_sensebox_probability": 0.0, "match": "Unknown" }, "geometry": { "type": "Point", "coordinates": [ 8.772465898537021, 47.203586185950229 ] } },
{ "type": "Feature", "properties": { "timestamp": "2026-05-02T12:03:47.999Z", "latitude": 47.203600431572525, "longitude": 8.7723870154186443, "BELAGSART": 100, "surface_classification_asphalt": 0.48, "surface_classification_compacted": 0.22, "surface_classification_paving": 0.27, "surface_classification_sett": 0.02, "surface_classification_standing": 0.01, "surface_swisstopo": "paved", "surface_sensebox": "unknown", "surface_sensebox_probability": 0.48, "match": "Unknown" }, "geometry": { "type": "Point", "coordinates": [ 8.772387024086841, 47.203600441611506 ] } },
{ "type": "Feature", "properties": { "timestamp": "2026-05-02T12:03:48.999Z", "latitude": 47.203614959439932, "longitude": 8.7723142678406365, "BELAGSART": 100, "surface_classification_asphalt": null, "surface_classification_compacted": null, "surface_classification_paving": null, "surface_classification_sett": null, "surface_classification_standing": null, "surface_swisstopo": "paved", "surface_sensebox": "unknown", "surface_sensebox_probability": 0.0, "match": "Unknown" }, "geometry": { "type": "Point", "coordinates": [ 8.772314276508764, 47.203614969478906 ] } },
{ "type": "Feature", "properties": { "timestamp": "2026-05-02T12:03:49.999Z", "latitude": 47.203628853731182, "longitude": 8.7722430875093114, "BELAGSART": 100, "surface_classification_asphalt": null, "surface_classification_compacted": null, "surface_classification_paving": null, "surface_classification_sett": null, "surface_classification_standing": null, "surface_swisstopo": "paved", "surface_sensebox": "unknown", "surface_sensebox_probability": 0.0, "match": "Unknown" }, "geometry": { "type": "Point", "coordinates": [ 8.772243096177357, 47.203628863770234 ] } },
{ "type": "Feature", "properties": { "timestamp": "2026-05-02T12:03:50.999Z", "latitude": 47.203640091503907, "longitude": 8.7721732615304457, "BELAGSART": 100, "surface_classification_asphalt": 0.74, "surface_classification_compacted": 0.01, "surface_classification_paving": 0.2, "surface_classification_sett": 0.0, "surface_classification_standing": 0.06, "surface_swisstopo": "paved", "surface_sensebox": "paved", "surface_sensebox_probability": 0.74, "match": "True" }, "geometry": { "type": "Point", "coordinates": [ 8.772173270198424, 47.203640101542973 ] } },
{ "type": "Feature", "properties": { "timestamp": "2026-05-02T12:03:51.999Z", "latitude": 47.203655860095672, "longitude": 8.7721097483519372, "BELAGSART": 100, "surface_classification_asphalt": null, "surface_classification_compacted": null, "surface_classification_paving": null, "surface_classification_sett": null, "surface_classification_standing": null, "surface_swisstopo": "paved", "surface_sensebox": "unknown", "surface_sensebox_probability": 0.0, "match": "Unknown" }, "geometry": { "type": "Point", "coordinates": [ 8.772109757019853, 47.203655870134781 ] } },
{ "type": "Feature", "properties": { "timestamp": "2026-05-02T12:03:52.999Z", "latitude": 47.203667054412243, "longitude": 8.7720514924608342, "BELAGSART": 100, "surface_classification_asphalt": 0.95, "surface_classification_compacted": 0.0, "surface_classification_paving": 0.0, "surface_classification_sett": 0.04, "surface_classification_standing": 0.02, "surface_swisstopo": "paved", "surface_sensebox": "paved", "surface_sensebox_probability": 0.95, "match": "True" }, "geometry": { "type": "Point", "coordinates": [ 8.77205150112869, 47.203667064451359 ] } },
{ "type": "Feature", "properties": { "timestamp": "2026-05-02T12:03:53.999Z", "latitude": 47.203686531333162, "longitude": 8.7719817409024881, "BELAGSART": 100, "surface_classification_asphalt": null, "surface_classification_compacted": null, "surface_classification_paving": null, "surface_classification_sett": null, "surface_classification_standing": null, "surface_swisstopo": "paved", "surface_sensebox": "unknown", "surface_sensebox_probability": 0.0, "match": "Unknown" }, "geometry": { "type": "Point", "coordinates": [ 8.771981749570267, 47.203686541372278 ] } },
{ "type": "Feature", "properties": { "timestamp": "2026-05-02T12:03:55.998Z", "latitude": 47.203721355638073, "longitude": 8.7718421699493447, "BELAGSART": 100, "surface_classification_asphalt": 0.27, "surface_classification_compacted": 0.66, "surface_classification_paving": 0.06, "surface_classification_sett": 0.0, "surface_classification_standing": 0.0, "surface_swisstopo": "paved", "surface_sensebox": "nature", "surface_sensebox_probability": 0.66, "match": "False" }, "geometry": { "type": "Point", "coordinates": [ 8.771842178616984, 47.203721365677289 ] } },
{ "type": "Feature", "properties": { "timestamp": "2026-05-02T12:03:56.998Z", "latitude": 47.203740741397986, "longitude": 8.7717608288834477, "BELAGSART": 100, "surface_classification_asphalt": null, "surface_classification_compacted": null, "surface_classification_paving": null, "surface_classification_sett": null, "surface_classification_standing": null, "surface_swisstopo": "paved", "surface_sensebox": "unknown", "surface_sensebox_probability": 0.0, "match": "Unknown" }, "geometry": { "type": "Point", "coordinates": [ 8.771760837551003, 47.203740751437223 ] } },
{ "type": "Feature", "properties": { "timestamp": "2026-05-02T12:03:57.998Z", "latitude": 47.203762885849763, "longitude": 8.7716776121147415, "BELAGSART": 100, "surface_classification_asphalt": null, "surface_classification_compacted": null, "surface_classification_paving": null, "surface_classification_sett": null, "surface_classification_standing": null, "surface_swisstopo": "paved", "surface_sensebox": "unknown", "surface_sensebox_probability": 0.0, "match": "Unknown" }, "geometry": { "type": "Point", "coordinates": [ 8.771677620782208, 47.203762895889028 ] } },
{ "type": "Feature", "properties": { "timestamp": "2026-05-02T12:03:58.998Z", "latitude": 47.203773228644089, "longitude": 8.7715969852476388, "BELAGSART": 100, "surface_classification_asphalt": 0.25, "surface_classification_compacted": 0.61, "surface_classification_paving": 0.14, "surface_classification_sett": 0.0, "surface_classification_standing": 0.0, "surface_swisstopo": "paved", "surface_sensebox": "nature", "surface_sensebox_probability": 0.61, "match": "False" }, "geometry": { "type": "Point", "coordinates": [ 8.771596993915024, 47.203773238683382 ] } },
{ "type": "Feature", "properties": { "timestamp": "2026-05-02T12:03:59.998Z", "latitude": 47.203792088811987, "longitude": 8.7715024204305543, "BELAGSART": 100, "surface_classification_asphalt": null, "surface_classification_compacted": null, "surface_classification_paving": null, "surface_classification_sett": null, "surface_classification_standing": null, "surface_swisstopo": "paved", "surface_sensebox": "unknown", "surface_sensebox_probability": 0.0, "match": "Unknown" }, "geometry": { "type": "Point", "coordinates": [ 8.771502429097843, 47.203792098851331 ] } },
{ "type": "Feature", "properties": { "timestamp": "2026-05-02T12:04:00.998Z", "latitude": 47.203813262248168, "longitude": 8.7714111294804393, "BELAGSART": 100, "surface_classification_asphalt": null, "surface_classification_compacted": null, "surface_classification_paving": null, "surface_classification_sett": null, "surface_classification_standing": null, "surface_swisstopo": "paved", "surface_sensebox": "unknown", "surface_sensebox_probability": 0.0, "match": "Unknown" }, "geometry": { "type": "Point", "coordinates": [ 8.771411138147631, 47.203813272287526 ] } },
{ "type": "Feature", "properties": { "timestamp": "2026-05-02T12:04:01.998Z", "latitude": 47.20384141947526, "longitude": 8.7713170964259195, "BELAGSART": 100, "surface_classification_asphalt": 0.08, "surface_classification_compacted": 0.81, "surface_classification_paving": 0.09, "surface_classification_sett": 0.03, "surface_classification_standing": 0.0, "surface_swisstopo": "paved", "surface_sensebox": "nature", "surface_sensebox_probability": 0.81, "match": "False" }, "geometry": { "type": "Point", "coordinates": [ 8.771317105093013, 47.203841429514661 ] } },
{ "type": "Feature", "properties": { "timestamp": "2026-05-02T12:04:02.998Z", "latitude": 47.203866093028019, "longitude": 8.7712310209607747, "BELAGSART": 100, "surface_classification_asphalt": null, "surface_classification_compacted": null, "surface_classification_paving": null, "surface_classification_sett": null, "surface_classification_standing": null, "surface_swisstopo": "paved", "surface_sensebox": "unknown", "surface_sensebox_probability": 0.0, "match": "Unknown" }, "geometry": { "type": "Point", "coordinates": [ 8.771231029627783, 47.203866103067426 ] } },
{ "type": "Feature", "properties": { "timestamp": "2026-05-02T12:04:03.998Z", "latitude": 47.203886245480142, "longitude": 8.7711485088234742, "BELAGSART": 100, "surface_classification_asphalt": null, "surface_classification_compacted": null, "surface_classification_paving": null, "surface_classification_sett": null, "surface_classification_standing": null, "surface_swisstopo": "paved", "surface_sensebox": "unknown", "surface_sensebox_probability": 0.0, "match": "Unknown" }, "geometry": { "type": "Point", "coordinates": [ 8.771148517490394, 47.203886255519627 ] } },
{ "type": "Feature", "properties": { "timestamp": "2026-05-02T12:04:04.998Z", "latitude": 47.203905118316108, "longitude": 8.7710679123380952, "BELAGSART": 100, "surface_classification_asphalt": 0.41, "surface_classification_compacted": 0.51, "surface_classification_paving": 0.08, "surface_classification_sett": 0.0, "surface_classification_standing": 0.0, "surface_swisstopo": "paved", "surface_sensebox": "nature", "surface_sensebox_probability": 0.51, "match": "False" }, "geometry": { "type": "Point", "coordinates": [ 8.771067921004931, 47.203905128355565 ] } },
{ "type": "Feature", "properties": { "timestamp": "2026-05-02T12:04:05.998Z", "latitude": 47.20392323879372, "longitude": 8.7709953198038892, "BELAGSART": 100, "surface_classification_asphalt": null, "surface_classification_compacted": null, "surface_classification_paving": null, "surface_classification_sett": null, "surface_classification_standing": null, "surface_swisstopo": "paved", "surface_sensebox": "unknown", "surface_sensebox_probability": 0.0, "match": "Unknown" }, "geometry": { "type": "Point", "coordinates": [ 8.770995328470644, 47.203923248833249 ] } },
{ "type": "Feature", "properties": { "timestamp": "2026-05-02T12:04:06.998Z", "latitude": 47.20393979826806, "longitude": 8.7709249452158726, "BELAGSART": 100, "surface_classification_asphalt": 0.82, "surface_classification_compacted": 0.02, "surface_classification_paving": 0.14, "surface_classification_sett": 0.0, "surface_classification_standing": 0.02, "surface_swisstopo": "paved", "surface_sensebox": "paved", "surface_sensebox_probability": 0.82, "match": "True" }, "geometry": { "type": "Point", "coordinates": [ 8.77092495388256, 47.203939808307567 ] } },
{ "type": "Feature", "properties": { "timestamp": "2026-05-02T12:04:07.998Z", "latitude": 47.203952728224685, "longitude": 8.7708609101185946, "BELAGSART": 100, "surface_classification_asphalt": null, "surface_classification_compacted": null, "surface_classification_paving": null, "surface_classification_sett": null, "surface_classification_standing": null, "surface_swisstopo": "paved", "surface_sensebox": "unknown", "surface_sensebox_probability": 0.0, "match": "Unknown" }, "geometry": { "type": "Point", "coordinates": [ 8.770860918785214, 47.203952738264249 ] } },
{ "type": "Feature", "properties": { "timestamp": "2026-05-02T12:04:08.998Z", "latitude": 47.203968527099022, "longitude": 8.7707984786917415, "BELAGSART": 100, "surface_classification_asphalt": null, "surface_classification_compacted": null, "surface_classification_paving": null, "surface_classification_sett": null, "surface_classification_standing": null, "surface_swisstopo": "paved", "surface_sensebox": "unknown", "surface_sensebox_probability": 0.0, "match": "Unknown" }, "geometry": { "type": "Point", "coordinates": [ 8.770798487358299, 47.203968537138614 ] } },
{ "type": "Feature", "properties": { "timestamp": "2026-05-02T12:04:09.998Z", "latitude": 47.203984624982375, "longitude": 8.7707392559765918, "BELAGSART": 100, "surface_classification_asphalt": 0.86, "surface_classification_compacted": 0.01, "surface_classification_paving": 0.1, "surface_classification_sett": 0.0, "surface_classification_standing": 0.03, "surface_swisstopo": "paved", "surface_sensebox": "paved", "surface_sensebox_probability": 0.86, "match": "True" }, "geometry": { "type": "Point", "coordinates": [ 8.770739264643085, 47.203984635021975 ] } },
{ "type": "Feature", "properties": { "timestamp": "2026-05-02T12:04:10.998Z", "latitude": 47.203999266628848, "longitude": 8.7706837802245996, "BELAGSART": 100, "surface_classification_asphalt": null, "surface_classification_compacted": null, "surface_classification_paving": null, "surface_classification_sett": null, "surface_classification_standing": null, "surface_swisstopo": "paved", "surface_sensebox": "unknown", "surface_sensebox_probability": 0.0, "match": "Unknown" }, "geometry": { "type": "Point", "coordinates": [ 8.770683788891041, 47.203999276668476 ] } },
{ "type": "Feature", "properties": { "timestamp": "2026-05-02T12:04:11.998Z", "latitude": 47.204010651723088, "longitude": 8.7706318669920353, "BELAGSART": 100, "surface_classification_asphalt": null, "surface_classification_compacted": null, "surface_classification_paving": null, "surface_classification_sett": null, "surface_classification_standing": null, "surface_swisstopo": "paved", "surface_sensebox": "unknown", "surface_sensebox_probability": 0.0, "match": "Unknown" }, "geometry": { "type": "Point", "coordinates": [ 8.770631875658419, 47.204010661762709 ] } },
{ "type": "Feature", "properties": { "timestamp": "2026-05-02T12:04:12.998Z", "latitude": 47.204023660725994, "longitude": 8.770580705158693, "BELAGSART": 100, "surface_classification_asphalt": 0.5, "surface_classification_compacted": 0.05, "surface_classification_paving": 0.4, "surface_classification_sett": 0.0, "surface_classification_standing": 0.05, "surface_swisstopo": "paved", "surface_sensebox": "unknown", "surface_sensebox_probability": 0.5, "match": "Unknown" }, "geometry": { "type": "Point", "coordinates": [ 8.770580713825025, 47.204023670765643 ] } },
{ "type": "Feature", "properties": { "timestamp": "2026-05-02T12:04:13.998Z", "latitude": 47.204035453836369, "longitude": 8.770532643411066, "BELAGSART": 100, "surface_classification_asphalt": null, "surface_classification_compacted": null, "surface_classification_paving": null, "surface_classification_sett": null, "surface_classification_standing": null, "surface_swisstopo": "paved", "surface_sensebox": "unknown", "surface_sensebox_probability": 0.0, "match": "Unknown" }, "geometry": { "type": "Point", "coordinates": [ 8.770532652077346, 47.204035463876082 ] } },
{ "type": "Feature", "properties": { "timestamp": "2026-05-02T12:04:14.998Z", "latitude": 47.204045569117433, "longitude": 8.7704842034223063, "BELAGSART": 100, "surface_classification_asphalt": null, "surface_classification_compacted": null, "surface_classification_paving": null, "surface_classification_sett": null, "surface_classification_standing": null, "surface_swisstopo": "paved", "surface_sensebox": "unknown", "surface_sensebox_probability": 0.0, "match": "Unknown" }, "geometry": { "type": "Point", "coordinates": [ 8.770484212088537, 47.204045579157089 ] } },
{ "type": "Feature", "properties": { "timestamp": "2026-05-02T12:04:15.998Z", "latitude": 47.204058280544089, "longitude": 8.7704288011343028, "BELAGSART": 100, "surface_classification_asphalt": 0.82, "surface_classification_compacted": 0.1, "surface_classification_paving": 0.08, "surface_classification_sett": 0.0, "surface_classification_standing": 0.0, "surface_swisstopo": "paved", "surface_sensebox": "paved", "surface_sensebox_probability": 0.82, "match": "True" }, "geometry": { "type": "Point", "coordinates": [ 8.770428809800476, 47.204058290583852 ] } },
{ "type": "Feature", "properties": { "timestamp": "2026-05-02T12:04:16.998Z", "latitude": 47.204073960451176, "longitude": 8.7703751360056561, "BELAGSART": 100, "surface_classification_asphalt": null, "surface_classification_compacted": null, "surface_classification_paving": null, "surface_classification_sett": null, "surface_classification_standing": null, "surface_swisstopo": "paved", "surface_sensebox": "unknown", "surface_sensebox_probability": 0.0, "match": "Unknown" }, "geometry": { "type": "Point", "coordinates": [ 8.770375144671769, 47.204073970490938 ] } },
{ "type": "Feature", "properties": { "timestamp": "2026-05-02T12:04:17.998Z", "latitude": 47.204089712900192, "longitude": 8.7703127496039759, "BELAGSART": 100, "surface_classification_asphalt": null, "surface_classification_compacted": null, "surface_classification_paving": null, "surface_classification_sett": null, "surface_classification_standing": null, "surface_swisstopo": "paved", "surface_sensebox": "unknown", "surface_sensebox_probability": 0.0, "match": "Unknown" }, "geometry": { "type": "Point", "coordinates": [ 8.77031275827003, 47.204089722940012 ] } },
{ "type": "Feature", "properties": { "timestamp": "2026-05-02T12:04:18.998Z", "latitude": 47.204108119841585, "longitude": 8.7702431133576066, "BELAGSART": 100, "surface_classification_asphalt": 0.26, "surface_classification_compacted": 0.56, "surface_classification_paving": 0.07, "surface_classification_sett": 0.11, "surface_classification_standing": 0.0, "surface_swisstopo": "paved", "surface_sensebox": "nature", "surface_sensebox_probability": 0.56, "match": "False" }, "geometry": { "type": "Point", "coordinates": [ 8.770243122023585, 47.204108129881355 ] } },
{ "type": "Feature", "properties": { "timestamp": "2026-05-02T12:04:19.998Z", "latitude": 47.204113344222982, "longitude": 8.7701734794526622, "BELAGSART": 100, "surface_classification_asphalt": null, "surface_classification_compacted": null, "surface_classification_paving": null, "surface_classification_sett": null, "surface_classification_standing": null, "surface_swisstopo": "paved", "surface_sensebox": "unknown", "surface_sensebox_probability": 0.0, "match": "Unknown" }, "geometry": { "type": "Point", "coordinates": [ 8.770173488118576, 47.204113354262844 ] } },
{ "type": "Feature", "properties": { "timestamp": "2026-05-02T12:04:20.998Z", "latitude": 47.20413672969709, "longitude": 8.7701008809286449, "BELAGSART": 100, "surface_classification_asphalt": 0.34, "surface_classification_compacted": 0.54, "surface_classification_paving": 0.11, "surface_classification_sett": 0.0, "surface_classification_standing": 0.0, "surface_swisstopo": "paved", "surface_sensebox": "nature", "surface_sensebox_probability": 0.54, "match": "False" }, "geometry": { "type": "Point", "coordinates": [ 8.770100889594481, 47.204136739736931 ] } },
{ "type": "Feature", "properties": { "timestamp": "2026-05-02T12:04:21.998Z", "latitude": 47.204158143463118, "longitude": 8.7700266875621029, "BELAGSART": 100, "surface_classification_asphalt": null, "surface_classification_compacted": null, "surface_classification_paving": null, "surface_classification_sett": null, "surface_classification_standing": null, "surface_swisstopo": "paved", "surface_sensebox": "unknown", "surface_sensebox_probability": 0.0, "match": "Unknown" }, "geometry": { "type": "Point", "coordinates": [ 8.770026696227859, 47.204158153503016 ] } },
{ "type": "Feature", "properties": { "timestamp": "2026-05-02T12:04:22.998Z", "latitude": 47.204178722398531, "longitude": 8.7699467897815691, "BELAGSART": 100, "surface_classification_asphalt": null, "surface_classification_compacted": null, "surface_classification_paving": null, "surface_classification_sett": null, "surface_classification_standing": null, "surface_swisstopo": "paved", "surface_sensebox": "unknown", "surface_sensebox_probability": 0.0, "match": "Unknown" }, "geometry": { "type": "Point", "coordinates": [ 8.769946798447245, 47.204178732438486 ] } },
{ "type": "Feature", "properties": { "timestamp": "2026-05-02T12:04:23.998Z", "latitude": 47.204197556953069, "longitude": 8.7698657374282583, "BELAGSART": 100, "surface_classification_asphalt": 0.04, "surface_classification_compacted": 0.9, "surface_classification_paving": 0.05, "surface_classification_sett": 0.01, "surface_classification_standing": 0.0, "surface_swisstopo": "paved", "surface_sensebox": "nature", "surface_sensebox_probability": 0.9, "match": "False" }, "geometry": { "type": "Point", "coordinates": [ 8.769865746093847, 47.20419756699301 ] } },
{ "type": "Feature", "properties": { "timestamp": "2026-05-02T12:04:24.998Z", "latitude": 47.20421637136478, "longitude": 8.7697803195866086, "BELAGSART": 100, "surface_classification_asphalt": null, "surface_classification_compacted": null, "surface_classification_paving": null, "surface_classification_sett": null, "surface_classification_standing": null, "surface_swisstopo": "paved", "surface_sensebox": "unknown", "surface_sensebox_probability": 0.0, "match": "Unknown" }, "geometry": { "type": "Point", "coordinates": [ 8.769780328252113, 47.204216381404734 ] } },
{ "type": "Feature", "properties": { "timestamp": "2026-05-02T12:04:25.998Z", "latitude": 47.204237974249075, "longitude": 8.7696969977719768, "BELAGSART": 100, "surface_classification_asphalt": null, "surface_classification_compacted": null, "surface_classification_paving": null, "surface_classification_sett": null, "surface_classification_standing": null, "surface_swisstopo": "paved", "surface_sensebox": "unknown", "surface_sensebox_probability": 0.0, "match": "Unknown" }, "geometry": { "type": "Point", "coordinates": [ 8.769697006437394, 47.20423798428908 ] } },
{ "type": "Feature", "properties": { "timestamp": "2026-05-02T12:04:26.998Z", "latitude": 47.204257437787213, "longitude": 8.7696190610970195, "BELAGSART": 100, "surface_classification_asphalt": 0.72, "surface_classification_compacted": 0.19, "surface_classification_paving": 0.06, "surface_classification_sett": 0.01, "surface_classification_standing": 0.01, "surface_swisstopo": "paved", "surface_sensebox": "paved", "surface_sensebox_probability": 0.72, "match": "True" }, "geometry": { "type": "Point", "coordinates": [ 8.769619069762353, 47.20425744782721 ] } },
{ "type": "Feature", "properties": { "timestamp": "2026-05-02T12:04:27.998Z", "latitude": 47.20427263994771, "longitude": 8.7695484457483737, "BELAGSART": 100, "surface_classification_asphalt": null, "surface_classification_compacted": null, "surface_classification_paving": null, "surface_classification_sett": null, "surface_classification_standing": null, "surface_swisstopo": "paved", "surface_sensebox": "unknown", "surface_sensebox_probability": 0.0, "match": "Unknown" }, "geometry": { "type": "Point", "coordinates": [ 8.769548454413636, 47.204272649987786 ] } },
{ "type": "Feature", "properties": { "timestamp": "2026-05-02T12:04:28.998Z", "latitude": 47.20428689796961, "longitude": 8.7694802801606677, "BELAGSART": 100, "surface_classification_asphalt": null, "surface_classification_compacted": null, "surface_classification_paving": null, "surface_classification_sett": null, "surface_classification_standing": null, "surface_swisstopo": "paved", "surface_sensebox": "unknown", "surface_sensebox_probability": 0.0, "match": "Unknown" }, "geometry": { "type": "Point", "coordinates": [ 8.769480288825859, 47.20428690800972 ] } },
{ "type": "Feature", "properties": { "timestamp": "2026-05-02T12:04:29.998Z", "latitude": 47.204301194927147, "longitude": 8.7694165229746499, "BELAGSART": 100, "surface_classification_asphalt": 0.41, "surface_classification_compacted": 0.02, "surface_classification_paving": 0.52, "surface_classification_sett": 0.0, "surface_classification_standing": 0.05, "surface_swisstopo": "paved", "surface_sensebox": "paved", "surface_sensebox_probability": 0.52, "match": "True" }, "geometry": { "type": "Point", "coordinates": [ 8.769416531639779, 47.204301204967244 ] } },
{ "type": "Feature", "properties": { "timestamp": "2026-05-02T12:04:30.998Z", "latitude": 47.204314460200145, "longitude": 8.769355220926629, "BELAGSART": 100, "surface_classification_asphalt": null, "surface_classification_compacted": null, "surface_classification_paving": null, "surface_classification_sett": null, "surface_classification_standing": null, "surface_swisstopo": "paved", "surface_sensebox": "unknown", "surface_sensebox_probability": 0.0, "match": "Unknown" }, "geometry": { "type": "Point", "coordinates": [ 8.769355229591699, 47.204314470240298 ] } },
{ "type": "Feature", "properties": { "timestamp": "2026-05-02T12:04:31.998Z", "latitude": 47.204330237758811, "longitude": 8.7692964935589632, "BELAGSART": 100, "surface_classification_asphalt": null, "surface_classification_compacted": null, "surface_classification_paving": null, "surface_classification_sett": null, "surface_classification_standing": null, "surface_swisstopo": "paved", "surface_sensebox": "unknown", "surface_sensebox_probability": 0.0, "match": "Unknown" }, "geometry": { "type": "Point", "coordinates": [ 8.769296502223966, 47.204330247798971 ] } },
{ "type": "Feature", "properties": { "timestamp": "2026-05-02T12:04:32.998Z", "latitude": 47.204344588546874, "longitude": 8.7692433654794613, "BELAGSART": 100, "surface_classification_asphalt": 0.9, "surface_classification_compacted": 0.04, "surface_classification_paving": 0.04, "surface_classification_sett": 0.0, "surface_classification_standing": 0.02, "surface_swisstopo": "paved", "surface_sensebox": "paved", "surface_sensebox_probability": 0.9, "match": "True" }, "geometry": { "type": "Point", "coordinates": [ 8.769243374144406, 47.204344598587042 ] } },
{ "type": "Feature", "properties": { "timestamp": "2026-05-02T12:04:33.998Z", "latitude": 47.204356417754212, "longitude": 8.7691902276424472, "BELAGSART": 100, "surface_classification_asphalt": null, "surface_classification_compacted": null, "surface_classification_paving": null, "surface_classification_sett": null, "surface_classification_standing": null, "surface_swisstopo": "paved", "surface_sensebox": "unknown", "surface_sensebox_probability": 0.0, "match": "Unknown" }, "geometry": { "type": "Point", "coordinates": [ 8.76919023630734, 47.204356427794394 ] } },
{ "type": "Feature", "properties": { "timestamp": "2026-05-02T12:04:34.998Z", "latitude": 47.204379593256384, "longitude": 8.7691304493810645, "BELAGSART": 100, "surface_classification_asphalt": 0.38, "surface_classification_compacted": 0.38, "surface_classification_paving": 0.24, "surface_classification_sett": 0.01, "surface_classification_standing": 0.0, "surface_swisstopo": "paved", "surface_sensebox": "unknown", "surface_sensebox_probability": 0.38, "match": "Unknown" }, "geometry": { "type": "Point", "coordinates": [ 8.769130458045888, 47.204379603296587 ] } },
{ "type": "Feature", "properties": { "timestamp": "2026-05-02T12:04:35.998Z", "latitude": 47.204391769412304, "longitude": 8.7690616592199344, "BELAGSART": 100, "surface_classification_asphalt": null, "surface_classification_compacted": null, "surface_classification_paving": null, "surface_classification_sett": null, "surface_classification_standing": null, "surface_swisstopo": "paved", "surface_sensebox": "unknown", "surface_sensebox_probability": 0.0, "match": "Unknown" }, "geometry": { "type": "Point", "coordinates": [ 8.76906166788469, 47.204391779452564 ] } },
{ "type": "Feature", "properties": { "timestamp": "2026-05-02T12:04:36.998Z", "latitude": 47.20440492220699, "longitude": 8.7689858887861529, "BELAGSART": 100, "surface_classification_asphalt": null, "surface_classification_compacted": null, "surface_classification_paving": null, "surface_classification_sett": null, "surface_classification_standing": null, "surface_swisstopo": "paved", "surface_sensebox": "unknown", "surface_sensebox_probability": 0.0, "match": "Unknown" }, "geometry": { "type": "Point", "coordinates": [ 8.768985897450833, 47.204404932247293 ] } },
{ "type": "Feature", "properties": { "timestamp": "2026-05-02T12:04:37.998Z", "latitude": 47.204431606367002, "longitude": 8.7689161728848291, "BELAGSART": 100, "surface_classification_asphalt": 0.12, "surface_classification_compacted": 0.4, "surface_classification_paving": 0.45, "surface_classification_sett": 0.04, "surface_classification_standing": 0.0, "surface_swisstopo": "paved", "surface_sensebox": "unknown", "surface_sensebox_probability": 0.45, "match": "Unknown" }, "geometry": { "type": "Point", "coordinates": [ 8.768916181549432, 47.204431616407284 ] } },
{ "type": "Feature", "properties": { "timestamp": "2026-05-02T12:04:39.997Z", "latitude": 47.204460589093905, "longitude": 8.7687583072093958, "BELAGSART": 100, "surface_classification_asphalt": null, "surface_classification_compacted": null, "surface_classification_paving": null, "surface_classification_sett": null, "surface_classification_standing": null, "surface_swisstopo": "paved", "surface_sensebox": "unknown", "surface_sensebox_probability": 0.0, "match": "Unknown" }, "geometry": { "type": "Point", "coordinates": [ 8.768758315873841, 47.204460599134251 ] } },
{ "type": "Feature", "properties": { "timestamp": "2026-05-02T12:04:40.997Z", "latitude": 47.204477905389503, "longitude": 8.7686853632293857, "BELAGSART": 100, "surface_classification_asphalt": 0.43, "surface_classification_compacted": 0.48, "surface_classification_paving": 0.03, "surface_classification_sett": 0.06, "surface_classification_standing": 0.0, "surface_swisstopo": "paved", "surface_sensebox": "unknown", "surface_sensebox_probability": 0.48, "match": "Unknown" }, "geometry": { "type": "Point", "coordinates": [ 8.768685371893751, 47.204477915429869 ] } },
{ "type": "Feature", "properties": { "timestamp": "2026-05-02T12:04:41.997Z", "latitude": 47.204491415942577, "longitude": 8.7686154090607076, "BELAGSART": 100, "surface_classification_asphalt": null, "surface_classification_compacted": null, "surface_classification_paving": null, "surface_classification_sett": null, "surface_classification_standing": null, "surface_swisstopo": "paved", "surface_sensebox": "unknown", "surface_sensebox_probability": 0.0, "match": "Unknown" }, "geometry": { "type": "Point", "coordinates": [ 8.768615417725005, 47.204491425982972 ] } },
{ "type": "Feature", "properties": { "timestamp": "2026-05-02T12:04:42.997Z", "latitude": 47.204507813219514, "longitude": 8.7685503641143203, "BELAGSART": 100, "surface_classification_asphalt": null, "surface_classification_compacted": null, "surface_classification_paving": null, "surface_classification_sett": null, "surface_classification_standing": null, "surface_swisstopo": "paved", "surface_sensebox": "unknown", "surface_sensebox_probability": 0.0, "match": "Unknown" }, "geometry": { "type": "Point", "coordinates": [ 8.768550372778549, 47.204507823259924 ] } },
{ "type": "Feature", "properties": { "timestamp": "2026-05-02T12:04:43.997Z", "latitude": 47.204521771084266, "longitude": 8.7684888539100765, "BELAGSART": 100, "surface_classification_asphalt": 0.87, "surface_classification_compacted": 0.04, "surface_classification_paving": 0.07, "surface_classification_sett": 0.0, "surface_classification_standing": 0.02, "surface_swisstopo": "paved", "surface_sensebox": "paved", "surface_sensebox_probability": 0.87, "match": "True" }, "geometry": { "type": "Point", "coordinates": [ 8.768488862574243, 47.204521781124733 ] } },
{ "type": "Feature", "properties": { "timestamp": "2026-05-02T12:04:44.997Z", "latitude": 47.204537654615834, "longitude": 8.7684334702022824, "BELAGSART": 100, "surface_classification_asphalt": null, "surface_classification_compacted": null, "surface_classification_paving": null, "surface_classification_sett": null, "surface_classification_standing": null, "surface_swisstopo": "paved", "surface_sensebox": "unknown", "surface_sensebox_probability": 0.0, "match": "Unknown" }, "geometry": { "type": "Point", "coordinates": [ 8.768433478866392, 47.204537664656371 ] } },
{ "type": "Feature", "properties": { "timestamp": "2026-05-02T12:04:45.997Z", "latitude": 47.204554478211392, "longitude": 8.7683804391331055, "BELAGSART": 100, "surface_classification_asphalt": null, "surface_classification_compacted": null, "surface_classification_paving": null, "surface_classification_sett": null, "surface_classification_standing": null, "surface_swisstopo": "paved", "surface_sensebox": "unknown", "surface_sensebox_probability": 0.0, "match": "Unknown" }, "geometry": { "type": "Point", "coordinates": [ 8.768380447797158, 47.204554488251866 ] } },
{ "type": "Feature", "properties": { "timestamp": "2026-05-02T12:04:46.997Z", "latitude": 47.204575344383386, "longitude": 8.7683291374120298, "BELAGSART": 100, "surface_classification_asphalt": 0.52, "surface_classification_compacted": 0.46, "surface_classification_paving": 0.01, "surface_classification_sett": 0.0, "surface_classification_standing": 0.0, "surface_swisstopo": "paved", "surface_sensebox": "paved", "surface_sensebox_probability": 0.52, "match": "True" }, "geometry": { "type": "Point", "coordinates": [ 8.768329146076022, 47.204575354423923 ] } },
{ "type": "Feature", "properties": { "timestamp": "2026-05-02T12:04:47.997Z", "latitude": 47.204587049878839, "longitude": 8.7682832560964883, "BELAGSART": 100, "surface_classification_asphalt": null, "surface_classification_compacted": null, "surface_classification_paving": null, "surface_classification_sett": null, "surface_classification_standing": null, "surface_swisstopo": "paved", "surface_sensebox": "unknown", "surface_sensebox_probability": 0.0, "match": "Unknown" }, "geometry": { "type": "Point", "coordinates": [ 8.768283264760434, 47.204587059919383 ] } },
{ "type": "Feature", "properties": { "timestamp": "2026-05-02T12:04:48.997Z", "latitude": 47.204597115676769, "longitude": 8.7682394868678326, "BELAGSART": 100, "surface_classification_asphalt": null, "surface_classification_compacted": null, "surface_classification_paving": null, "surface_classification_sett": null, "surface_classification_standing": null, "surface_swisstopo": "paved", "surface_sensebox": "unknown", "surface_sensebox_probability": 0.0, "match": "Unknown" }, "geometry": { "type": "Point", "coordinates": [ 8.768239495531736, 47.204597125717292 ] } },
{ "type": "Feature", "properties": { "timestamp": "2026-05-02T12:04:49.997Z", "latitude": 47.204608917227624, "longitude": 8.7681997339263997, "BELAGSART": 100, "surface_classification_asphalt": 0.48, "surface_classification_compacted": 0.16, "surface_classification_paving": 0.34, "surface_classification_sett": 0.02, "surface_classification_standing": 0.0, "surface_swisstopo": "paved", "surface_sensebox": "unknown", "surface_sensebox_probability": 0.48, "match": "Unknown" }, "geometry": { "type": "Point", "coordinates": [ 8.768199742590264, 47.204608927268211 ] } },
{ "type": "Feature", "properties": { "timestamp": "2026-05-02T12:04:50.997Z", "latitude": 47.204617737432102, "longitude": 8.7681584389858465, "BELAGSART": 100, "surface_classification_asphalt": null, "surface_classification_compacted": null, "surface_classification_paving": null, "surface_classification_sett": null, "surface_classification_standing": null, "surface_swisstopo": "paved", "surface_sensebox": "unknown", "surface_sensebox_probability": 0.0, "match": "Unknown" }, "geometry": { "type": "Point", "coordinates": [ 8.768158447649666, 47.204617747472703 ] } },
{ "type": "Feature", "properties": { "timestamp": "2026-05-02T12:04:51.997Z", "latitude": 47.204624192658969, "longitude": 8.7681160217545617, "BELAGSART": 100, "surface_classification_asphalt": 0.25, "surface_classification_compacted": 0.01, "surface_classification_paving": 0.49, "surface_classification_sett": 0.0, "surface_classification_standing": 0.25, "surface_swisstopo": "paved", "surface_sensebox": "unknown", "surface_sensebox_probability": 0.49, "match": "Unknown" }, "geometry": { "type": "Point", "coordinates": [ 8.768116030418337, 47.204624202699542 ] } },
{ "type": "Feature", "properties": { "timestamp": "2026-05-02T12:04:52.997Z", "latitude": 47.204629522067677, "longitude": 8.7680712670721288, "BELAGSART": 100, "surface_classification_asphalt": null, "surface_classification_compacted": null, "surface_classification_paving": null, "surface_classification_sett": null, "surface_classification_standing": null, "surface_swisstopo": "paved", "surface_sensebox": "unknown", "surface_sensebox_probability": 0.0, "match": "Unknown" }, "geometry": { "type": "Point", "coordinates": [ 8.76807127573586, 47.204629532108278 ] } },
{ "type": "Feature", "properties": { "timestamp": "2026-05-02T12:04:53.997Z", "latitude": 47.204634345293933, "longitude": 8.7680138808187671, "BELAGSART": 100, "surface_classification_asphalt": null, "surface_classification_compacted": null, "surface_classification_paving": null, "surface_classification_sett": null, "surface_classification_standing": null, "surface_swisstopo": "paved", "surface_sensebox": "unknown", "surface_sensebox_probability": 0.0, "match": "Unknown" }, "geometry": { "type": "Point", "coordinates": [ 8.768013889482443, 47.204634355334605 ] } },
{ "type": "Feature", "properties": { "timestamp": "2026-05-02T12:04:54.997Z", "latitude": 47.20464380564448, "longitude": 8.767983149788817, "BELAGSART": 100, "surface_classification_asphalt": 0.76, "surface_classification_compacted": 0.01, "surface_classification_paving": 0.1, "surface_classification_sett": 0.0, "surface_classification_standing": 0.13, "surface_swisstopo": "paved", "surface_sensebox": "paved", "surface_sensebox_probability": 0.76, "match": "True" }, "geometry": { "type": "Point", "coordinates": [ 8.767983158452459, 47.204643815685138 ] } },
{ "type": "Feature", "properties": { "timestamp": "2026-05-02T12:04:55.997Z", "latitude": 47.204656148156459, "longitude": 8.7679440287284223, "BELAGSART": 100, "surface_classification_asphalt": null, "surface_classification_compacted": null, "surface_classification_paving": null, "surface_classification_sett": null, "surface_classification_standing": null, "surface_swisstopo": "paved", "surface_sensebox": "unknown", "surface_sensebox_probability": 0.0, "match": "Unknown" }, "geometry": { "type": "Point", "coordinates": [ 8.767944037392027, 47.204656158197139 ] } },
{ "type": "Feature", "properties": { "timestamp": "2026-05-02T12:04:56.997Z", "latitude": 47.204659292939368, "longitude": 8.7678965102603037, "BELAGSART": 100, "surface_classification_asphalt": null, "surface_classification_compacted": null, "surface_classification_paving": null, "surface_classification_sett": null, "surface_classification_standing": null, "surface_swisstopo": "paved", "surface_sensebox": "unknown", "surface_sensebox_probability": 0.0, "match": "Unknown" }, "geometry": { "type": "Point", "coordinates": [ 8.767896518923861, 47.204659302980033 ] } },
{ "type": "Feature", "properties": { "timestamp": "2026-05-02T12:04:57.997Z", "latitude": 47.204655447514384, "longitude": 8.7678455025744793, "BELAGSART": 100, "surface_classification_asphalt": 0.52, "surface_classification_compacted": 0.37, "surface_classification_paving": 0.09, "surface_classification_sett": 0.02, "surface_classification_standing": 0.0, "surface_swisstopo": "paved", "surface_sensebox": "paved", "surface_sensebox_probability": 0.52, "match": "True" }, "geometry": { "type": "Point", "coordinates": [ 8.767845511237988, 47.20465545755507 ] } },
{ "type": "Feature", "properties": { "timestamp": "2026-05-02T12:04:58.997Z", "latitude": 47.204663030592108, "longitude": 8.7677823612202292, "BELAGSART": 100, "surface_classification_asphalt": null, "surface_classification_compacted": null, "surface_classification_paving": null, "surface_classification_sett": null, "surface_classification_standing": null, "surface_swisstopo": "paved", "surface_sensebox": "unknown", "surface_sensebox_probability": 0.0, "match": "Unknown" }, "geometry": { "type": "Point", "coordinates": [ 8.767782369883674, 47.204663040632788 ] } },
{ "type": "Feature", "properties": { "timestamp": "2026-05-02T12:04:59.997Z", "latitude": 47.204673912094769, "longitude": 8.7677273884062341, "BELAGSART": 100, "surface_classification_asphalt": null, "surface_classification_compacted": null, "surface_classification_paving": null, "surface_classification_sett": null, "surface_classification_standing": null, "surface_swisstopo": "paved", "surface_sensebox": "unknown", "surface_sensebox_probability": 0.0, "match": "Unknown" }, "geometry": { "type": "Point", "coordinates": [ 8.767727397069619, 47.20467392213552 ] } },
{ "type": "Feature", "properties": { "timestamp": "2026-05-02T12:05:00.997Z", "latitude": 47.204685069634714, "longitude": 8.7676618505045667, "BELAGSART": 100, "surface_classification_asphalt": 0.04, "surface_classification_compacted": 0.09, "surface_classification_paving": 0.41, "surface_classification_sett": 0.46, "surface_classification_standing": 0.0, "surface_swisstopo": "paved", "surface_sensebox": "unknown", "surface_sensebox_probability": 0.46, "match": "Unknown" }, "geometry": { "type": "Point", "coordinates": [ 8.767661859167887, 47.204685079675464 ] } },
{ "type": "Feature", "properties": { "timestamp": "2026-05-02T12:05:01.997Z", "latitude": 47.204704545837188, "longitude": 8.7676006501772346, "BELAGSART": 100, "surface_classification_asphalt": null, "surface_classification_compacted": null, "surface_classification_paving": null, "surface_classification_sett": null, "surface_classification_standing": null, "surface_swisstopo": "paved", "surface_sensebox": "unknown", "surface_sensebox_probability": 0.0, "match": "Unknown" }, "geometry": { "type": "Point", "coordinates": [ 8.767600658840491, 47.204704555877967 ] } },
{ "type": "Feature", "properties": { "timestamp": "2026-05-02T12:05:02.997Z", "latitude": 47.204723082571029, "longitude": 8.7675341047304176, "BELAGSART": 100, "surface_classification_asphalt": null, "surface_classification_compacted": null, "surface_classification_paving": null, "surface_classification_sett": null, "surface_classification_standing": null, "surface_swisstopo": "paved", "surface_sensebox": "unknown", "surface_sensebox_probability": 0.0, "match": "Unknown" }, "geometry": { "type": "Point", "coordinates": [ 8.767534113393605, 47.204723092611843 ] } },
{ "type": "Feature", "properties": { "timestamp": "2026-05-02T12:05:03.997Z", "latitude": 47.2047396558076, "longitude": 8.7674591274212776, "BELAGSART": 100, "surface_classification_asphalt": 0.02, "surface_classification_compacted": 0.19, "surface_classification_paving": 0.33, "surface_classification_sett": 0.46, "surface_classification_standing": 0.0, "surface_swisstopo": "paved", "surface_sensebox": "unknown", "surface_sensebox_probability": 0.46, "match": "Unknown" }, "geometry": { "type": "Point", "coordinates": [ 8.767459136084391, 47.204739665848429 ] } },
{ "type": "Feature", "properties": { "timestamp": "2026-05-02T12:05:04.997Z", "latitude": 47.204749032189632, "longitude": 8.7673792455649142, "BELAGSART": 100, "surface_classification_asphalt": null, "surface_classification_compacted": null, "surface_classification_paving": null, "surface_classification_sett": null, "surface_classification_standing": null, "surface_swisstopo": "paved", "surface_sensebox": "unknown", "surface_sensebox_probability": 0.0, "match": "Unknown" }, "geometry": { "type": "Point", "coordinates": [ 8.767379254227947, 47.204749042230489 ] } },
{ "type": "Feature", "properties": { "timestamp": "2026-05-02T12:05:05.997Z", "latitude": 47.204762494066976, "longitude": 8.7672998311537444, "BELAGSART": 100, "surface_classification_asphalt": null, "surface_classification_compacted": null, "surface_classification_paving": null, "surface_classification_sett": null, "surface_classification_standing": null, "surface_swisstopo": "paved", "surface_sensebox": "unknown", "surface_sensebox_probability": 0.0, "match": "Unknown" }, "geometry": { "type": "Point", "coordinates": [ 8.767299839816696, 47.20476250410784 ] } },
{ "type": "Feature", "properties": { "timestamp": "2026-05-02T12:05:07.000Z", "latitude": 47.204777829794047, "longitude": 8.7672299899428161, "BELAGSART": 100, "surface_classification_asphalt": 0.07, "surface_classification_compacted": 0.45, "surface_classification_paving": 0.36, "surface_classification_sett": 0.13, "surface_classification_standing": 0.0, "surface_swisstopo": "paved", "surface_sensebox": "unknown", "surface_sensebox_probability": 0.45, "match": "Unknown" }, "geometry": { "type": "Point", "coordinates": [ 8.767229998605696, 47.204777839834961 ] } },
{ "type": "Feature", "properties": { "timestamp": "2026-05-02T12:05:08.000Z", "latitude": 47.204790950623007, "longitude": 8.7671626762009733, "BELAGSART": 100, "surface_classification_asphalt": null, "surface_classification_compacted": null, "surface_classification_paving": null, "surface_classification_sett": null, "surface_classification_standing": null, "surface_swisstopo": "paved", "surface_sensebox": "unknown", "surface_sensebox_probability": 0.0, "match": "Unknown" }, "geometry": { "type": "Point", "coordinates": [ 8.767162684863784, 47.204790960663949 ] } },
{ "type": "Feature", "properties": { "timestamp": "2026-05-02T12:05:09.000Z", "latitude": 47.204798633294253, "longitude": 8.7670979527445425, "BELAGSART": 100, "surface_classification_asphalt": 0.14, "surface_classification_compacted": 0.65, "surface_classification_paving": 0.21, "surface_classification_sett": 0.0, "surface_classification_standing": 0.0, "surface_swisstopo": "paved", "surface_sensebox": "nature", "surface_sensebox_probability": 0.65, "match": "False" }, "geometry": { "type": "Point", "coordinates": [ 8.767097961407289, 47.204798643335216 ] } },
{ "type": "Feature", "properties": { "timestamp": "2026-05-02T12:05:10.000Z", "latitude": 47.204807083838148, "longitude": 8.7670357475513025, "BELAGSART": 100, "surface_classification_asphalt": null, "surface_classification_compacted": null, "surface_classification_paving": null, "surface_classification_sett": null, "surface_classification_standing": null, "surface_swisstopo": "paved", "surface_sensebox": "unknown", "surface_sensebox_probability": 0.0, "match": "Unknown" }, "geometry": { "type": "Point", "coordinates": [ 8.767035756213984, 47.20480709387914 ] } },
{ "type": "Feature", "properties": { "timestamp": "2026-05-02T12:05:11.000Z", "latitude": 47.204819952486986, "longitude": 8.7669760417359512, "BELAGSART": 100, "surface_classification_asphalt": null, "surface_classification_compacted": null, "surface_classification_paving": null, "surface_classification_sett": null, "surface_classification_standing": null, "surface_swisstopo": "paved", "surface_sensebox": "unknown", "surface_sensebox_probability": 0.0, "match": "Unknown" }, "geometry": { "type": "Point", "coordinates": [ 8.766976050398576, 47.204819962527971 ] } },
{ "type": "Feature", "properties": { "timestamp": "2026-05-02T12:05:12.000Z", "latitude": 47.20483319647105, "longitude": 8.7669208714974811, "BELAGSART": 100, "surface_classification_asphalt": 0.81, "surface_classification_compacted": 0.07, "surface_classification_paving": 0.1, "surface_classification_sett": 0.0, "surface_classification_standing": 0.02, "surface_swisstopo": "paved", "surface_sensebox": "paved", "surface_sensebox_probability": 0.81, "match": "True" }, "geometry": { "type": "Point", "coordinates": [ 8.766920880160043, 47.20483320651207 ] } },
{ "type": "Feature", "properties": { "timestamp": "2026-05-02T12:05:13.000Z", "latitude": 47.204843701056731, "longitude": 8.7668681044062353, "BELAGSART": 100, "surface_classification_asphalt": null, "surface_classification_compacted": null, "surface_classification_paving": null, "surface_classification_sett": null, "surface_classification_standing": null, "surface_swisstopo": "paved", "surface_sensebox": "unknown", "surface_sensebox_probability": 0.0, "match": "Unknown" }, "geometry": { "type": "Point", "coordinates": [ 8.766868113068748, 47.204843711097766 ] } },
{ "type": "Feature", "properties": { "timestamp": "2026-05-02T12:05:14.000Z", "latitude": 47.204843870810834, "longitude": 8.7668173180331035, "BELAGSART": 100, "surface_classification_asphalt": null, "surface_classification_compacted": null, "surface_classification_paving": null, "surface_classification_sett": null, "surface_classification_standing": null, "surface_swisstopo": "paved", "surface_sensebox": "unknown", "surface_sensebox_probability": 0.0, "match": "Unknown" }, "geometry": { "type": "Point", "coordinates": [ 8.766817326695566, 47.204843880851911 ] } },
{ "type": "Feature", "properties": { "timestamp": "2026-05-02T12:05:15.000Z", "latitude": 47.204848028570595, "longitude": 8.7667644198443551, "BELAGSART": 100, "surface_classification_asphalt": 0.18, "surface_classification_compacted": 0.6, "surface_classification_paving": 0.22, "surface_classification_sett": 0.0, "surface_classification_standing": 0.0, "surface_swisstopo": "paved", "surface_sensebox": "nature", "surface_sensebox_probability": 0.6, "match": "False" }, "geometry": { "type": "Point", "coordinates": [ 8.766764428506759, 47.204848038611694 ] } },
{ "type": "Feature", "properties": { "timestamp": "2026-05-02T12:05:16.000Z", "latitude": 47.204857595690456, "longitude": 8.7667134361700523, "BELAGSART": 100, "surface_classification_asphalt": null, "surface_classification_compacted": null, "surface_classification_paving": null, "surface_classification_sett": null, "surface_classification_standing": null, "surface_swisstopo": "paved", "surface_sensebox": "unknown", "surface_sensebox_probability": 0.0, "match": "Unknown" }, "geometry": { "type": "Point", "coordinates": [ 8.766713444832408, 47.204857605731576 ] } },
{ "type": "Feature", "properties": { "timestamp": "2026-05-02T12:05:17.000Z", "latitude": 47.204861766956675, "longitude": 8.7666666187964228, "BELAGSART": 100, "surface_classification_asphalt": null, "surface_classification_compacted": null, "surface_classification_paving": null, "surface_classification_sett": null, "surface_classification_standing": null, "surface_swisstopo": "paved", "surface_sensebox": "unknown", "surface_sensebox_probability": 0.0, "match": "Unknown" }, "geometry": { "type": "Point", "coordinates": [ 8.766666627458736, 47.204861776997774 ] } },
{ "type": "Feature", "properties": { "timestamp": "2026-05-02T12:05:18.000Z", "latitude": 47.204867917631233, "longitude": 8.7666203604308368, "BELAGSART": 100, "surface_classification_asphalt": 0.07, "surface_classification_compacted": 0.84, "surface_classification_paving": 0.08, "surface_classification_sett": 0.01, "surface_classification_standing": 0.0, "surface_swisstopo": "paved", "surface_sensebox": "nature", "surface_sensebox_probability": 0.84, "match": "False" }, "geometry": { "type": "Point", "coordinates": [ 8.766620369093102, 47.204867927672375 ] } },
{ "type": "Feature", "properties": { "timestamp": "2026-05-02T12:05:19.000Z", "latitude": 47.204871027187508, "longitude": 8.7665715577322079, "BELAGSART": 100, "surface_classification_asphalt": null, "surface_classification_compacted": null, "surface_classification_paving": null, "surface_classification_sett": null, "surface_classification_standing": null, "surface_swisstopo": "paved", "surface_sensebox": "unknown", "surface_sensebox_probability": 0.0, "match": "Unknown" }, "geometry": { "type": "Point", "coordinates": [ 8.766571566394424, 47.204871037228656 ] } },
{ "type": "Feature", "properties": { "timestamp": "2026-05-02T12:05:20.000Z", "latitude": 47.204871092252858, "longitude": 8.7665303237130505, "BELAGSART": 100, "surface_classification_asphalt": null, "surface_classification_compacted": null, "surface_classification_paving": null, "surface_classification_sett": null, "surface_classification_standing": null, "surface_swisstopo": "paved", "surface_sensebox": "unknown", "surface_sensebox_probability": 0.0, "match": "Unknown" }, "geometry": { "type": "Point", "coordinates": [ 8.766530332375227, 47.204871102294028 ] } },
{ "type": "Feature", "properties": { "timestamp": "2026-05-02T12:05:21.000Z", "latitude": 47.204865759957627, "longitude": 8.7664909602423133, "BELAGSART": 100, "surface_classification_asphalt": 0.03, "surface_classification_compacted": 0.84, "surface_classification_paving": 0.11, "surface_classification_sett": 0.03, "surface_classification_standing": 0.0, "surface_swisstopo": "paved", "surface_sensebox": "nature", "surface_sensebox_probability": 0.84, "match": "False" }, "geometry": { "type": "Point", "coordinates": [ 8.766490968904453, 47.204865769998818 ] } },
{ "type": "Feature", "properties": { "timestamp": "2026-05-02T12:05:22.000Z", "latitude": 47.204870637929872, "longitude": 8.7664536664565471, "BELAGSART": 100, "surface_classification_asphalt": null, "surface_classification_compacted": null, "surface_classification_paving": null, "surface_classification_sett": null, "surface_classification_standing": null, "surface_swisstopo": "paved", "surface_sensebox": "unknown", "surface_sensebox_probability": 0.0, "match": "Unknown" }, "geometry": { "type": "Point", "coordinates": [ 8.766453675118653, 47.204870647971035 ] } },
{ "type": "Feature", "properties": { "timestamp": "2026-05-02T12:05:23.000Z", "latitude": 47.204864799821834, "longitude": 8.766416972456522, "BELAGSART": 100, "surface_classification_asphalt": 0.12, "surface_classification_compacted": 0.79, "surface_classification_paving": 0.05, "surface_classification_sett": 0.04, "surface_classification_standing": 0.0, "surface_swisstopo": "paved", "surface_sensebox": "nature", "surface_sensebox_probability": 0.79, "match": "False" }, "geometry": { "type": "Point", "coordinates": [ 8.766416981118594, 47.204864809863039 ] } },
{ "type": "Feature", "properties": { "timestamp": "2026-05-02T12:05:24.000Z", "latitude": 47.204843519819072, "longitude": 8.7663933386520263, "BELAGSART": 100, "surface_classification_asphalt": null, "surface_classification_compacted": null, "surface_classification_paving": null, "surface_classification_sett": null, "surface_classification_standing": null, "surface_swisstopo": "paved", "surface_sensebox": "unknown", "surface_sensebox_probability": 0.0, "match": "Unknown" }, "geometry": { "type": "Point", "coordinates": [ 8.76639334731408, 47.204843529860234 ] } },
{ "type": "Feature", "properties": { "timestamp": "2026-05-02T12:05:25.000Z", "latitude": 47.204806092070456, "longitude": 8.7663914552894866, "BELAGSART": 100, "surface_classification_asphalt": null, "surface_classification_compacted": null, "surface_classification_paving": null, "surface_classification_sett": null, "surface_classification_standing": null, "surface_swisstopo": "paved", "surface_sensebox": "unknown", "surface_sensebox_probability": 0.0, "match": "Unknown" }, "geometry": { "type": "Point", "coordinates": [ 8.766391463951548, 47.204806102111654 ] } },
{ "type": "Feature", "properties": { "timestamp": "2026-05-02T12:05:26.000Z", "latitude": 47.204762238605632, "longitude": 8.7663851158462638, "BELAGSART": 100, "surface_classification_asphalt": 0.07, "surface_classification_compacted": 0.86, "surface_classification_paving": 0.05, "surface_classification_sett": 0.02, "surface_classification_standing": 0.0, "surface_swisstopo": "paved", "surface_sensebox": "nature", "surface_sensebox_probability": 0.86, "match": "False" }, "geometry": { "type": "Point", "coordinates": [ 8.766385124508338, 47.204762248646809 ] } },
{ "type": "Feature", "properties": { "timestamp": "2026-05-02T12:05:27.000Z", "latitude": 47.20472556966314, "longitude": 8.7663785925568707, "BELAGSART": 100, "surface_classification_asphalt": null, "surface_classification_compacted": null, "surface_classification_paving": null, "surface_classification_sett": null, "surface_classification_standing": null, "surface_swisstopo": "paved", "surface_sensebox": "unknown", "surface_sensebox_probability": 0.0, "match": "Unknown" }, "geometry": { "type": "Point", "coordinates": [ 8.766378601218952, 47.204725579704331 ] } },
{ "type": "Feature", "properties": { "timestamp": "2026-05-02T12:05:28.999Z", "latitude": 47.204632945241805, "longitude": 8.7663688942212659, "BELAGSART": 100, "surface_classification_asphalt": 0.63, "surface_classification_compacted": 0.07, "surface_classification_paving": 0.29, "surface_classification_sett": 0.0, "surface_classification_standing": 0.0, "surface_swisstopo": "paved", "surface_sensebox": "paved", "surface_sensebox_probability": 0.63, "match": "True" }, "geometry": { "type": "Point", "coordinates": [ 8.766368902883359, 47.204632955282953 ] } },
{ "type": "Feature", "properties": { "timestamp": "2026-05-02T12:05:29.999Z", "latitude": 47.204606600799963, "longitude": 8.7663672678520577, "BELAGSART": 100, "surface_classification_asphalt": null, "surface_classification_compacted": null, "surface_classification_paving": null, "surface_classification_sett": null, "surface_classification_standing": null, "surface_swisstopo": "paved", "surface_sensebox": "unknown", "surface_sensebox_probability": 0.0, "match": "Unknown" }, "geometry": { "type": "Point", "coordinates": [ 8.766367276514162, 47.204606610841083 ] } },
{ "type": "Feature", "properties": { "timestamp": "2026-05-02T12:05:30.999Z", "latitude": 47.204570925322081, "longitude": 8.7663554706367481, "BELAGSART": 100, "surface_classification_asphalt": null, "surface_classification_compacted": null, "surface_classification_paving": null, "surface_classification_sett": null, "surface_classification_standing": null, "surface_swisstopo": "paved", "surface_sensebox": "unknown", "surface_sensebox_probability": 0.0, "match": "Unknown" }, "geometry": { "type": "Point", "coordinates": [ 8.766355479298847, 47.204570935363165 ] } },
{ "type": "Feature", "properties": { "timestamp": "2026-05-02T12:05:31.999Z", "latitude": 47.204540610084543, "longitude": 8.7663503724043821, "BELAGSART": 100, "surface_classification_asphalt": 0.4, "surface_classification_compacted": 0.5, "surface_classification_paving": 0.08, "surface_classification_sett": 0.02, "surface_classification_standing": 0.0, "surface_swisstopo": "paved", "surface_sensebox": "unknown", "surface_sensebox_probability": 0.5, "match": "Unknown" }, "geometry": { "type": "Point", "coordinates": [ 8.76635038106649, 47.204540620125613 ] } },
{ "type": "Feature", "properties": { "timestamp": "2026-05-02T12:05:32.999Z", "latitude": 47.204507655017572, "longitude": 8.766336611290118, "BELAGSART": 100, "surface_classification_asphalt": null, "surface_classification_compacted": null, "surface_classification_paving": null, "surface_classification_sett": null, "surface_classification_standing": null, "surface_swisstopo": "paved", "surface_sensebox": "unknown", "surface_sensebox_probability": 0.0, "match": "Unknown" }, "geometry": { "type": "Point", "coordinates": [ 8.766336619952222, 47.204507665058692 ] } },
{ "type": "Feature", "properties": { "timestamp": "2026-05-02T12:05:33.999Z", "latitude": 47.204487943224457, "longitude": 8.7663349194042617, "BELAGSART": 100, "surface_classification_asphalt": null, "surface_classification_compacted": null, "surface_classification_paving": null, "surface_classification_sett": null, "surface_classification_standing": null, "surface_swisstopo": "paved", "surface_sensebox": "unknown", "surface_sensebox_probability": 0.0, "match": "Unknown" }, "geometry": { "type": "Point", "coordinates": [ 8.766334928066371, 47.204487953265556 ] } },
{ "type": "Feature", "properties": { "timestamp": "2026-05-02T12:05:34.999Z", "latitude": 47.204461914767094, "longitude": 8.7663217885614255, "BELAGSART": 100, "surface_classification_asphalt": 0.86, "surface_classification_compacted": 0.0, "surface_classification_paving": 0.08, "surface_classification_sett": 0.0, "surface_classification_standing": 0.05, "surface_swisstopo": "paved", "surface_sensebox": "paved", "surface_sensebox_probability": 0.86, "match": "True" }, "geometry": { "type": "Point", "coordinates": [ 8.766321797223526, 47.204461924808179 ] } },
{ "type": "Feature", "properties": { "timestamp": "2026-05-02T12:05:35.999Z", "latitude": 47.204441969068277, "longitude": 8.7663100531981613, "BELAGSART": 100, "surface_classification_asphalt": null, "surface_classification_compacted": null, "surface_classification_paving": null, "surface_classification_sett": null, "surface_classification_standing": null, "surface_swisstopo": "paved", "surface_sensebox": "unknown", "surface_sensebox_probability": 0.0, "match": "Unknown" }, "geometry": { "type": "Point", "coordinates": [ 8.766310061860262, 47.204441979109333 ] } },
{ "type": "Feature", "properties": { "timestamp": "2026-05-02T12:05:36.999Z", "latitude": 47.204419912923107, "longitude": 8.7662965561488146, "BELAGSART": 100, "surface_classification_asphalt": 0.77, "surface_classification_compacted": 0.0, "surface_classification_paving": 0.18, "surface_classification_sett": 0.0, "surface_classification_standing": 0.04, "surface_swisstopo": "paved", "surface_sensebox": "paved", "surface_sensebox_probability": 0.77, "match": "True" }, "geometry": { "type": "Point", "coordinates": [ 8.766296564810908, 47.204419922964171 ] } },
{ "type": "Feature", "properties": { "timestamp": "2026-05-02T12:05:37.999Z", "latitude": 47.204394465410189, "longitude": 8.7662800616321253, "BELAGSART": 100, "surface_classification_asphalt": null, "surface_classification_compacted": null, "surface_classification_paving": null, "surface_classification_sett": null, "surface_classification_standing": null, "surface_swisstopo": "paved", "surface_sensebox": "unknown", "surface_sensebox_probability": 0.0, "match": "Unknown" }, "geometry": { "type": "Point", "coordinates": [ 8.766280070294211, 47.204394475451274 ] } },
{ "type": "Feature", "properties": { "timestamp": "2026-05-02T12:05:38.999Z", "latitude": 47.204380097549837, "longitude": 8.7662603953947702, "BELAGSART": 100, "surface_classification_asphalt": null, "surface_classification_compacted": null, "surface_classification_paving": null, "surface_classification_sett": null, "surface_classification_standing": null, "surface_swisstopo": "paved", "surface_sensebox": "unknown", "surface_sensebox_probability": 0.0, "match": "Unknown" }, "geometry": { "type": "Point", "coordinates": [ 8.76626040405684, 47.204380107590879 ] } },
{ "type": "Feature", "properties": { "timestamp": "2026-05-02T12:05:39.999Z", "latitude": 47.204350206589659, "longitude": 8.7662589375419593, "BELAGSART": 100, "surface_classification_asphalt": 0.75, "surface_classification_compacted": 0.04, "surface_classification_paving": 0.2, "surface_classification_sett": 0.0, "surface_classification_standing": 0.01, "surface_swisstopo": "paved", "surface_sensebox": "paved", "surface_sensebox_probability": 0.75, "match": "True" }, "geometry": { "type": "Point", "coordinates": [ 8.766258946204035, 47.204350216630679 ] } },
{ "type": "Feature", "properties": { "timestamp": "2026-05-02T12:05:40.999Z", "latitude": 47.204325221742131, "longitude": 8.7662357614406829, "BELAGSART": 100, "surface_classification_asphalt": null, "surface_classification_compacted": null, "surface_classification_paving": null, "surface_classification_sett": null, "surface_classification_standing": null, "surface_swisstopo": "paved", "surface_sensebox": "unknown", "surface_sensebox_probability": 0.0, "match": "Unknown" }, "geometry": { "type": "Point", "coordinates": [ 8.766235770102751, 47.204325231783166 ] } },
{ "type": "Feature", "properties": { "timestamp": "2026-05-02T12:05:41.999Z", "latitude": 47.204303892799452, "longitude": 8.7662206937767984, "BELAGSART": 100, "surface_classification_asphalt": null, "surface_classification_compacted": null, "surface_classification_paving": null, "surface_classification_sett": null, "surface_classification_standing": null, "surface_swisstopo": "paved", "surface_sensebox": "unknown", "surface_sensebox_probability": 0.0, "match": "Unknown" }, "geometry": { "type": "Point", "coordinates": [ 8.766220702438849, 47.204303902840472 ] } },
{ "type": "Feature", "properties": { "timestamp": "2026-05-02T12:05:42.999Z", "latitude": 47.204276062331957, "longitude": 8.7661961281010008, "BELAGSART": 100, "surface_classification_asphalt": 0.29, "surface_classification_compacted": 0.63, "surface_classification_paving": 0.07, "surface_classification_sett": 0.0, "surface_classification_standing": 0.0, "surface_swisstopo": "paved", "surface_sensebox": "nature", "surface_sensebox_probability": 0.63, "match": "False" }, "geometry": { "type": "Point", "coordinates": [ 8.766196136763041, 47.20427607237302 ] } },
{ "type": "Feature", "properties": { "timestamp": "2026-05-02T12:05:43.999Z", "latitude": 47.204246457000174, "longitude": 8.766173656097207, "BELAGSART": 100, "surface_classification_asphalt": null, "surface_classification_compacted": null, "surface_classification_paving": null, "surface_classification_sett": null, "surface_classification_standing": null, "surface_swisstopo": "paved", "surface_sensebox": "unknown", "surface_sensebox_probability": 0.0, "match": "Unknown" }, "geometry": { "type": "Point", "coordinates": [ 8.766173664759236, 47.204246467041187 ] } },
{ "type": "Feature", "properties": { "timestamp": "2026-05-02T12:05:44.999Z", "latitude": 47.204219136719587, "longitude": 8.7661457592021321, "BELAGSART": 100, "surface_classification_asphalt": null, "surface_classification_compacted": null, "surface_classification_paving": null, "surface_classification_sett": null, "surface_classification_standing": null, "surface_swisstopo": "paved", "surface_sensebox": "unknown", "surface_sensebox_probability": 0.0, "match": "Unknown" }, "geometry": { "type": "Point", "coordinates": [ 8.766145767864138, 47.204219146760664 ] } },
{ "type": "Feature", "properties": { "timestamp": "2026-05-02T12:05:45.999Z", "latitude": 47.204190854866397, "longitude": 8.7661294484189956, "BELAGSART": 100, "surface_classification_asphalt": 0.33, "surface_classification_compacted": 0.37, "surface_classification_paving": 0.29, "surface_classification_sett": 0.01, "surface_classification_standing": 0.0, "surface_swisstopo": "paved", "surface_sensebox": "unknown", "surface_sensebox_probability": 0.37, "match": "Unknown" }, "geometry": { "type": "Point", "coordinates": [ 8.766129457081, 47.204190864907467 ] } },
{ "type": "Feature", "properties": { "timestamp": "2026-05-02T12:05:46.999Z", "latitude": 47.204150267306538, "longitude": 8.7661144815209706, "BELAGSART": 100, "surface_classification_asphalt": null, "surface_classification_compacted": null, "surface_classification_paving": null, "surface_classification_sett": null, "surface_classification_standing": null, "surface_swisstopo": "paved", "surface_sensebox": "unknown", "surface_sensebox_probability": 0.0, "match": "Unknown" }, "geometry": { "type": "Point", "coordinates": [ 8.76611449018297, 47.204150277347537 ] } },
{ "type": "Feature", "properties": { "timestamp": "2026-05-02T12:05:47.999Z", "latitude": 47.204118125188906, "longitude": 8.7660888936352528, "BELAGSART": 100, "surface_classification_asphalt": null, "surface_classification_compacted": null, "surface_classification_paving": null, "surface_classification_sett": null, "surface_classification_standing": null, "surface_swisstopo": "paved", "surface_sensebox": "unknown", "surface_sensebox_probability": 0.0, "match": "Unknown" }, "geometry": { "type": "Point", "coordinates": [ 8.766088902297239, 47.204118135229962 ] } },
{ "type": "Feature", "properties": { "timestamp": "2026-05-02T12:05:48.999Z", "latitude": 47.20408016933483, "longitude": 8.7660591160614736, "BELAGSART": 100, "surface_classification_asphalt": 0.42, "surface_classification_compacted": 0.38, "surface_classification_paving": 0.2, "surface_classification_sett": 0.0, "surface_classification_standing": 0.0, "surface_swisstopo": "paved", "surface_sensebox": "unknown", "surface_sensebox_probability": 0.42, "match": "Unknown" }, "geometry": { "type": "Point", "coordinates": [ 8.766059124723441, 47.204080179375829 ] } },
{ "type": "Feature", "properties": { "timestamp": "2026-05-02T12:05:49.999Z", "latitude": 47.204042057350961, "longitude": 8.766032733151679, "BELAGSART": 100, "surface_classification_asphalt": null, "surface_classification_compacted": null, "surface_classification_paving": null, "surface_classification_sett": null, "surface_classification_standing": null, "surface_swisstopo": "paved", "surface_sensebox": "unknown", "surface_sensebox_probability": 0.0, "match": "Unknown" }, "geometry": { "type": "Point", "coordinates": [ 8.766032741813635, 47.204042067391953 ] } },
{ "type": "Feature", "properties": { "timestamp": "2026-05-02T12:05:50.999Z", "latitude": 47.204007208029239, "longitude": 8.7660057851769668, "BELAGSART": 100, "surface_classification_asphalt": null, "surface_classification_compacted": null, "surface_classification_paving": null, "surface_classification_sett": null, "surface_classification_standing": null, "surface_swisstopo": "paved", "surface_sensebox": "unknown", "surface_sensebox_probability": 0.0, "match": "Unknown" }, "geometry": { "type": "Point", "coordinates": [ 8.766005793838907, 47.204007218070252 ] } },
{ "type": "Feature", "properties": { "timestamp": "2026-05-02T12:05:51.999Z", "latitude": 47.203970863701592, "longitude": 8.7659773285002913, "BELAGSART": 100, "surface_classification_asphalt": 0.27, "surface_classification_compacted": 0.03, "surface_classification_paving": 0.22, "surface_classification_sett": 0.48, "surface_classification_standing": 0.0, "surface_swisstopo": "paved", "surface_sensebox": "unknown", "surface_sensebox_probability": 0.48, "match": "Unknown" }, "geometry": { "type": "Point", "coordinates": [ 8.765977337162214, 47.20397087374262 ] } },
{ "type": "Feature", "properties": { "timestamp": "2026-05-02T12:05:52.999Z", "latitude": 47.203933611406768, "longitude": 8.7659573511398854, "BELAGSART": 100, "surface_classification_asphalt": null, "surface_classification_compacted": null, "surface_classification_paving": null, "surface_classification_sett": null, "surface_classification_standing": null, "surface_swisstopo": "paved", "surface_sensebox": "unknown", "surface_sensebox_probability": 0.0, "match": "Unknown" }, "geometry": { "type": "Point", "coordinates": [ 8.765957359801803, 47.203933621447774 ] } },
{ "type": "Feature", "properties": { "timestamp": "2026-05-02T12:05:53.999Z", "latitude": 47.203902293044742, "longitude": 8.7659377638029881, "BELAGSART": 100, "surface_classification_asphalt": 0.18, "surface_classification_compacted": 0.63, "surface_classification_paving": 0.13, "surface_classification_sett": 0.06, "surface_classification_standing": 0.0, "surface_swisstopo": "paved", "surface_sensebox": "nature", "surface_sensebox_probability": 0.63, "match": "False" }, "geometry": { "type": "Point", "coordinates": [ 8.765937772464895, 47.203902303085776 ] } },
{ "type": "Feature", "properties": { "timestamp": "2026-05-02T12:05:54.999Z", "latitude": 47.203870697161705, "longitude": 8.7659174408688685, "BELAGSART": 100, "surface_classification_asphalt": null, "surface_classification_compacted": null, "surface_classification_paving": null, "surface_classification_sett": null, "surface_classification_standing": null, "surface_swisstopo": "paved", "surface_sensebox": "unknown", "surface_sensebox_probability": 0.0, "match": "Unknown" }, "geometry": { "type": "Point", "coordinates": [ 8.765917449530765, 47.20387070720269 ] } },
{ "type": "Feature", "properties": { "timestamp": "2026-05-02T12:05:55.999Z", "latitude": 47.203843119638869, "longitude": 8.7658988026170537, "BELAGSART": 100, "surface_classification_asphalt": null, "surface_classification_compacted": null, "surface_classification_paving": null, "surface_classification_sett": null, "surface_classification_standing": null, "surface_swisstopo": "paved", "surface_sensebox": "unknown", "surface_sensebox_probability": 0.0, "match": "Unknown" }, "geometry": { "type": "Point", "coordinates": [ 8.765898811278943, 47.203843129679818 ] } },
{ "type": "Feature", "properties": { "timestamp": "2026-05-02T12:05:56.999Z", "latitude": 47.203816847272535, "longitude": 8.765882968787265, "BELAGSART": 100, "surface_classification_asphalt": 0.04, "surface_classification_compacted": 0.38, "surface_classification_paving": 0.21, "surface_classification_sett": 0.38, "surface_classification_standing": 0.0, "surface_swisstopo": "paved", "surface_sensebox": "unknown", "surface_sensebox_probability": 0.38, "match": "Unknown" }, "geometry": { "type": "Point", "coordinates": [ 8.765882977449147, 47.203816857313541 ] } },
{ "type": "Feature", "properties": { "timestamp": "2026-05-02T12:05:57.999Z", "latitude": 47.203793108577614, "longitude": 8.765850422723279, "BELAGSART": 100, "surface_classification_asphalt": null, "surface_classification_compacted": null, "surface_classification_paving": null, "surface_classification_sett": null, "surface_classification_standing": null, "surface_swisstopo": "paved", "surface_sensebox": "unknown", "surface_sensebox_probability": 0.0, "match": "Unknown" }, "geometry": { "type": "Point", "coordinates": [ 8.765850431385141, 47.203793118618613 ] } },
{ "type": "Feature", "properties": { "timestamp": "2026-05-02T12:05:58.999Z", "latitude": 47.203769227462729, "longitude": 8.7658401820778185, "BELAGSART": 100, "surface_classification_asphalt": null, "surface_classification_compacted": null, "surface_classification_paving": null, "surface_classification_sett": null, "surface_classification_standing": null, "surface_swisstopo": "paved", "surface_sensebox": "unknown", "surface_sensebox_probability": 0.0, "match": "Unknown" }, "geometry": { "type": "Point", "coordinates": [ 8.765840190739672, 47.203769237503707 ] } },
{ "type": "Feature", "properties": { "timestamp": "2026-05-02T12:05:59.999Z", "latitude": 47.203739998652573, "longitude": 8.7658218944775967, "BELAGSART": 100, "surface_classification_asphalt": 0.04, "surface_classification_compacted": 0.85, "surface_classification_paving": 0.07, "surface_classification_sett": 0.05, "surface_classification_standing": 0.0, "surface_swisstopo": "paved", "surface_sensebox": "nature", "surface_sensebox_probability": 0.85, "match": "False" }, "geometry": { "type": "Point", "coordinates": [ 8.76582190313944, 47.203740008693579 ] } },
{ "type": "Feature", "properties": { "timestamp": "2026-05-02T12:06:00.999Z", "latitude": 47.203716467334075, "longitude": 8.765806502137286, "BELAGSART": 100, "surface_classification_asphalt": null, "surface_classification_compacted": null, "surface_classification_paving": null, "surface_classification_sett": null, "surface_classification_standing": null, "surface_swisstopo": "paved", "surface_sensebox": "unknown", "surface_sensebox_probability": 0.0, "match": "Unknown" }, "geometry": { "type": "Point", "coordinates": [ 8.765806510799125, 47.203716477375011 ] } },
{ "type": "Feature", "properties": { "timestamp": "2026-05-02T12:06:01.999Z", "latitude": 47.203695025558794, "longitude": 8.7657949746228319, "BELAGSART": 100, "surface_classification_asphalt": null, "surface_classification_compacted": null, "surface_classification_paving": null, "surface_classification_sett": null, "surface_classification_standing": null, "surface_swisstopo": "paved", "surface_sensebox": "unknown", "surface_sensebox_probability": 0.0, "match": "Unknown" }, "geometry": { "type": "Point", "coordinates": [ 8.765794983284673, 47.203695035599772 ] } },
{ "type": "Feature", "properties": { "timestamp": "2026-05-02T12:06:02.999Z", "latitude": 47.203669233757715, "longitude": 8.7657744022284696, "BELAGSART": 100, "surface_classification_asphalt": 0.65, "surface_classification_compacted": 0.3, "surface_classification_paving": 0.05, "surface_classification_sett": 0.0, "surface_classification_standing": 0.0, "surface_swisstopo": "paved", "surface_sensebox": "paved", "surface_sensebox_probability": 0.65, "match": "True" }, "geometry": { "type": "Point", "coordinates": [ 8.765774410890291, 47.203669243798714 ] } },
{ "type": "Feature", "properties": { "timestamp": "2026-05-02T12:06:03.999Z", "latitude": 47.203641828937613, "longitude": 8.7657506615114205, "BELAGSART": 100, "surface_classification_asphalt": null, "surface_classification_compacted": null, "surface_classification_paving": null, "surface_classification_sett": null, "surface_classification_standing": null, "surface_swisstopo": "paved", "surface_sensebox": "unknown", "surface_sensebox_probability": 0.0, "match": "Unknown" }, "geometry": { "type": "Point", "coordinates": [ 8.765750670173231, 47.203641838978548 ] } },
{ "type": "Feature", "properties": { "timestamp": "2026-05-02T12:06:04.999Z", "latitude": 47.2036135369448, "longitude": 8.765720685336106, "BELAGSART": 100, "surface_classification_asphalt": null, "surface_classification_compacted": null, "surface_classification_paving": null, "surface_classification_sett": null, "surface_classification_standing": null, "surface_swisstopo": "paved", "surface_sensebox": "unknown", "surface_sensebox_probability": 0.0, "match": "Unknown" }, "geometry": { "type": "Point", "coordinates": [ 8.765720693997896, 47.20361354698575 ] } },
{ "type": "Feature", "properties": { "timestamp": "2026-05-02T12:06:05.999Z", "latitude": 47.203584007466787, "longitude": 8.7656919494011714, "BELAGSART": 100, "surface_classification_asphalt": 0.26, "surface_classification_compacted": 0.37, "surface_classification_paving": 0.29, "surface_classification_sett": 0.08, "surface_classification_standing": 0.0, "surface_swisstopo": "paved", "surface_sensebox": "unknown", "surface_sensebox_probability": 0.37, "match": "Unknown" }, "geometry": { "type": "Point", "coordinates": [ 8.765691958062941, 47.203584017507744 ] } },
{ "type": "Feature", "properties": { "timestamp": "2026-05-02T12:06:07.998Z", "latitude": 47.203548355694139, "longitude": 8.7656218923149574, "BELAGSART": 100, "surface_classification_asphalt": 0.25, "surface_classification_compacted": 0.54, "surface_classification_paving": 0.22, "surface_classification_sett": 0.0, "surface_classification_standing": 0.0, "surface_swisstopo": "paved", "surface_sensebox": "nature", "surface_sensebox_probability": 0.54, "match": "False" }, "geometry": { "type": "Point", "coordinates": [ 8.765621900976674, 47.203548365735124 ] } },
{ "type": "Feature", "properties": { "timestamp": "2026-05-02T12:06:08.998Z", "latitude": 47.203556622022589, "longitude": 8.7655770613579271, "BELAGSART": 100, "surface_classification_asphalt": null, "surface_classification_compacted": null, "surface_classification_paving": null, "surface_classification_sett": null, "surface_classification_standing": null, "surface_swisstopo": "paved", "surface_sensebox": "unknown", "surface_sensebox_probability": 0.0, "match": "Unknown" }, "geometry": { "type": "Point", "coordinates": [ 8.765577070019598, 47.203556632063581 ] } },
{ "type": "Feature", "properties": { "timestamp": "2026-05-02T12:06:09.998Z", "latitude": 47.203566482993125, "longitude": 8.7655271846370617, "BELAGSART": 100, "surface_classification_asphalt": null, "surface_classification_compacted": null, "surface_classification_paving": null, "surface_classification_sett": null, "surface_classification_standing": null, "surface_swisstopo": "paved", "surface_sensebox": "unknown", "surface_sensebox_probability": 0.0, "match": "Unknown" }, "geometry": { "type": "Point", "coordinates": [ 8.765527193298681, 47.203566493034081 ] } },
{ "type": "Feature", "properties": { "timestamp": "2026-05-02T12:06:10.998Z", "latitude": 47.203586430337218, "longitude": 8.7654789447504378, "BELAGSART": 100, "surface_classification_asphalt": 0.43, "surface_classification_compacted": 0.18, "surface_classification_paving": 0.31, "surface_classification_sett": 0.07, "surface_classification_standing": 0.02, "surface_swisstopo": "paved", "surface_sensebox": "unknown", "surface_sensebox_probability": 0.43, "match": "Unknown" }, "geometry": { "type": "Point", "coordinates": [ 8.765478953412003, 47.203586440378238 ] } },
{ "type": "Feature", "properties": { "timestamp": "2026-05-02T12:06:11.998Z", "latitude": 47.203600591560999, "longitude": 8.7654278697906314, "BELAGSART": 100, "surface_classification_asphalt": null, "surface_classification_compacted": null, "surface_classification_paving": null, "surface_classification_sett": null, "surface_classification_standing": null, "surface_swisstopo": "paved", "surface_sensebox": "unknown", "surface_sensebox_probability": 0.0, "match": "Unknown" }, "geometry": { "type": "Point", "coordinates": [ 8.765427878452142, 47.203600601602048 ] } },
{ "type": "Feature", "properties": { "timestamp": "2026-05-02T12:06:12.998Z", "latitude": 47.203617675177071, "longitude": 8.765374016857125, "BELAGSART": 100, "surface_classification_asphalt": null, "surface_classification_compacted": null, "surface_classification_paving": null, "surface_classification_sett": null, "surface_classification_standing": null, "surface_swisstopo": "paved", "surface_sensebox": "unknown", "surface_sensebox_probability": 0.0, "match": "Unknown" }, "geometry": { "type": "Point", "coordinates": [ 8.765374025518582, 47.203617685218148 ] } },
{ "type": "Feature", "properties": { "timestamp": "2026-05-02T12:06:13.998Z", "latitude": 47.203637219073741, "longitude": 8.7653102845200515, "BELAGSART": 100, "surface_classification_asphalt": 0.29, "surface_classification_compacted": 0.51, "surface_classification_paving": 0.18, "surface_classification_sett": 0.02, "surface_classification_standing": 0.0, "surface_swisstopo": "paved", "surface_sensebox": "nature", "surface_sensebox_probability": 0.51, "match": "False" }, "geometry": { "type": "Point", "coordinates": [ 8.765310293181436, 47.20363722911484 ] } },
{ "type": "Feature", "properties": { "timestamp": "2026-05-02T12:06:14.998Z", "latitude": 47.203650026948928, "longitude": 8.7652479890199828, "BELAGSART": 100, "surface_classification_asphalt": null, "surface_classification_compacted": null, "surface_classification_paving": null, "surface_classification_sett": null, "surface_classification_standing": null, "surface_swisstopo": "paved", "surface_sensebox": "unknown", "surface_sensebox_probability": 0.0, "match": "Unknown" }, "geometry": { "type": "Point", "coordinates": [ 8.765247997681303, 47.203650036990062 ] } },
{ "type": "Feature", "properties": { "timestamp": "2026-05-02T12:06:15.998Z", "latitude": 47.20366355679834, "longitude": 8.7651817061238972, "BELAGSART": 100, "surface_classification_asphalt": null, "surface_classification_compacted": null, "surface_classification_paving": null, "surface_classification_sett": null, "surface_classification_standing": null, "surface_swisstopo": "paved", "surface_sensebox": "unknown", "surface_sensebox_probability": 0.0, "match": "Unknown" }, "geometry": { "type": "Point", "coordinates": [ 8.765181714785154, 47.203663566839488 ] } },
{ "type": "Feature", "properties": { "timestamp": "2026-05-02T12:06:16.998Z", "latitude": 47.203683684114026, "longitude": 8.7651107943081907, "BELAGSART": 100, "surface_classification_asphalt": 0.19, "surface_classification_compacted": 0.42, "surface_classification_paving": 0.37, "surface_classification_sett": 0.02, "surface_classification_standing": 0.0, "surface_swisstopo": "paved", "surface_sensebox": "unknown", "surface_sensebox_probability": 0.42, "match": "Unknown" }, "geometry": { "type": "Point", "coordinates": [ 8.765110802969373, 47.203683694155188 ] } },
{ "type": "Feature", "properties": { "timestamp": "2026-05-02T12:06:17.998Z", "latitude": 47.203708060029257, "longitude": 8.7650386306431063, "BELAGSART": 100, "surface_classification_asphalt": null, "surface_classification_compacted": null, "surface_classification_paving": null, "surface_classification_sett": null, "surface_classification_standing": null, "surface_swisstopo": "paved", "surface_sensebox": "unknown", "surface_sensebox_probability": 0.0, "match": "Unknown" }, "geometry": { "type": "Point", "coordinates": [ 8.76503863930421, 47.203708070070462 ] } },
{ "type": "Feature", "properties": { "timestamp": "2026-05-02T12:06:18.998Z", "latitude": 47.203722942792865, "longitude": 8.7649622608262998, "BELAGSART": 100, "surface_classification_asphalt": null, "surface_classification_compacted": null, "surface_classification_paving": null, "surface_classification_sett": null, "surface_classification_standing": null, "surface_swisstopo": "paved", "surface_sensebox": "unknown", "surface_sensebox_probability": 0.0, "match": "Unknown" }, "geometry": { "type": "Point", "coordinates": [ 8.764962269487324, 47.203722952834084 ] } },
{ "type": "Feature", "properties": { "timestamp": "2026-05-02T12:06:19.998Z", "latitude": 47.203744876070651, "longitude": 8.7648888149441131, "BELAGSART": 100, "surface_classification_asphalt": 0.25, "surface_classification_compacted": 0.31, "surface_classification_paving": 0.43, "surface_classification_sett": 0.01, "surface_classification_standing": 0.0, "surface_swisstopo": "paved", "surface_sensebox": "unknown", "surface_sensebox_probability": 0.43, "match": "Unknown" }, "geometry": { "type": "Point", "coordinates": [ 8.764888823605066, 47.203744886111913 ] } },
{ "type": "Feature", "properties": { "timestamp": "2026-05-02T12:06:20.998Z", "latitude": 47.203768539886497, "longitude": 8.7648210093343337, "BELAGSART": 100, "surface_classification_asphalt": null, "surface_classification_compacted": null, "surface_classification_paving": null, "surface_classification_sett": null, "surface_classification_standing": null, "surface_swisstopo": "paved", "surface_sensebox": "unknown", "surface_sensebox_probability": 0.0, "match": "Unknown" }, "geometry": { "type": "Point", "coordinates": [ 8.764821017995207, 47.203768549927759 ] } },
{ "type": "Feature", "properties": { "timestamp": "2026-05-02T12:06:21.998Z", "latitude": 47.203780420985282, "longitude": 8.7647515977554029, "BELAGSART": 100, "surface_classification_asphalt": 0.63, "surface_classification_compacted": 0.05, "surface_classification_paving": 0.32, "surface_classification_sett": 0.0, "surface_classification_standing": 0.0, "surface_swisstopo": "paved", "surface_sensebox": "paved", "surface_sensebox_probability": 0.63, "match": "True" }, "geometry": { "type": "Point", "coordinates": [ 8.764751606416208, 47.20378043102663 ] } },
{ "type": "Feature", "properties": { "timestamp": "2026-05-02T12:06:22.998Z", "latitude": 47.203790363090008, "longitude": 8.7646919976737667, "BELAGSART": 100, "surface_classification_asphalt": null, "surface_classification_compacted": null, "surface_classification_paving": null, "surface_classification_sett": null, "surface_classification_standing": null, "surface_swisstopo": "paved", "surface_sensebox": "unknown", "surface_sensebox_probability": 0.0, "match": "Unknown" }, "geometry": { "type": "Point", "coordinates": [ 8.764692006334512, 47.203790373131298 ] } },
{ "type": "Feature", "properties": { "timestamp": "2026-05-02T12:06:23.998Z", "latitude": 47.203804743206568, "longitude": 8.7646337059367738, "BELAGSART": 100, "surface_classification_asphalt": null, "surface_classification_compacted": null, "surface_classification_paving": null, "surface_classification_sett": null, "surface_classification_standing": null, "surface_swisstopo": "paved", "surface_sensebox": "unknown", "surface_sensebox_probability": 0.0, "match": "Unknown" }, "geometry": { "type": "Point", "coordinates": [ 8.764633714597457, 47.203804753247937 ] } },
{ "type": "Feature", "properties": { "timestamp": "2026-05-02T12:06:24.998Z", "latitude": 47.203817543551629, "longitude": 8.764581619348716, "BELAGSART": 100, "surface_classification_asphalt": 0.63, "surface_classification_compacted": 0.07, "surface_classification_paving": 0.23, "surface_classification_sett": 0.01, "surface_classification_standing": 0.06, "surface_swisstopo": "paved", "surface_sensebox": "paved", "surface_sensebox_probability": 0.63, "match": "True" }, "geometry": { "type": "Point", "coordinates": [ 8.764581628009346, 47.203817553592998 ] } },
{ "type": "Feature", "properties": { "timestamp": "2026-05-02T12:06:25.998Z", "latitude": 47.203836364754984, "longitude": 8.7645317840603134, "BELAGSART": 100, "surface_classification_asphalt": null, "surface_classification_compacted": null, "surface_classification_paving": null, "surface_classification_sett": null, "surface_classification_standing": null, "surface_swisstopo": "paved", "surface_sensebox": "unknown", "surface_sensebox_probability": 0.0, "match": "Unknown" }, "geometry": { "type": "Point", "coordinates": [ 8.764531792720886, 47.203836374796381 ] } },
{ "type": "Feature", "properties": { "timestamp": "2026-05-02T12:06:26.998Z", "latitude": 47.203843459940749, "longitude": 8.7644792158536031, "BELAGSART": 100, "surface_classification_asphalt": null, "surface_classification_compacted": null, "surface_classification_paving": null, "surface_classification_sett": null, "surface_classification_standing": null, "surface_swisstopo": "paved", "surface_sensebox": "unknown", "surface_sensebox_probability": 0.0, "match": "Unknown" }, "geometry": { "type": "Point", "coordinates": [ 8.764479224514126, 47.203843469982161 ] } },
{ "type": "Feature", "properties": { "timestamp": "2026-05-02T12:06:27.998Z", "latitude": 47.203858820286243, "longitude": 8.764430868539403, "BELAGSART": 100, "surface_classification_asphalt": 0.68, "surface_classification_compacted": 0.18, "surface_classification_paving": 0.11, "surface_classification_sett": 0.01, "surface_classification_standing": 0.01, "surface_swisstopo": "paved", "surface_sensebox": "paved", "surface_sensebox_probability": 0.68, "match": "True" }, "geometry": { "type": "Point", "coordinates": [ 8.764430877199874, 47.203858830327697 ] } },
{ "type": "Feature", "properties": { "timestamp": "2026-05-02T12:06:28.998Z", "latitude": 47.203866280496321, "longitude": 8.7643739597620698, "BELAGSART": 100, "surface_classification_asphalt": null, "surface_classification_compacted": null, "surface_classification_paving": null, "surface_classification_sett": null, "surface_classification_standing": null, "surface_swisstopo": "paved", "surface_sensebox": "unknown", "surface_sensebox_probability": 0.0, "match": "Unknown" }, "geometry": { "type": "Point", "coordinates": [ 8.764373968422484, 47.203866290537732 ] } },
{ "type": "Feature", "properties": { "timestamp": "2026-05-02T12:06:29.998Z", "latitude": 47.203884707081222, "longitude": 8.7643087185824875, "BELAGSART": 100, "surface_classification_asphalt": null, "surface_classification_compacted": null, "surface_classification_paving": null, "surface_classification_sett": null, "surface_classification_standing": null, "surface_swisstopo": "paved", "surface_sensebox": "unknown", "surface_sensebox_probability": 0.0, "match": "Unknown" }, "geometry": { "type": "Point", "coordinates": [ 8.764308727242833, 47.203884717122691 ] } },
{ "type": "Feature", "properties": { "timestamp": "2026-05-02T12:06:30.998Z", "latitude": 47.203897658917001, "longitude": 8.7642393396482081, "BELAGSART": 100, "surface_classification_asphalt": 0.09, "surface_classification_compacted": 0.8, "surface_classification_paving": 0.11, "surface_classification_sett": 0.0, "surface_classification_standing": 0.0, "surface_swisstopo": "paved", "surface_sensebox": "nature", "surface_sensebox_probability": 0.8, "match": "False" }, "geometry": { "type": "Point", "coordinates": [ 8.764239348308481, 47.203897668958483 ] } },
{ "type": "Feature", "properties": { "timestamp": "2026-05-02T12:06:31.998Z", "latitude": 47.203910457258317, "longitude": 8.7641684649247367, "BELAGSART": 100, "surface_classification_asphalt": null, "surface_classification_compacted": null, "surface_classification_paving": null, "surface_classification_sett": null, "surface_classification_standing": null, "surface_swisstopo": "paved", "surface_sensebox": "unknown", "surface_sensebox_probability": 0.0, "match": "Unknown" }, "geometry": { "type": "Point", "coordinates": [ 8.76416847358494, 47.203910467299856 ] } },
{ "type": "Feature", "properties": { "timestamp": "2026-05-02T12:06:32.998Z", "latitude": 47.203931881413986, "longitude": 8.7640929250490434, "BELAGSART": 100, "surface_classification_asphalt": null, "surface_classification_compacted": null, "surface_classification_paving": null, "surface_classification_sett": null, "surface_classification_standing": null, "surface_swisstopo": "paved", "surface_sensebox": "unknown", "surface_sensebox_probability": 0.0, "match": "Unknown" }, "geometry": { "type": "Point", "coordinates": [ 8.764092933709167, 47.203931891455575 ] } },
{ "type": "Feature", "properties": { "timestamp": "2026-05-02T12:06:33.998Z", "latitude": 47.203954511896121, "longitude": 8.7640050573845798, "BELAGSART": 100, "surface_classification_asphalt": 0.03, "surface_classification_compacted": 0.94, "surface_classification_paving": 0.02, "surface_classification_sett": 0.0, "surface_classification_standing": 0.0, "surface_swisstopo": "paved", "surface_sensebox": "nature", "surface_sensebox_probability": 0.94, "match": "False" }, "geometry": { "type": "Point", "coordinates": [ 8.764005066044616, 47.203954521937717 ] } },
{ "type": "Feature", "properties": { "timestamp": "2026-05-02T12:06:34.998Z", "latitude": 47.20398293193341, "longitude": 8.7639235077919047, "BELAGSART": 100, "surface_classification_asphalt": null, "surface_classification_compacted": null, "surface_classification_paving": null, "surface_classification_sett": null, "surface_classification_standing": null, "surface_swisstopo": "paved", "surface_sensebox": "unknown", "surface_sensebox_probability": 0.0, "match": "Unknown" }, "geometry": { "type": "Point", "coordinates": [ 8.76392351645185, 47.203982941975063 ] } },
{ "type": "Feature", "properties": { "timestamp": "2026-05-02T12:06:35.998Z", "latitude": 47.204005558202148, "longitude": 8.7638487815336887, "BELAGSART": 100, "surface_classification_asphalt": 0.73, "surface_classification_compacted": 0.17, "surface_classification_paving": 0.1, "surface_classification_sett": 0.0, "surface_classification_standing": 0.0, "surface_swisstopo": "paved", "surface_sensebox": "paved", "surface_sensebox_probability": 0.73, "match": "True" }, "geometry": { "type": "Point", "coordinates": [ 8.763848790193556, 47.204005568243822 ] } },
{ "type": "Feature", "properties": { "timestamp": "2026-05-02T12:06:36.998Z", "latitude": 47.204021362256071, "longitude": 8.7637755427319117, "BELAGSART": 100, "surface_classification_asphalt": null, "surface_classification_compacted": null, "surface_classification_paving": null, "surface_classification_sett": null, "surface_classification_standing": null, "surface_swisstopo": "paved", "surface_sensebox": "unknown", "surface_sensebox_probability": 0.0, "match": "Unknown" }, "geometry": { "type": "Point", "coordinates": [ 8.763775551391703, 47.204021372297767 ] } },
{ "type": "Feature", "properties": { "timestamp": "2026-05-02T12:06:37.998Z", "latitude": 47.204035915907362, "longitude": 8.7637067995181379, "BELAGSART": 100, "surface_classification_asphalt": null, "surface_classification_compacted": null, "surface_classification_paving": null, "surface_classification_sett": null, "surface_classification_standing": null, "surface_swisstopo": "paved", "surface_sensebox": "unknown", "surface_sensebox_probability": 0.0, "match": "Unknown" }, "geometry": { "type": "Point", "coordinates": [ 8.76370680817786, 47.20403592594905 ] } },
{ "type": "Feature", "properties": { "timestamp": "2026-05-02T12:06:38.998Z", "latitude": 47.204055183555468, "longitude": 8.7636379953280148, "BELAGSART": 100, "surface_classification_asphalt": 0.75, "surface_classification_compacted": 0.04, "surface_classification_paving": 0.2, "surface_classification_sett": 0.0, "surface_classification_standing": 0.01, "surface_swisstopo": "paved", "surface_sensebox": "paved", "surface_sensebox_probability": 0.75, "match": "True" }, "geometry": { "type": "Point", "coordinates": [ 8.763638003987662, 47.204055193597192 ] } },
{ "type": "Feature", "properties": { "timestamp": "2026-05-02T12:06:39.998Z", "latitude": 47.20406916666316, "longitude": 8.7635732944391052, "BELAGSART": 100, "surface_classification_asphalt": null, "surface_classification_compacted": null, "surface_classification_paving": null, "surface_classification_sett": null, "surface_classification_standing": null, "surface_swisstopo": "paved", "surface_sensebox": "unknown", "surface_sensebox_probability": 0.0, "match": "Unknown" }, "geometry": { "type": "Point", "coordinates": [ 8.763573303098688, 47.204069176704898 ] } },
{ "type": "Feature", "properties": { "timestamp": "2026-05-02T12:06:40.998Z", "latitude": 47.204083152754166, "longitude": 8.763507614821398, "BELAGSART": 100, "surface_classification_asphalt": null, "surface_classification_compacted": null, "surface_classification_paving": null, "surface_classification_sett": null, "surface_classification_standing": null, "surface_swisstopo": "paved", "surface_sensebox": "unknown", "surface_sensebox_probability": 0.0, "match": "Unknown" }, "geometry": { "type": "Point", "coordinates": [ 8.763507623480917, 47.204083162795932 ] } },
{ "type": "Feature", "properties": { "timestamp": "2026-05-02T12:06:41.998Z", "latitude": 47.204098565220534, "longitude": 8.7634480616713084, "BELAGSART": 100, "surface_classification_asphalt": 0.78, "surface_classification_compacted": 0.0, "surface_classification_paving": 0.07, "surface_classification_sett": 0.0, "surface_classification_standing": 0.14, "surface_swisstopo": "paved", "surface_sensebox": "paved", "surface_sensebox_probability": 0.78, "match": "True" }, "geometry": { "type": "Point", "coordinates": [ 8.763448070330766, 47.20409857526235 ] } },
{ "type": "Feature", "properties": { "timestamp": "2026-05-02T12:06:42.998Z", "latitude": 47.204112822844472, "longitude": 8.763389108268747, "BELAGSART": 100, "surface_classification_asphalt": null, "surface_classification_compacted": null, "surface_classification_paving": null, "surface_classification_sett": null, "surface_classification_standing": null, "surface_swisstopo": "paved", "surface_sensebox": "unknown", "surface_sensebox_probability": 0.0, "match": "Unknown" }, "geometry": { "type": "Point", "coordinates": [ 8.763389116928138, 47.204112832886302 ] } },
{ "type": "Feature", "properties": { "timestamp": "2026-05-02T12:06:43.998Z", "latitude": 47.204128451943184, "longitude": 8.7633293882009706, "BELAGSART": 100, "surface_classification_asphalt": null, "surface_classification_compacted": null, "surface_classification_paving": null, "surface_classification_sett": null, "surface_classification_standing": null, "surface_swisstopo": "paved", "surface_sensebox": "unknown", "surface_sensebox_probability": 0.0, "match": "Unknown" }, "geometry": { "type": "Point", "coordinates": [ 8.763329396860302, 47.204128461985043 ] } },
{ "type": "Feature", "properties": { "timestamp": "2026-05-02T12:06:44.998Z", "latitude": 47.204146389101069, "longitude": 8.7632706112854564, "BELAGSART": 100, "surface_classification_asphalt": 0.94, "surface_classification_compacted": 0.01, "surface_classification_paving": 0.04, "surface_classification_sett": 0.0, "surface_classification_standing": 0.01, "surface_swisstopo": "paved", "surface_sensebox": "paved", "surface_sensebox_probability": 0.94, "match": "True" }, "geometry": { "type": "Point", "coordinates": [ 8.763270619944718, 47.204146399142921 ] } },
{ "type": "Feature", "properties": { "timestamp": "2026-05-02T12:06:45.998Z", "latitude": 47.20415894220293, "longitude": 8.7632142595899154, "BELAGSART": 100, "surface_classification_asphalt": null, "surface_classification_compacted": null, "surface_classification_paving": null, "surface_classification_sett": null, "surface_classification_standing": null, "surface_swisstopo": "paved", "surface_sensebox": "unknown", "surface_sensebox_probability": 0.0, "match": "Unknown" }, "geometry": { "type": "Point", "coordinates": [ 8.763214268249126, 47.204158952244818 ] } },
{ "type": "Feature", "properties": { "timestamp": "2026-05-02T12:06:46.998Z", "latitude": 47.204171040430253, "longitude": 8.7631595993721465, "BELAGSART": 100, "surface_classification_asphalt": null, "surface_classification_compacted": null, "surface_classification_paving": null, "surface_classification_sett": null, "surface_classification_standing": null, "surface_swisstopo": "paved", "surface_sensebox": "unknown", "surface_sensebox_probability": 0.0, "match": "Unknown" }, "geometry": { "type": "Point", "coordinates": [ 8.7631596080313, 47.204171050472169 ] } },
{ "type": "Feature", "properties": { "timestamp": "2026-05-02T12:06:47.998Z", "latitude": 47.204180667325225, "longitude": 8.7631072257739735, "BELAGSART": 100, "surface_classification_asphalt": 0.82, "surface_classification_compacted": 0.04, "surface_classification_paving": 0.12, "surface_classification_sett": 0.0, "surface_classification_standing": 0.02, "surface_swisstopo": "paved", "surface_sensebox": "paved", "surface_sensebox_probability": 0.82, "match": "True" }, "geometry": { "type": "Point", "coordinates": [ 8.76310723443307, 47.204180677367134 ] } },
{ "type": "Feature", "properties": { "timestamp": "2026-05-02T12:06:49.997Z", "latitude": 47.204205756910142, "longitude": 8.7630132003399712, "BELAGSART": 100, "surface_classification_asphalt": 0.7, "surface_classification_compacted": 0.0, "surface_classification_paving": 0.23, "surface_classification_sett": 0.0, "surface_classification_standing": 0.07, "surface_swisstopo": "paved", "surface_sensebox": "paved", "surface_sensebox_probability": 0.7, "match": "True" }, "geometry": { "type": "Point", "coordinates": [ 8.763013208998974, 47.204205766952107 ] } },
{ "type": "Feature", "properties": { "timestamp": "2026-05-02T12:06:50.997Z", "latitude": 47.2042227217526, "longitude": 8.7629668060291532, "BELAGSART": 100, "surface_classification_asphalt": null, "surface_classification_compacted": null, "surface_classification_paving": null, "surface_classification_sett": null, "surface_classification_standing": null, "surface_swisstopo": "paved", "surface_sensebox": "unknown", "surface_sensebox_probability": 0.0, "match": "Unknown" }, "geometry": { "type": "Point", "coordinates": [ 8.762966814688102, 47.204222731794573 ] } },
{ "type": "Feature", "properties": { "timestamp": "2026-05-02T12:06:51.997Z", "latitude": 47.204228054050994, "longitude": 8.7629233384516017, "BELAGSART": 100, "surface_classification_asphalt": null, "surface_classification_compacted": null, "surface_classification_paving": null, "surface_classification_sett": null, "surface_classification_standing": null, "surface_swisstopo": "paved", "surface_sensebox": "unknown", "surface_sensebox_probability": 0.0, "match": "Unknown" }, "geometry": { "type": "Point", "coordinates": [ 8.762923347110513, 47.204228064092995 ] } },
{ "type": "Feature", "properties": { "timestamp": "2026-05-02T12:06:52.997Z", "latitude": 47.204233033101609, "longitude": 8.7628734190089403, "BELAGSART": 100, "surface_classification_asphalt": 0.46, "surface_classification_compacted": 0.42, "surface_classification_paving": 0.07, "surface_classification_sett": 0.04, "surface_classification_standing": 0.01, "surface_swisstopo": "paved", "surface_sensebox": "unknown", "surface_sensebox_probability": 0.46, "match": "Unknown" }, "geometry": { "type": "Point", "coordinates": [ 8.762873427667801, 47.20423304314361 ] } },
{ "type": "Feature", "properties": { "timestamp": "2026-05-02T12:06:53.997Z", "latitude": 47.204228958479256, "longitude": 8.7628261299378618, "BELAGSART": 100, "surface_classification_asphalt": null, "surface_classification_compacted": null, "surface_classification_paving": null, "surface_classification_sett": null, "surface_classification_standing": null, "surface_swisstopo": "paved", "surface_sensebox": "unknown", "surface_sensebox_probability": 0.0, "match": "Unknown" }, "geometry": { "type": "Point", "coordinates": [ 8.762826138596676, 47.204228968521285 ] } },
{ "type": "Feature", "properties": { "timestamp": "2026-05-02T12:06:54.997Z", "latitude": 47.204259879470456, "longitude": 8.7627590786720031, "BELAGSART": 100, "surface_classification_asphalt": null, "surface_classification_compacted": null, "surface_classification_paving": null, "surface_classification_sett": null, "surface_classification_standing": null, "surface_swisstopo": "paved", "surface_sensebox": "unknown", "surface_sensebox_probability": 0.0, "match": "Unknown" }, "geometry": { "type": "Point", "coordinates": [ 8.762759087330746, 47.204259889512521 ] } },
{ "type": "Feature", "properties": { "timestamp": "2026-05-02T12:06:55.997Z", "latitude": 47.204279152176937, "longitude": 8.7626923426612393, "BELAGSART": 100, "surface_classification_asphalt": 0.37, "surface_classification_compacted": 0.46, "surface_classification_paving": 0.14, "surface_classification_sett": 0.02, "surface_classification_standing": 0.0, "surface_swisstopo": "paved", "surface_sensebox": "unknown", "surface_sensebox_probability": 0.46, "match": "Unknown" }, "geometry": { "type": "Point", "coordinates": [ 8.762692351319913, 47.204279162219052 ] } },
{ "type": "Feature", "properties": { "timestamp": "2026-05-02T12:06:56.997Z", "latitude": 47.204293011768023, "longitude": 8.7626177946693762, "BELAGSART": 100, "surface_classification_asphalt": null, "surface_classification_compacted": null, "surface_classification_paving": null, "surface_classification_sett": null, "surface_classification_standing": null, "surface_swisstopo": "paved", "surface_sensebox": "unknown", "surface_sensebox_probability": 0.0, "match": "Unknown" }, "geometry": { "type": "Point", "coordinates": [ 8.76261780332797, 47.204293021810116 ] } },
{ "type": "Feature", "properties": { "timestamp": "2026-05-02T12:06:57.997Z", "latitude": 47.204311484718325, "longitude": 8.7625459939407566, "BELAGSART": 100, "surface_classification_asphalt": null, "surface_classification_compacted": null, "surface_classification_paving": null, "surface_classification_sett": null, "surface_classification_standing": null, "surface_swisstopo": "paved", "surface_sensebox": "unknown", "surface_sensebox_probability": 0.0, "match": "Unknown" }, "geometry": { "type": "Point", "coordinates": [ 8.762546002599274, 47.204311494760496 ] } },
{ "type": "Feature", "properties": { "timestamp": "2026-05-02T12:06:58.997Z", "latitude": 47.204317743641695, "longitude": 8.7624768684029597, "BELAGSART": 100, "surface_classification_asphalt": 0.48, "surface_classification_compacted": 0.43, "surface_classification_paving": 0.04, "surface_classification_sett": 0.04, "surface_classification_standing": 0.01, "surface_swisstopo": "paved", "surface_sensebox": "unknown", "surface_sensebox_probability": 0.48, "match": "Unknown" }, "geometry": { "type": "Point", "coordinates": [ 8.762476877061415, 47.204317753683895 ] } },
{ "type": "Feature", "properties": { "timestamp": "2026-05-02T12:06:59.997Z", "latitude": 47.204333376958928, "longitude": 8.7624028495163842, "BELAGSART": 100, "surface_classification_asphalt": null, "surface_classification_compacted": null, "surface_classification_paving": null, "surface_classification_sett": null, "surface_classification_standing": null, "surface_swisstopo": "paved", "surface_sensebox": "unknown", "surface_sensebox_probability": 0.0, "match": "Unknown" }, "geometry": { "type": "Point", "coordinates": [ 8.762402858174763, 47.204333387001135 ] } },
{ "type": "Feature", "properties": { "timestamp": "2026-05-02T12:07:00.997Z", "latitude": 47.204339199651365, "longitude": 8.7623314482092169, "BELAGSART": 100, "surface_classification_asphalt": null, "surface_classification_compacted": null, "surface_classification_paving": null, "surface_classification_sett": null, "surface_classification_standing": null, "surface_swisstopo": "paved", "surface_sensebox": "unknown", "surface_sensebox_probability": 0.0, "match": "Unknown" }, "geometry": { "type": "Point", "coordinates": [ 8.762331456867519, 47.2043392096936 ] } },
{ "type": "Feature", "properties": { "timestamp": "2026-05-02T12:07:01.997Z", "latitude": 47.204358606665039, "longitude": 8.7622645521852185, "BELAGSART": 100, "surface_classification_asphalt": 0.92, "surface_classification_compacted": 0.03, "surface_classification_paving": 0.04, "surface_classification_sett": 0.0, "surface_classification_standing": 0.01, "surface_swisstopo": "paved", "surface_sensebox": "paved", "surface_sensebox_probability": 0.92, "match": "True" }, "geometry": { "type": "Point", "coordinates": [ 8.762264560843454, 47.204358616707289 ] } },
{ "type": "Feature", "properties": { "timestamp": "2026-05-02T12:07:02.997Z", "latitude": 47.204370561358623, "longitude": 8.7621993523518462, "BELAGSART": 100, "surface_classification_asphalt": null, "surface_classification_compacted": null, "surface_classification_paving": null, "surface_classification_sett": null, "surface_classification_standing": null, "surface_swisstopo": "paved", "surface_sensebox": "unknown", "surface_sensebox_probability": 0.0, "match": "Unknown" }, "geometry": { "type": "Point", "coordinates": [ 8.762199361010017, 47.204370571400908 ] } },
{ "type": "Feature", "properties": { "timestamp": "2026-05-02T12:07:03.997Z", "latitude": 47.204377920159523, "longitude": 8.7621315116621812, "BELAGSART": 100, "surface_classification_asphalt": null, "surface_classification_compacted": null, "surface_classification_paving": null, "surface_classification_sett": null, "surface_classification_standing": null, "surface_swisstopo": "paved", "surface_sensebox": "unknown", "surface_sensebox_probability": 0.0, "match": "Unknown" }, "geometry": { "type": "Point", "coordinates": [ 8.762131520320285, 47.204377930201787 ] } },
{ "type": "Feature", "properties": { "timestamp": "2026-05-02T12:07:04.997Z", "latitude": 47.204389562451837, "longitude": 8.7620621482826113, "BELAGSART": 100, "surface_classification_asphalt": 0.8, "surface_classification_compacted": 0.0, "surface_classification_paving": 0.19, "surface_classification_sett": 0.0, "surface_classification_standing": 0.01, "surface_swisstopo": "paved", "surface_sensebox": "paved", "surface_sensebox_probability": 0.8, "match": "True" }, "geometry": { "type": "Point", "coordinates": [ 8.762062156940644, 47.204389572494186 ] } },
{ "type": "Feature", "properties": { "timestamp": "2026-05-02T12:07:05.997Z", "latitude": 47.204403388377848, "longitude": 8.7619945183904555, "BELAGSART": 100, "surface_classification_asphalt": null, "surface_classification_compacted": null, "surface_classification_paving": null, "surface_classification_sett": null, "surface_classification_standing": null, "surface_swisstopo": "paved", "surface_sensebox": "unknown", "surface_sensebox_probability": 0.0, "match": "Unknown" }, "geometry": { "type": "Point", "coordinates": [ 8.761994527048419, 47.204403398420212 ] } },
{ "type": "Feature", "properties": { "timestamp": "2026-05-02T12:07:06.997Z", "latitude": 47.204411127312987, "longitude": 8.7619240584896225, "BELAGSART": 100, "surface_classification_asphalt": 0.96, "surface_classification_compacted": 0.01, "surface_classification_paving": 0.03, "surface_classification_sett": 0.0, "surface_classification_standing": 0.0, "surface_swisstopo": "paved", "surface_sensebox": "paved", "surface_sensebox_probability": 0.96, "match": "True" }, "geometry": { "type": "Point", "coordinates": [ 8.761924067147516, 47.204411137355315 ] } },
{ "type": "Feature", "properties": { "timestamp": "2026-05-02T12:07:07.997Z", "latitude": 47.204419542303043, "longitude": 8.7618591287901832, "BELAGSART": 100, "surface_classification_asphalt": null, "surface_classification_compacted": null, "surface_classification_paving": null, "surface_classification_sett": null, "surface_classification_standing": null, "surface_swisstopo": "paved", "surface_sensebox": "unknown", "surface_sensebox_probability": 0.0, "match": "Unknown" }, "geometry": { "type": "Point", "coordinates": [ 8.761859137448008, 47.204419552345435 ] } },
{ "type": "Feature", "properties": { "timestamp": "2026-05-02T12:07:08.997Z", "latitude": 47.204436737888038, "longitude": 8.7617958138212515, "BELAGSART": 100, "surface_classification_asphalt": null, "surface_classification_compacted": null, "surface_classification_paving": null, "surface_classification_sett": null, "surface_classification_standing": null, "surface_swisstopo": "paved", "surface_sensebox": "unknown", "surface_sensebox_probability": 0.0, "match": "Unknown" }, "geometry": { "type": "Point", "coordinates": [ 8.761795822479014, 47.204436747930444 ] } },
{ "type": "Feature", "properties": { "timestamp": "2026-05-02T12:07:09.997Z", "latitude": 47.204443138960983, "longitude": 8.7617323192027428, "BELAGSART": 100, "surface_classification_asphalt": 0.65, "surface_classification_compacted": 0.01, "surface_classification_paving": 0.27, "surface_classification_sett": 0.0, "surface_classification_standing": 0.08, "surface_swisstopo": "paved", "surface_sensebox": "paved", "surface_sensebox_probability": 0.65, "match": "True" }, "geometry": { "type": "Point", "coordinates": [ 8.76173232786044, 47.204443149003396 ] } },
{ "type": "Feature", "properties": { "timestamp": "2026-05-02T12:07:10.997Z", "latitude": 47.204452278034474, "longitude": 8.7616669868968309, "BELAGSART": 100, "surface_classification_asphalt": null, "surface_classification_compacted": null, "surface_classification_paving": null, "surface_classification_sett": null, "surface_classification_standing": null, "surface_swisstopo": "paved", "surface_sensebox": "unknown", "surface_sensebox_probability": 0.0, "match": "Unknown" }, "geometry": { "type": "Point", "coordinates": [ 8.761666995554465, 47.204452288076887 ] } },
{ "type": "Feature", "properties": { "timestamp": "2026-05-02T12:07:11.997Z", "latitude": 47.204462389832294, "longitude": 8.7615992127307241, "BELAGSART": 100, "surface_classification_asphalt": null, "surface_classification_compacted": null, "surface_classification_paving": null, "surface_classification_sett": null, "surface_classification_standing": null, "surface_swisstopo": "paved", "surface_sensebox": "unknown", "surface_sensebox_probability": 0.0, "match": "Unknown" }, "geometry": { "type": "Point", "coordinates": [ 8.761599221388284, 47.204462399874771 ] } },
{ "type": "Feature", "properties": { "timestamp": "2026-05-02T12:07:13.000Z", "latitude": 47.204471753877726, "longitude": 8.7615330038247592, "BELAGSART": 100, "surface_classification_asphalt": 0.26, "surface_classification_compacted": 0.04, "surface_classification_paving": 0.7, "surface_classification_sett": 0.0, "surface_classification_standing": 0.0, "surface_swisstopo": "paved", "surface_sensebox": "paved", "surface_sensebox_probability": 0.7, "match": "True" }, "geometry": { "type": "Point", "coordinates": [ 8.761533012482257, 47.204471763920239 ] } },
{ "type": "Feature", "properties": { "timestamp": "2026-05-02T12:07:14.000Z", "latitude": 47.204474931584606, "longitude": 8.7614669920409547, "BELAGSART": 100, "surface_classification_asphalt": null, "surface_classification_compacted": null, "surface_classification_paving": null, "surface_classification_sett": null, "surface_classification_standing": null, "surface_swisstopo": "paved", "surface_sensebox": "unknown", "surface_sensebox_probability": 0.0, "match": "Unknown" }, "geometry": { "type": "Point", "coordinates": [ 8.761467000698387, 47.204474941627119 ] } },
{ "type": "Feature", "properties": { "timestamp": "2026-05-02T12:07:15.000Z", "latitude": 47.204471734202336, "longitude": 8.7614032240846349, "BELAGSART": 100, "surface_classification_asphalt": null, "surface_classification_compacted": null, "surface_classification_paving": null, "surface_classification_sett": null, "surface_classification_standing": null, "surface_swisstopo": "paved", "surface_sensebox": "unknown", "surface_sensebox_probability": 0.0, "match": "Unknown" }, "geometry": { "type": "Point", "coordinates": [ 8.761403232742008, 47.204471744244849 ] } },
{ "type": "Feature", "properties": { "timestamp": "2026-05-02T12:07:16.000Z", "latitude": 47.204478034103552, "longitude": 8.7613393594391251, "BELAGSART": 100, "surface_classification_asphalt": 0.66, "surface_classification_compacted": 0.06, "surface_classification_paving": 0.27, "surface_classification_sett": 0.0, "surface_classification_standing": 0.0, "surface_swisstopo": "paved", "surface_sensebox": "paved", "surface_sensebox_probability": 0.66, "match": "True" }, "geometry": { "type": "Point", "coordinates": [ 8.761339368096433, 47.204478044146114 ] } },
{ "type": "Feature", "properties": { "timestamp": "2026-05-02T12:07:17.000Z", "latitude": 47.204483624393824, "longitude": 8.7612766971932707, "BELAGSART": 100, "surface_classification_asphalt": null, "surface_classification_compacted": null, "surface_classification_paving": null, "surface_classification_sett": null, "surface_classification_standing": null, "surface_swisstopo": "paved", "surface_sensebox": "unknown", "surface_sensebox_probability": 0.0, "match": "Unknown" }, "geometry": { "type": "Point", "coordinates": [ 8.761276705850516, 47.204483634436372 ] } },
{ "type": "Feature", "properties": { "timestamp": "2026-05-02T12:07:18.000Z", "latitude": 47.204486460542071, "longitude": 8.7612105191360712, "BELAGSART": 100, "surface_classification_asphalt": null, "surface_classification_compacted": null, "surface_classification_paving": null, "surface_classification_sett": null, "surface_classification_standing": null, "surface_swisstopo": "paved", "surface_sensebox": "unknown", "surface_sensebox_probability": 0.0, "match": "Unknown" }, "geometry": { "type": "Point", "coordinates": [ 8.761210527793251, 47.204486470584662 ] } },
{ "type": "Feature", "properties": { "timestamp": "2026-05-02T12:07:19.000Z", "latitude": 47.204496704330559, "longitude": 8.7611348117787884, "BELAGSART": 100, "surface_classification_asphalt": 0.09, "surface_classification_compacted": 0.63, "surface_classification_paving": 0.29, "surface_classification_sett": 0.0, "surface_classification_standing": 0.0, "surface_swisstopo": "paved", "surface_sensebox": "nature", "surface_sensebox_probability": 0.63, "match": "False" }, "geometry": { "type": "Point", "coordinates": [ 8.761134820435892, 47.204496714373192 ] } },
{ "type": "Feature", "properties": { "timestamp": "2026-05-02T12:07:20.000Z", "latitude": 47.204518029448558, "longitude": 8.7610659860581794, "BELAGSART": 100, "surface_classification_asphalt": null, "surface_classification_compacted": null, "surface_classification_paving": null, "surface_classification_sett": null, "surface_classification_standing": null, "surface_swisstopo": "paved", "surface_sensebox": "unknown", "surface_sensebox_probability": 0.0, "match": "Unknown" }, "geometry": { "type": "Point", "coordinates": [ 8.761065994715212, 47.204518039491198 ] } },
{ "type": "Feature", "properties": { "timestamp": "2026-05-02T12:07:21.000Z", "latitude": 47.204539200139962, "longitude": 8.7609858717492504, "BELAGSART": 100, "surface_classification_asphalt": 0.21, "surface_classification_compacted": 0.56, "surface_classification_paving": 0.16, "surface_classification_sett": 0.07, "surface_classification_standing": 0.0, "surface_swisstopo": "paved", "surface_sensebox": "nature", "surface_sensebox_probability": 0.56, "match": "False" }, "geometry": { "type": "Point", "coordinates": [ 8.760985880406199, 47.204539210182645 ] } },
{ "type": "Feature", "properties": { "timestamp": "2026-05-02T12:07:22.000Z", "latitude": 47.204519529193938, "longitude": 8.7609114005083288, "BELAGSART": 100, "surface_classification_asphalt": null, "surface_classification_compacted": null, "surface_classification_paving": null, "surface_classification_sett": null, "surface_classification_standing": null, "surface_swisstopo": "paved", "surface_sensebox": "unknown", "surface_sensebox_probability": 0.0, "match": "Unknown" }, "geometry": { "type": "Point", "coordinates": [ 8.760911409165212, 47.204519539236664 ] } },
{ "type": "Feature", "properties": { "timestamp": "2026-05-02T12:07:23.000Z", "latitude": 47.204489562398685, "longitude": 8.7608372061932211, "BELAGSART": 100, "surface_classification_asphalt": null, "surface_classification_compacted": null, "surface_classification_paving": null, "surface_classification_sett": null, "surface_classification_standing": null, "surface_swisstopo": "paved", "surface_sensebox": "unknown", "surface_sensebox_probability": 0.0, "match": "Unknown" }, "geometry": { "type": "Point", "coordinates": [ 8.760837214850042, 47.204489572441375 ] } },
{ "type": "Feature", "properties": { "timestamp": "2026-05-02T12:07:24.000Z", "latitude": 47.204449050020592, "longitude": 8.7607961654421675, "BELAGSART": 100, "surface_classification_asphalt": 0.03, "surface_classification_compacted": 0.82, "surface_classification_paving": 0.07, "surface_classification_sett": 0.07, "surface_classification_standing": 0.0, "surface_swisstopo": "paved", "surface_sensebox": "nature", "surface_sensebox_probability": 0.82, "match": "False" }, "geometry": { "type": "Point", "coordinates": [ 8.760796174098962, 47.204449060063304 ] } },
{ "type": "Feature", "properties": { "timestamp": "2026-05-02T12:07:25.000Z", "latitude": 47.204407367698167, "longitude": 8.760774358742049, "BELAGSART": 100, "surface_classification_asphalt": null, "surface_classification_compacted": null, "surface_classification_paving": null, "surface_classification_sett": null, "surface_classification_standing": null, "surface_swisstopo": "paved", "surface_sensebox": "unknown", "surface_sensebox_probability": 0.0, "match": "Unknown" }, "geometry": { "type": "Point", "coordinates": [ 8.760774367398835, 47.204407377740857 ] } },
{ "type": "Feature", "properties": { "timestamp": "2026-05-02T12:07:26.000Z", "latitude": 47.20437520148306, "longitude": 8.7607433871366442, "BELAGSART": 100, "surface_classification_asphalt": null, "surface_classification_compacted": null, "surface_classification_paving": null, "surface_classification_sett": null, "surface_classification_standing": null, "surface_swisstopo": "paved", "surface_sensebox": "unknown", "surface_sensebox_probability": 0.0, "match": "Unknown" }, "geometry": { "type": "Point", "coordinates": [ 8.76074339579341, 47.204375211525786 ] } },
{ "type": "Feature", "properties": { "timestamp": "2026-05-02T12:07:27.000Z", "latitude": 47.20435749428529, "longitude": 8.760690904844191, "BELAGSART": 100, "surface_classification_asphalt": 0.04, "surface_classification_compacted": 0.91, "surface_classification_paving": 0.03, "surface_classification_sett": 0.02, "surface_classification_standing": 0.0, "surface_swisstopo": "paved", "surface_sensebox": "nature", "surface_sensebox_probability": 0.91, "match": "False" }, "geometry": { "type": "Point", "coordinates": [ 8.760690913500914, 47.204357504327994 ] } },
{ "type": "Feature", "properties": { "timestamp": "2026-05-02T12:07:28.000Z", "latitude": 47.204345542775734, "longitude": 8.7606309677324408, "BELAGSART": 100, "surface_classification_asphalt": null, "surface_classification_compacted": null, "surface_classification_paving": null, "surface_classification_sett": null, "surface_classification_standing": null, "surface_swisstopo": "paved", "surface_sensebox": "unknown", "surface_sensebox_probability": 0.0, "match": "Unknown" }, "geometry": { "type": "Point", "coordinates": [ 8.760630976389114, 47.204345552818467 ] } },
{ "type": "Feature", "properties": { "timestamp": "2026-05-02T12:07:29.000Z", "latitude": 47.204339134976294, "longitude": 8.7605782002433372, "BELAGSART": 100, "surface_classification_asphalt": null, "surface_classification_compacted": null, "surface_classification_paving": null, "surface_classification_sett": null, "surface_classification_standing": null, "surface_swisstopo": "paved", "surface_sensebox": "unknown", "surface_sensebox_probability": 0.0, "match": "Unknown" }, "geometry": { "type": "Point", "coordinates": [ 8.760578208899956, 47.204339145019027 ] } },
{ "type": "Feature", "properties": { "timestamp": "2026-05-02T12:07:30.000Z", "latitude": 47.204327377751405, "longitude": 8.7605329295458407, "BELAGSART": 100, "surface_classification_asphalt": 0.14, "surface_classification_compacted": 0.65, "surface_classification_paving": 0.12, "surface_classification_sett": 0.09, "surface_classification_standing": 0.0, "surface_swisstopo": "paved", "surface_sensebox": "nature", "surface_sensebox_probability": 0.65, "match": "False" }, "geometry": { "type": "Point", "coordinates": [ 8.760532938202422, 47.204327387794166 ] } },
{ "type": "Feature", "properties": { "timestamp": "2026-05-02T12:07:31.000Z", "latitude": 47.204331738503697, "longitude": 8.7604778979405467, "BELAGSART": 100, "surface_classification_asphalt": null, "surface_classification_compacted": null, "surface_classification_paving": null, "surface_classification_sett": null, "surface_classification_standing": null, "surface_swisstopo": "paved", "surface_sensebox": "unknown", "surface_sensebox_probability": 0.0, "match": "Unknown" }, "geometry": { "type": "Point", "coordinates": [ 8.760477906597071, 47.204331748546437 ] } },
{ "type": "Feature", "properties": { "timestamp": "2026-05-02T12:07:32.999Z", "latitude": 47.204319710348663, "longitude": 8.7603714653928897, "BELAGSART": 100, "surface_classification_asphalt": 0.4, "surface_classification_compacted": 0.45, "surface_classification_paving": 0.14, "surface_classification_sett": 0.01, "surface_classification_standing": 0.0, "surface_swisstopo": "paved", "surface_sensebox": "unknown", "surface_sensebox_probability": 0.45, "match": "Unknown" }, "geometry": { "type": "Point", "coordinates": [ 8.760371474049316, 47.204319720391439 ] } },
{ "type": "Feature", "properties": { "timestamp": "2026-05-02T12:07:33.999Z", "latitude": 47.204310270468234, "longitude": 8.7603172800253901, "BELAGSART": 100, "surface_classification_asphalt": null, "surface_classification_compacted": null, "surface_classification_paving": null, "surface_classification_sett": null, "surface_classification_standing": null, "surface_swisstopo": "paved", "surface_sensebox": "unknown", "surface_sensebox_probability": 0.0, "match": "Unknown" }, "geometry": { "type": "Point", "coordinates": [ 8.760317288681767, 47.204310280511031 ] } },
{ "type": "Feature", "properties": { "timestamp": "2026-05-02T12:07:34.999Z", "latitude": 47.204293853483676, "longitude": 8.7602710575539238, "BELAGSART": 100, "surface_classification_asphalt": 0.84, "surface_classification_compacted": 0.03, "surface_classification_paving": 0.1, "surface_classification_sett": 0.01, "surface_classification_standing": 0.02, "surface_swisstopo": "paved", "surface_sensebox": "paved", "surface_sensebox_probability": 0.84, "match": "True" }, "geometry": { "type": "Point", "coordinates": [ 8.760271066210265, 47.204293863526473 ] } },
{ "type": "Feature", "properties": { "timestamp": "2026-05-02T12:07:35.999Z", "latitude": 47.204274926759709, "longitude": 8.7602224781780382, "BELAGSART": 100, "surface_classification_asphalt": null, "surface_classification_compacted": null, "surface_classification_paving": null, "surface_classification_sett": null, "surface_classification_standing": null, "surface_swisstopo": "paved", "surface_sensebox": "unknown", "surface_sensebox_probability": 0.0, "match": "Unknown" }, "geometry": { "type": "Point", "coordinates": [ 8.760222486834333, 47.204274936802527 ] } },
{ "type": "Feature", "properties": { "timestamp": "2026-05-02T12:07:36.999Z", "latitude": 47.204263781390239, "longitude": 8.7601701298617431, "BELAGSART": 100, "surface_classification_asphalt": null, "surface_classification_compacted": null, "surface_classification_paving": null, "surface_classification_sett": null, "surface_classification_standing": null, "surface_swisstopo": "paved", "surface_sensebox": "unknown", "surface_sensebox_probability": 0.0, "match": "Unknown" }, "geometry": { "type": "Point", "coordinates": [ 8.760170138517994, 47.204263791433043 ] } },
{ "type": "Feature", "properties": { "timestamp": "2026-05-02T12:07:37.999Z", "latitude": 47.204249821772024, "longitude": 8.7601218012607127, "BELAGSART": 100, "surface_classification_asphalt": 0.2, "surface_classification_compacted": 0.75, "surface_classification_paving": 0.05, "surface_classification_sett": 0.0, "surface_classification_standing": 0.0, "surface_swisstopo": "paved", "surface_sensebox": "nature", "surface_sensebox_probability": 0.75, "match": "False" }, "geometry": { "type": "Point", "coordinates": [ 8.760121809916919, 47.204249831814849 ] } },
{ "type": "Feature", "properties": { "timestamp": "2026-05-02T12:07:38.999Z", "latitude": 47.204232981310582, "longitude": 8.7600774504051326, "BELAGSART": 100, "surface_classification_asphalt": null, "surface_classification_compacted": null, "surface_classification_paving": null, "surface_classification_sett": null, "surface_classification_standing": null, "surface_swisstopo": "paved", "surface_sensebox": "unknown", "surface_sensebox_probability": 0.0, "match": "Unknown" }, "geometry": { "type": "Point", "coordinates": [ 8.760077459061302, 47.204232991353408 ] } },
{ "type": "Feature", "properties": { "timestamp": "2026-05-02T12:07:39.999Z", "latitude": 47.204213429526547, "longitude": 8.7600292217753299, "BELAGSART": 100, "surface_classification_asphalt": null, "surface_classification_compacted": null, "surface_classification_paving": null, "surface_classification_sett": null, "surface_classification_standing": null, "surface_swisstopo": "paved", "surface_sensebox": "unknown", "surface_sensebox_probability": 0.0, "match": "Unknown" }, "geometry": { "type": "Point", "coordinates": [ 8.76002923043146, 47.204213439569422 ] } },
{ "type": "Feature", "properties": { "timestamp": "2026-05-02T12:07:40.999Z", "latitude": 47.204209833259505, "longitude": 8.7599808737862102, "BELAGSART": 100, "surface_classification_asphalt": 0.48, "surface_classification_compacted": 0.43, "surface_classification_paving": 0.07, "surface_classification_sett": 0.01, "surface_classification_standing": 0.01, "surface_swisstopo": "paved", "surface_sensebox": "unknown", "surface_sensebox_probability": 0.48, "match": "Unknown" }, "geometry": { "type": "Point", "coordinates": [ 8.759980882442296, 47.20420984330238 ] } },
{ "type": "Feature", "properties": { "timestamp": "2026-05-02T12:07:41.999Z", "latitude": 47.204197160302797, "longitude": 8.7599388021718703, "BELAGSART": 100, "surface_classification_asphalt": null, "surface_classification_compacted": null, "surface_classification_paving": null, "surface_classification_sett": null, "surface_classification_standing": null, "surface_swisstopo": "paved", "surface_sensebox": "unknown", "surface_sensebox_probability": 0.0, "match": "Unknown" }, "geometry": { "type": "Point", "coordinates": [ 8.759938810827919, 47.20419717034568 ] } },
{ "type": "Feature", "properties": { "timestamp": "2026-05-02T12:07:42.999Z", "latitude": 47.204177074706706, "longitude": 8.7598965043080526, "BELAGSART": 100, "surface_classification_asphalt": null, "surface_classification_compacted": null, "surface_classification_paving": null, "surface_classification_sett": null, "surface_classification_standing": null, "surface_swisstopo": "paved", "surface_sensebox": "unknown", "surface_sensebox_probability": 0.0, "match": "Unknown" }, "geometry": { "type": "Point", "coordinates": [ 8.759896512964062, 47.204177084749531 ] } },
{ "type": "Feature", "properties": { "timestamp": "2026-05-02T12:07:43.999Z", "latitude": 47.204161184114817, "longitude": 8.7598508852247008, "BELAGSART": 100, "surface_classification_asphalt": 0.25, "surface_classification_compacted": 0.14, "surface_classification_paving": 0.61, "surface_classification_sett": 0.0, "surface_classification_standing": 0.0, "surface_swisstopo": "paved", "surface_sensebox": "paved", "surface_sensebox_probability": 0.61, "match": "True" }, "geometry": { "type": "Point", "coordinates": [ 8.759850893880678, 47.204161194157656 ] } },
{ "type": "Feature", "properties": { "timestamp": "2026-05-02T12:07:44.999Z", "latitude": 47.204144074910069, "longitude": 8.7598009101673728, "BELAGSART": 100, "surface_classification_asphalt": null, "surface_classification_compacted": null, "surface_classification_paving": null, "surface_classification_sett": null, "surface_classification_standing": null, "surface_swisstopo": "paved", "surface_sensebox": "unknown", "surface_sensebox_probability": 0.0, "match": "Unknown" }, "geometry": { "type": "Point", "coordinates": [ 8.759800918823304, 47.204144084952979 ] } },
{ "type": "Feature", "properties": { "timestamp": "2026-05-02T12:07:45.999Z", "latitude": 47.204132920325613, "longitude": 8.7597619571799719, "BELAGSART": 100, "surface_classification_asphalt": null, "surface_classification_compacted": null, "surface_classification_paving": null, "surface_classification_sett": null, "surface_classification_standing": null, "surface_swisstopo": "paved", "surface_sensebox": "unknown", "surface_sensebox_probability": 0.0, "match": "Unknown" }, "geometry": { "type": "Point", "coordinates": [ 8.759761965835869, 47.204132930368473 ] } },
{ "type": "Feature", "properties": { "timestamp": "2026-05-02T12:07:46.999Z", "latitude": 47.204117413066527, "longitude": 8.7597281025784763, "BELAGSART": 100, "surface_classification_asphalt": 0.77, "surface_classification_compacted": 0.05, "surface_classification_paving": 0.14, "surface_classification_sett": 0.01, "surface_classification_standing": 0.04, "surface_swisstopo": "paved", "surface_sensebox": "paved", "surface_sensebox_probability": 0.77, "match": "True" }, "geometry": { "type": "Point", "coordinates": [ 8.759728111234349, 47.204117423109452 ] } },
{ "type": "Feature", "properties": { "timestamp": "2026-05-02T12:07:47.999Z", "latitude": 47.204100241677551, "longitude": 8.7596739839958691, "BELAGSART": 100, "surface_classification_asphalt": null, "surface_classification_compacted": null, "surface_classification_paving": null, "surface_classification_sett": null, "surface_classification_standing": null, "surface_swisstopo": "paved", "surface_sensebox": "unknown", "surface_sensebox_probability": 0.0, "match": "Unknown" }, "geometry": { "type": "Point", "coordinates": [ 8.759673992651692, 47.204100251720483 ] } },
{ "type": "Feature", "properties": { "timestamp": "2026-05-02T12:07:48.999Z", "latitude": 47.204087593731536, "longitude": 8.759644633602127, "BELAGSART": 100, "surface_classification_asphalt": null, "surface_classification_compacted": null, "surface_classification_paving": null, "surface_classification_sett": null, "surface_classification_standing": null, "surface_swisstopo": "paved", "surface_sensebox": "unknown", "surface_sensebox_probability": 0.0, "match": "Unknown" }, "geometry": { "type": "Point", "coordinates": [ 8.759644642257927, 47.204087603774433 ] } },
{ "type": "Feature", "properties": { "timestamp": "2026-05-02T12:07:49.999Z", "latitude": 47.204072084954547, "longitude": 8.7595825462049373, "BELAGSART": 100, "surface_classification_asphalt": 0.54, "surface_classification_compacted": 0.28, "surface_classification_paving": 0.18, "surface_classification_sett": 0.0, "surface_classification_standing": 0.0, "surface_swisstopo": "paved", "surface_sensebox": "paved", "surface_sensebox_probability": 0.54, "match": "True" }, "geometry": { "type": "Point", "coordinates": [ 8.759582554860678, 47.204072094997485 ] } },
{ "type": "Feature", "properties": { "timestamp": "2026-05-02T12:07:50.999Z", "latitude": 47.204053855129416, "longitude": 8.7595322566428315, "BELAGSART": 100, "surface_classification_asphalt": null, "surface_classification_compacted": null, "surface_classification_paving": null, "surface_classification_sett": null, "surface_classification_standing": null, "surface_swisstopo": "paved", "surface_sensebox": "unknown", "surface_sensebox_probability": 0.0, "match": "Unknown" }, "geometry": { "type": "Point", "coordinates": [ 8.75953226529853, 47.204053865172369 ] } },
{ "type": "Feature", "properties": { "timestamp": "2026-05-02T12:07:51.999Z", "latitude": 47.204038614002641, "longitude": 8.7594935919156782, "BELAGSART": 100, "surface_classification_asphalt": 0.79, "surface_classification_compacted": 0.04, "surface_classification_paving": 0.15, "surface_classification_sett": 0.0, "surface_classification_standing": 0.02, "surface_swisstopo": "paved", "surface_sensebox": "paved", "surface_sensebox_probability": 0.79, "match": "True" }, "geometry": { "type": "Point", "coordinates": [ 8.759493600571341, 47.204038624045545 ] } },
{ "type": "Feature", "properties": { "timestamp": "2026-05-02T12:07:52.999Z", "latitude": 47.20402560665417, "longitude": 8.7594459003268366, "BELAGSART": 100, "surface_classification_asphalt": null, "surface_classification_compacted": null, "surface_classification_paving": null, "surface_classification_sett": null, "surface_classification_standing": null, "surface_swisstopo": "paved", "surface_sensebox": "unknown", "surface_sensebox_probability": 0.0, "match": "Unknown" }, "geometry": { "type": "Point", "coordinates": [ 8.759445908982466, 47.20402561669713 ] } },
{ "type": "Feature", "properties": { "timestamp": "2026-05-02T12:07:53.999Z", "latitude": 47.204017874590242, "longitude": 8.7594144078481424, "BELAGSART": 100, "surface_classification_asphalt": null, "surface_classification_compacted": null, "surface_classification_paving": null, "surface_classification_sett": null, "surface_classification_standing": null, "surface_swisstopo": "paved", "surface_sensebox": "unknown", "surface_sensebox_probability": 0.0, "match": "Unknown" }, "geometry": { "type": "Point", "coordinates": [ 8.759414416503743, 47.204017884633245 ] } },
{ "type": "Feature", "properties": { "timestamp": "2026-05-02T12:07:54.999Z", "latitude": 47.204004981438807, "longitude": 8.7593823786293381, "BELAGSART": 100, "surface_classification_asphalt": 0.53, "surface_classification_compacted": 0.0, "surface_classification_paving": 0.09, "surface_classification_sett": 0.0, "surface_classification_standing": 0.38, "surface_swisstopo": "paved", "surface_sensebox": "paved", "surface_sensebox_probability": 0.53, "match": "True" }, "geometry": { "type": "Point", "coordinates": [ 8.759382387284912, 47.204004991481746 ] } },
{ "type": "Feature", "properties": { "timestamp": "2026-05-02T12:07:55.999Z", "latitude": 47.203996148252656, "longitude": 8.7593519119839325, "BELAGSART": 100, "surface_classification_asphalt": null, "surface_classification_compacted": null, "surface_classification_paving": null, "surface_classification_sett": null, "surface_classification_standing": null, "surface_swisstopo": "paved", "surface_sensebox": "unknown", "surface_sensebox_probability": 0.0, "match": "Unknown" }, "geometry": { "type": "Point", "coordinates": [ 8.759351920639478, 47.203996158295645 ] } },
{ "type": "Feature", "properties": { "timestamp": "2026-05-02T12:07:56.999Z", "latitude": 47.203983743018114, "longitude": 8.7593098981179871, "BELAGSART": 100, "surface_classification_asphalt": null, "surface_classification_compacted": null, "surface_classification_paving": null, "surface_classification_sett": null, "surface_classification_standing": null, "surface_swisstopo": "paved", "surface_sensebox": "unknown", "surface_sensebox_probability": 0.0, "match": "Unknown" }, "geometry": { "type": "Point", "coordinates": [ 8.759309906773499, 47.203983753061088 ] } },
{ "type": "Feature", "properties": { "timestamp": "2026-05-02T12:07:57.999Z", "latitude": 47.20396882889635, "longitude": 8.7592638188216085, "BELAGSART": 100, "surface_classification_asphalt": 0.94, "surface_classification_compacted": 0.0, "surface_classification_paving": 0.03, "surface_classification_sett": 0.0, "surface_classification_standing": 0.02, "surface_swisstopo": "paved", "surface_sensebox": "paved", "surface_sensebox_probability": 0.94, "match": "True" }, "geometry": { "type": "Point", "coordinates": [ 8.759263827477076, 47.203968838939332 ] } },
{ "type": "Feature", "properties": { "timestamp": "2026-05-02T12:07:58.999Z", "latitude": 47.203948636013827, "longitude": 8.7592272682581687, "BELAGSART": 100, "surface_classification_asphalt": null, "surface_classification_compacted": null, "surface_classification_paving": null, "surface_classification_sett": null, "surface_classification_standing": null, "surface_swisstopo": "paved", "surface_sensebox": "unknown", "surface_sensebox_probability": 0.0, "match": "Unknown" }, "geometry": { "type": "Point", "coordinates": [ 8.759227276913609, 47.203948646056816 ] } },
{ "type": "Feature", "properties": { "timestamp": "2026-05-02T12:07:59.999Z", "latitude": 47.203933983664101, "longitude": 8.759182648683808, "BELAGSART": 100, "surface_classification_asphalt": null, "surface_classification_compacted": null, "surface_classification_paving": null, "surface_classification_sett": null, "surface_classification_standing": null, "surface_swisstopo": "paved", "surface_sensebox": "unknown", "surface_sensebox_probability": 0.0, "match": "Unknown" }, "geometry": { "type": "Point", "coordinates": [ 8.759182657339213, 47.203933993707146 ] } },
{ "type": "Feature", "properties": { "timestamp": "2026-05-02T12:08:00.999Z", "latitude": 47.203920268663744, "longitude": 8.7591352224778039, "BELAGSART": 100, "surface_classification_asphalt": 0.54, "surface_classification_compacted": 0.1, "surface_classification_paving": 0.34, "surface_classification_sett": 0.0, "surface_classification_standing": 0.02, "surface_swisstopo": "paved", "surface_sensebox": "paved", "surface_sensebox_probability": 0.54, "match": "True" }, "geometry": { "type": "Point", "coordinates": [ 8.759135231133166, 47.203920278706775 ] } },
{ "type": "Feature", "properties": { "timestamp": "2026-05-02T12:08:01.999Z", "latitude": 47.203895919427552, "longitude": 8.7591012609321623, "BELAGSART": 100, "surface_classification_asphalt": null, "surface_classification_compacted": null, "surface_classification_paving": null, "surface_classification_sett": null, "surface_classification_standing": null, "surface_swisstopo": "paved", "surface_sensebox": "unknown", "surface_sensebox_probability": 0.0, "match": "Unknown" }, "geometry": { "type": "Point", "coordinates": [ 8.759101269587497, 47.203895929470526 ] } },
{ "type": "Feature", "properties": { "timestamp": "2026-05-02T12:08:02.999Z", "latitude": 47.203873769392096, "longitude": 8.7590688678614281, "BELAGSART": 100, "surface_classification_asphalt": null, "surface_classification_compacted": null, "surface_classification_paving": null, "surface_classification_sett": null, "surface_classification_standing": null, "surface_swisstopo": "paved", "surface_sensebox": "unknown", "surface_sensebox_probability": 0.0, "match": "Unknown" }, "geometry": { "type": "Point", "coordinates": [ 8.759068876516739, 47.203873779435142 ] } },
{ "type": "Feature", "properties": { "timestamp": "2026-05-02T12:08:03.999Z", "latitude": 47.203853997647272, "longitude": 8.7590396357422069, "BELAGSART": 100, "surface_classification_asphalt": 0.85, "surface_classification_compacted": 0.0, "surface_classification_paving": 0.05, "surface_classification_sett": 0.0, "surface_classification_standing": 0.09, "surface_swisstopo": "paved", "surface_sensebox": "paved", "surface_sensebox_probability": 0.85, "match": "True" }, "geometry": { "type": "Point", "coordinates": [ 8.759039644397502, 47.203854007690346 ] } },
{ "type": "Feature", "properties": { "timestamp": "2026-05-02T12:08:04.999Z", "latitude": 47.203834831642915, "longitude": 8.7590090175018496, "BELAGSART": 100, "surface_classification_asphalt": null, "surface_classification_compacted": null, "surface_classification_paving": null, "surface_classification_sett": null, "surface_classification_standing": null, "surface_swisstopo": "paved", "surface_sensebox": "unknown", "surface_sensebox_probability": 0.0, "match": "Unknown" }, "geometry": { "type": "Point", "coordinates": [ 8.759009026157118, 47.203834841685918 ] } },
{ "type": "Feature", "properties": { "timestamp": "2026-05-02T12:08:05.999Z", "latitude": 47.203817905488158, "longitude": 8.7589791992621162, "BELAGSART": 100, "surface_classification_asphalt": 0.55, "surface_classification_compacted": 0.01, "surface_classification_paving": 0.0, "surface_classification_sett": 0.44, "surface_classification_standing": 0.0, "surface_swisstopo": "paved", "surface_sensebox": "paved", "surface_sensebox_probability": 0.55, "match": "True" }, "geometry": { "type": "Point", "coordinates": [ 8.75897920791736, 47.203817915531204 ] } },
{ "type": "Feature", "properties": { "timestamp": "2026-05-02T12:08:06.999Z", "latitude": 47.20380093331967, "longitude": 8.7589586088891327, "BELAGSART": 100, "surface_classification_asphalt": null, "surface_classification_compacted": null, "surface_classification_paving": null, "surface_classification_sett": null, "surface_classification_standing": null, "surface_swisstopo": "paved", "surface_sensebox": "unknown", "surface_sensebox_probability": 0.0, "match": "Unknown" }, "geometry": { "type": "Point", "coordinates": [ 8.758958617544364, 47.203800943362715 ] } },
{ "type": "Feature", "properties": { "timestamp": "2026-05-02T12:08:07.999Z", "latitude": 47.203786221339115, "longitude": 8.758926300128218, "BELAGSART": 100, "surface_classification_asphalt": null, "surface_classification_compacted": null, "surface_classification_paving": null, "surface_classification_sett": null, "surface_classification_standing": null, "surface_swisstopo": "paved", "surface_sensebox": "unknown", "surface_sensebox_probability": 0.0, "match": "Unknown" }, "geometry": { "type": "Point", "coordinates": [ 8.758926308783417, 47.203786231382146 ] } },
{ "type": "Feature", "properties": { "timestamp": "2026-05-02T12:08:08.999Z", "latitude": 47.20378443259272, "longitude": 8.7588799566511906, "BELAGSART": 100, "surface_classification_asphalt": 0.91, "surface_classification_compacted": 0.0, "surface_classification_paving": 0.04, "surface_classification_sett": 0.0, "surface_classification_standing": 0.04, "surface_swisstopo": "paved", "surface_sensebox": "paved", "surface_sensebox_probability": 0.91, "match": "True" }, "geometry": { "type": "Point", "coordinates": [ 8.758879965306345, 47.203784442635715 ] } },
{ "type": "Feature", "properties": { "timestamp": "2026-05-02T12:08:09.999Z", "latitude": 47.203782978991775, "longitude": 8.7588468875524921, "BELAGSART": 100, "surface_classification_asphalt": null, "surface_classification_compacted": null, "surface_classification_paving": null, "surface_classification_sett": null, "surface_classification_standing": null, "surface_swisstopo": "paved", "surface_sensebox": "unknown", "surface_sensebox_probability": 0.0, "match": "Unknown" }, "geometry": { "type": "Point", "coordinates": [ 8.758846896207624, 47.203782989034835 ] } },
{ "type": "Feature", "properties": { "timestamp": "2026-05-02T12:08:10.999Z", "latitude": 47.203780976081873, "longitude": 8.7588114815874416, "BELAGSART": 100, "surface_classification_asphalt": null, "surface_classification_compacted": null, "surface_classification_paving": null, "surface_classification_sett": null, "surface_classification_standing": null, "surface_swisstopo": "paved", "surface_sensebox": "unknown", "surface_sensebox_probability": 0.0, "match": "Unknown" }, "geometry": { "type": "Point", "coordinates": [ 8.758811490242534, 47.203780986124961 ] } },
{ "type": "Feature", "properties": { "timestamp": "2026-05-02T12:08:12.998Z", "latitude": 47.203764439702802, "longitude": 8.7587581778643226, "BELAGSART": 100, "surface_classification_asphalt": 0.18, "surface_classification_compacted": 0.0, "surface_classification_paving": 0.04, "surface_classification_sett": 0.0, "surface_classification_standing": 0.78, "surface_swisstopo": "paved", "surface_sensebox": "unknown", "surface_sensebox_probability": 0.18, "match": "Unknown" }, "geometry": { "type": "Point", "coordinates": [ 8.758758186519371, 47.203764449745876 ] } },
{ "type": "Feature", "properties": { "timestamp": "2026-05-02T12:08:13.998Z", "latitude": 47.203752496990361, "longitude": 8.7587428664516729, "BELAGSART": 100, "surface_classification_asphalt": null, "surface_classification_compacted": null, "surface_classification_paving": null, "surface_classification_sett": null, "surface_classification_standing": null, "surface_swisstopo": "paved", "surface_sensebox": "unknown", "surface_sensebox_probability": 0.0, "match": "Unknown" }, "geometry": { "type": "Point", "coordinates": [ 8.758742875106709, 47.203752507033414 ] } },
{ "type": "Feature", "properties": { "timestamp": "2026-05-02T12:08:14.998Z", "latitude": 47.203744875247978, "longitude": 8.7587282293673763, "BELAGSART": 100, "surface_classification_asphalt": 0.11, "surface_classification_compacted": 0.0, "surface_classification_paving": 0.02, "surface_classification_sett": 0.0, "surface_classification_standing": 0.88, "surface_swisstopo": "paved", "surface_sensebox": "unknown", "surface_sensebox_probability": 0.11, "match": "Unknown" }, "geometry": { "type": "Point", "coordinates": [ 8.758728238022401, 47.203744885291087 ] } },
{ "type": "Feature", "properties": { "timestamp": "2026-05-02T12:08:15.998Z", "latitude": 47.203730060235571, "longitude": 8.7587187660243906, "BELAGSART": 100, "surface_classification_asphalt": null, "surface_classification_compacted": null, "surface_classification_paving": null, "surface_classification_sett": null, "surface_classification_standing": null, "surface_swisstopo": "paved", "surface_sensebox": "unknown", "surface_sensebox_probability": 0.0, "match": "Unknown" }, "geometry": { "type": "Point", "coordinates": [ 8.758718774679412, 47.203730070278652 ] } },
{ "type": "Feature", "properties": { "timestamp": "2026-05-02T12:08:16.998Z", "latitude": 47.203713872718978, "longitude": 8.7587138876095292, "BELAGSART": 100, "surface_classification_asphalt": null, "surface_classification_compacted": null, "surface_classification_paving": null, "surface_classification_sett": null, "surface_classification_standing": null, "surface_swisstopo": "paved", "surface_sensebox": "unknown", "surface_sensebox_probability": 0.0, "match": "Unknown" }, "geometry": { "type": "Point", "coordinates": [ 8.758713896264553, 47.203713882762081 ] } },
{ "type": "Feature", "properties": { "timestamp": "2026-05-02T12:08:17.998Z", "latitude": 47.203701843795059, "longitude": 8.7587284210868983, "BELAGSART": 100, "surface_classification_asphalt": 0.82, "surface_classification_compacted": 0.0, "surface_classification_paving": 0.04, "surface_classification_sett": 0.0, "surface_classification_standing": 0.14, "surface_swisstopo": "paved", "surface_sensebox": "paved", "surface_sensebox_probability": 0.82, "match": "True" }, "geometry": { "type": "Point", "coordinates": [ 8.758728429741932, 47.203701853838091 ] } },
{ "type": "Feature", "properties": { "timestamp": "2026-05-02T12:08:18.998Z", "latitude": 47.203701280376904, "longitude": 8.7587361804682455, "BELAGSART": 100, "surface_classification_asphalt": null, "surface_classification_compacted": null, "surface_classification_paving": null, "surface_classification_sett": null, "surface_classification_standing": null, "surface_swisstopo": "paved", "surface_sensebox": "unknown", "surface_sensebox_probability": 0.0, "match": "Unknown" }, "geometry": { "type": "Point", "coordinates": [ 8.758736189123296, 47.203701290419943 ] } },
{ "type": "Feature", "properties": { "timestamp": "2026-05-02T12:08:19.998Z", "latitude": 47.203695656921866, "longitude": 8.7587367624804404, "BELAGSART": 100, "surface_classification_asphalt": 0.93, "surface_classification_compacted": 0.03, "surface_classification_paving": 0.03, "surface_classification_sett": 0.0, "surface_classification_standing": 0.0, "surface_swisstopo": "paved", "surface_sensebox": "paved", "surface_sensebox_probability": 0.93, "match": "True" }, "geometry": { "type": "Point", "coordinates": [ 8.758736771135492, 47.20369566696494 ] } },
{ "type": "Feature", "properties": { "timestamp": "2026-05-02T12:08:20.998Z", "latitude": 47.203696462446807, "longitude": 8.7587360476930822, "BELAGSART": 100, "surface_classification_asphalt": null, "surface_classification_compacted": null, "surface_classification_paving": null, "surface_classification_sett": null, "surface_classification_standing": null, "surface_swisstopo": "paved", "surface_sensebox": "unknown", "surface_sensebox_probability": 0.0, "match": "Unknown" }, "geometry": { "type": "Point", "coordinates": [ 8.75873605634813, 47.203696472489874 ] } },
{ "type": "Feature", "properties": { "timestamp": "2026-05-02T12:08:21.998Z", "latitude": 47.203694126962795, "longitude": 8.7587332080785671, "BELAGSART": 100, "surface_classification_asphalt": null, "surface_classification_compacted": null, "surface_classification_paving": null, "surface_classification_sett": null, "surface_classification_standing": null, "surface_swisstopo": "paved", "surface_sensebox": "unknown", "surface_sensebox_probability": 0.0, "match": "Unknown" }, "geometry": { "type": "Point", "coordinates": [ 8.75873321673361, 47.203694137005876 ] } },
{ "type": "Feature", "properties": { "timestamp": "2026-05-02T12:08:22.998Z", "latitude": 47.203697305976192, "longitude": 8.7587331442884722, "BELAGSART": 100, "surface_classification_asphalt": 0.68, "surface_classification_compacted": 0.18, "surface_classification_paving": 0.13, "surface_classification_sett": 0.01, "surface_classification_standing": 0.01, "surface_swisstopo": "paved", "surface_sensebox": "paved", "surface_sensebox_probability": 0.68, "match": "True" }, "geometry": { "type": "Point", "coordinates": [ 8.758733152943517, 47.203697316019216 ] } },
{ "type": "Feature", "properties": { "timestamp": "2026-05-02T12:08:23.998Z", "latitude": 47.203691094686313, "longitude": 8.7587334574489386, "BELAGSART": 100, "surface_classification_asphalt": null, "surface_classification_compacted": null, "surface_classification_paving": null, "surface_classification_sett": null, "surface_classification_standing": null, "surface_swisstopo": "paved", "surface_sensebox": "unknown", "surface_sensebox_probability": 0.0, "match": "Unknown" }, "geometry": { "type": "Point", "coordinates": [ 8.758733466103992, 47.203691104729351 ] } },
{ "type": "Feature", "properties": { "timestamp": "2026-05-02T12:08:24.998Z", "latitude": 47.203692676770608, "longitude": 8.7587309413581877, "BELAGSART": 100, "surface_classification_asphalt": null, "surface_classification_compacted": null, "surface_classification_paving": null, "surface_classification_sett": null, "surface_classification_standing": null, "surface_swisstopo": "paved", "surface_sensebox": "unknown", "surface_sensebox_probability": 0.0, "match": "Unknown" }, "geometry": { "type": "Point", "coordinates": [ 8.758730950013231, 47.20369268681366 ] } },
{ "type": "Feature", "properties": { "timestamp": "2026-05-02T12:08:25.998Z", "latitude": 47.203692443390707, "longitude": 8.7587293861468076, "BELAGSART": 100, "surface_classification_asphalt": 0.0, "surface_classification_compacted": 0.0, "surface_classification_paving": 0.01, "surface_classification_sett": 0.0, "surface_classification_standing": 0.98, "surface_swisstopo": "paved", "surface_sensebox": "unknown", "surface_sensebox_probability": 0.0, "match": "Unknown" }, "geometry": { "type": "Point", "coordinates": [ 8.758729394801851, 47.203692453433732 ] } },
{ "type": "Feature", "properties": { "timestamp": "2026-05-02T12:08:26.998Z", "latitude": 47.20369087008384, "longitude": 8.7587321935627198, "BELAGSART": 100, "surface_classification_asphalt": null, "surface_classification_compacted": null, "surface_classification_paving": null, "surface_classification_sett": null, "surface_classification_standing": null, "surface_swisstopo": "paved", "surface_sensebox": "unknown", "surface_sensebox_probability": 0.0, "match": "Unknown" }, "geometry": { "type": "Point", "coordinates": [ 8.758732202217763, 47.203690880126885 ] } },
{ "type": "Feature", "properties": { "timestamp": "2026-05-02T12:08:34.998Z", "latitude": 47.203695171701746, "longitude": 8.7587274601212766, "BELAGSART": 100, "surface_classification_asphalt": 0.02, "surface_classification_compacted": 0.0, "surface_classification_paving": 0.0, "surface_classification_sett": 0.0, "surface_classification_standing": 0.98, "surface_swisstopo": "paved", "surface_sensebox": "unknown", "surface_sensebox_probability": 0.0, "match": "Unknown" }, "geometry": { "type": "Point", "coordinates": [ 8.758727468776321, 47.203695181744813 ] } },
{ "type": "Feature", "properties": { "timestamp": "2026-05-02T12:08:35.998Z", "latitude": 47.203693364177873, "longitude": 8.7587289516222402, "BELAGSART": 100, "surface_classification_asphalt": null, "surface_classification_compacted": null, "surface_classification_paving": null, "surface_classification_sett": null, "surface_classification_standing": null, "surface_swisstopo": "paved", "surface_sensebox": "unknown", "surface_sensebox_probability": 0.0, "match": "Unknown" }, "geometry": { "type": "Point", "coordinates": [ 8.758728960277285, 47.20369337422094 ] } },
{ "type": "Feature", "properties": { "timestamp": "2026-05-02T12:08:36.998Z", "latitude": 47.203693115205247, "longitude": 8.7587241652236703, "BELAGSART": 100, "surface_classification_asphalt": null, "surface_classification_compacted": null, "surface_classification_paving": null, "surface_classification_sett": null, "surface_classification_standing": null, "surface_swisstopo": "paved", "surface_sensebox": "unknown", "surface_sensebox_probability": 0.0, "match": "Unknown" }, "geometry": { "type": "Point", "coordinates": [ 8.75872417387871, 47.203693125248286 ] } },
{ "type": "Feature", "properties": { "timestamp": "2026-05-02T12:08:37.998Z", "latitude": 47.203690880483784, "longitude": 8.7587298636312028, "BELAGSART": 100, "surface_classification_asphalt": 0.04, "surface_classification_compacted": 0.0, "surface_classification_paving": 0.0, "surface_classification_sett": 0.0, "surface_classification_standing": 0.96, "surface_swisstopo": "paved", "surface_sensebox": "unknown", "surface_sensebox_probability": 0.0, "match": "Unknown" }, "geometry": { "type": "Point", "coordinates": [ 8.758729872286246, 47.20369089052685 ] } },
{ "type": "Feature", "properties": { "timestamp": "2026-05-02T12:08:38.998Z", "latitude": 47.20369238073993, "longitude": 8.75873288335052, "BELAGSART": 100, "surface_classification_asphalt": null, "surface_classification_compacted": null, "surface_classification_paving": null, "surface_classification_sett": null, "surface_classification_standing": null, "surface_swisstopo": "paved", "surface_sensebox": "unknown", "surface_sensebox_probability": 0.0, "match": "Unknown" }, "geometry": { "type": "Point", "coordinates": [ 8.758732892005568, 47.203692390782962 ] } },
{ "type": "Feature", "properties": { "timestamp": "2026-05-02T12:08:39.451891Z", "latitude": 47.20369238073993, "longitude": 8.75873288335052, "BELAGSART": 100, "surface_classification_asphalt": null, "surface_classification_compacted": null, "surface_classification_paving": null, "surface_classification_sett": null, "surface_classification_standing": null, "surface_swisstopo": "paved", "surface_sensebox": "unknown", "surface_sensebox_probability": 0.0, "match": "Unknown" }, "geometry": { "type": "Point", "coordinates": [ 8.758732892005568, 47.203692390782962 ] } }
]
}
