{
"type": "FeatureCollection",
"name": "Bike_2026-05-02_13-43_webapp",
"crs": { "type": "name", "properties": { "name": "urn:ogc:def:crs:OGC:1.3:CRS84" } },
"features": [
{ "type": "Feature", "properties": { "timestamp": "2026-05-02T11:43:21.014Z", "latitude": 47.203100645027597, "longitude": 8.7638080772094096, "BELAGSART": 100, "surface_classification_asphalt": 0.43, "surface_classification_compacted": 0.0, "surface_classification_paving": 0.34, "surface_classification_sett": 0.0, "surface_classification_standing": 0.22, "surface_swisstopo": "paved", "surface_sensebox": "unknown", "surface_sensebox_probability": 0.43, "match": "Unknown" }, "geometry": { "type": "Point", "coordinates": [ 8.763808085869517, 47.203100655068923 ] } },
{ "type": "Feature", "properties": { "timestamp": "2026-05-02T11:43:23.012Z", "latitude": 47.203099010556485, "longitude": 8.7638138607225962, "BELAGSART": 100, "surface_classification_asphalt": null, "surface_classification_compacted": null, "surface_classification_paving": null, "surface_classification_sett": null, "surface_classification_standing": null, "surface_swisstopo": "paved", "surface_sensebox": "unknown", "surface_sensebox_probability": 0.0, "match": "Unknown" }, "geometry": { "type": "Point", "coordinates": [ 8.763813869382711, 47.20309902059784 ] } },
{ "type": "Feature", "properties": { "timestamp": "2026-05-02T11:43:27.009Z", "latitude": 47.203078181527104, "longitude": 8.7638235837302769, "BELAGSART": 100, "surface_classification_asphalt": 0.02, "surface_classification_compacted": 0.0, "surface_classification_paving": 0.13, "surface_classification_sett": 0.0, "surface_classification_standing": 0.85, "surface_swisstopo": "paved", "surface_sensebox": "unknown", "surface_sensebox_probability": 0.13, "match": "Unknown" }, "geometry": { "type": "Point", "coordinates": [ 8.763823592390404, 47.20307819156843 ] } },
{ "type": "Feature", "properties": { "timestamp": "2026-05-02T11:43:29.007Z", "latitude": 47.203074661127772, "longitude": 8.7638236675493086, "BELAGSART": 100, "surface_classification_asphalt": null, "surface_classification_compacted": null, "surface_classification_paving": null, "surface_classification_sett": null, "surface_classification_standing": null, "surface_swisstopo": "paved", "surface_sensebox": "unknown", "surface_sensebox_probability": 0.0, "match": "Unknown" }, "geometry": { "type": "Point", "coordinates": [ 8.763823676209441, 47.203074671169112 ] } },
{ "type": "Feature", "properties": { "timestamp": "2026-05-02T11:43:30.007Z", "latitude": 47.20307252374247, "longitude": 8.7638267688534821, "BELAGSART": 100, "surface_classification_asphalt": 0.47, "surface_classification_compacted": 0.11, "surface_classification_paving": 0.21, "surface_classification_sett": 0.05, "surface_classification_standing": 0.16, "surface_swisstopo": "paved", "surface_sensebox": "unknown", "surface_sensebox_probability": 0.47, "match": "Unknown" }, "geometry": { "type": "Point", "coordinates": [ 8.76382677751362, 47.203072533783825 ] } },
{ "type": "Feature", "properties": { "timestamp": "2026-05-02T11:43:32.006Z", "latitude": 47.203061173161032, "longitude": 8.7638395039387298, "BELAGSART": 100, "surface_classification_asphalt": null, "surface_classification_compacted": null, "surface_classification_paving": null, "surface_classification_sett": null, "surface_classification_standing": null, "surface_swisstopo": "paved", "surface_sensebox": "unknown", "surface_sensebox_probability": 0.0, "match": "Unknown" }, "geometry": { "type": "Point", "coordinates": [ 8.763839512598883, 47.203061183202351 ] } },
{ "type": "Feature", "properties": { "timestamp": "2026-05-02T11:43:34.005Z", "latitude": 47.203062898317597, "longitude": 8.7638521910159461, "BELAGSART": 100, "surface_classification_asphalt": 0.32, "surface_classification_compacted": 0.25, "surface_classification_paving": 0.4, "surface_classification_sett": 0.02, "surface_classification_standing": 0.01, "surface_swisstopo": "paved", "surface_sensebox": "unknown", "surface_sensebox_probability": 0.4, "match": "Unknown" }, "geometry": { "type": "Point", "coordinates": [ 8.763852199676114, 47.203062908358902 ] } },
{ "type": "Feature", "properties": { "timestamp": "2026-05-02T11:43:36.004Z", "latitude": 47.203075325319354, "longitude": 8.7638297348857215, "BELAGSART": 100, "surface_classification_asphalt": 0.72, "surface_classification_compacted": 0.01, "surface_classification_paving": 0.23, "surface_classification_sett": 0.0, "surface_classification_standing": 0.04, "surface_swisstopo": "paved", "surface_sensebox": "paved", "surface_sensebox_probability": 0.72, "match": "True" }, "geometry": { "type": "Point", "coordinates": [ 8.763829743545859, 47.203075335360644 ] } },
{ "type": "Feature", "properties": { "timestamp": "2026-05-02T11:43:37.004Z", "latitude": 47.203075625046637, "longitude": 8.763828864329275, "BELAGSART": 100, "surface_classification_asphalt": null, "surface_classification_compacted": null, "surface_classification_paving": null, "surface_classification_sett": null, "surface_classification_standing": null, "surface_swisstopo": "paved", "surface_sensebox": "unknown", "surface_sensebox_probability": 0.0, "match": "Unknown" }, "geometry": { "type": "Point", "coordinates": [ 8.763828872989407, 47.203075635087977 ] } },
{ "type": "Feature", "properties": { "timestamp": "2026-05-02T11:43:40.003Z", "latitude": 47.203075625046637, "longitude": 8.763828864329275, "BELAGSART": 100, "surface_classification_asphalt": 0.11, "surface_classification_compacted": 0.0, "surface_classification_paving": 0.09, "surface_classification_sett": 0.0, "surface_classification_standing": 0.8, "surface_swisstopo": "paved", "surface_sensebox": "unknown", "surface_sensebox_probability": 0.11, "match": "Unknown" }, "geometry": { "type": "Point", "coordinates": [ 8.763828872989407, 47.203075635087977 ] } },
{ "type": "Feature", "properties": { "timestamp": "2026-05-02T11:43:43.002Z", "latitude": 47.203087380526931, "longitude": 8.7639059962733352, "BELAGSART": 100, "surface_classification_asphalt": 0.07, "surface_classification_compacted": 0.0, "surface_classification_paving": 0.0, "surface_classification_sett": 0.0, "surface_classification_standing": 0.93, "surface_swisstopo": "paved", "surface_sensebox": "unknown", "surface_sensebox_probability": 0.0, "match": "Unknown" }, "geometry": { "type": "Point", "coordinates": [ 8.76390600493354, 47.203087390568257 ] } },
{ "type": "Feature", "properties": { "timestamp": "2026-05-02T11:43:44.002Z", "latitude": 47.203087532255125, "longitude": 8.7639062274442079, "BELAGSART": 100, "surface_classification_asphalt": null, "surface_classification_compacted": null, "surface_classification_paving": null, "surface_classification_sett": null, "surface_classification_standing": null, "surface_swisstopo": "paved", "surface_sensebox": "unknown", "surface_sensebox_probability": 0.0, "match": "Unknown" }, "geometry": { "type": "Point", "coordinates": [ 8.763906236104415, 47.203087542296423 ] } },
{ "type": "Feature", "properties": { "timestamp": "2026-05-02T11:43:47.001Z", "latitude": 47.203087532255125, "longitude": 8.7639062274442079, "BELAGSART": 100, "surface_classification_asphalt": 0.03, "surface_classification_compacted": 0.0, "surface_classification_paving": 0.02, "surface_classification_sett": 0.0, "surface_classification_standing": 0.95, "surface_swisstopo": "paved", "surface_sensebox": "unknown", "surface_sensebox_probability": 0.0, "match": "Unknown" }, "geometry": { "type": "Point", "coordinates": [ 8.763906236104415, 47.203087542296423 ] } },
{ "type": "Feature", "properties": { "timestamp": "2026-05-02T11:43:58.999Z", "latitude": 47.203099141377407, "longitude": 8.7638983529184866, "BELAGSART": 100, "surface_classification_asphalt": 0.02, "surface_classification_compacted": 0.0, "surface_classification_paving": 0.0, "surface_classification_sett": 0.0, "surface_classification_standing": 0.98, "surface_swisstopo": "paved", "surface_sensebox": "unknown", "surface_sensebox_probability": 0.0, "match": "Unknown" }, "geometry": { "type": "Point", "coordinates": [ 8.763898361578681, 47.203099151418755 ] } },
{ "type": "Feature", "properties": { "timestamp": "2026-05-02T11:43:59.999Z", "latitude": 47.203099198395527, "longitude": 8.7638983976288269, "BELAGSART": 100, "surface_classification_asphalt": null, "surface_classification_compacted": null, "surface_classification_paving": null, "surface_classification_sett": null, "surface_classification_standing": null, "surface_swisstopo": "paved", "surface_sensebox": "unknown", "surface_sensebox_probability": 0.0, "match": "Unknown" }, "geometry": { "type": "Point", "coordinates": [ 8.763898406289023, 47.203099208436846 ] } },
{ "type": "Feature", "properties": { "timestamp": "2026-05-02T11:44:00.999Z", "latitude": 47.203104151237085, "longitude": 8.7638880286916354, "BELAGSART": 100, "surface_classification_asphalt": null, "surface_classification_compacted": null, "surface_classification_paving": null, "surface_classification_sett": null, "surface_classification_standing": null, "surface_swisstopo": "paved", "surface_sensebox": "unknown", "surface_sensebox_probability": 0.0, "match": "Unknown" }, "geometry": { "type": "Point", "coordinates": [ 8.763888037351817, 47.203104161278418 ] } },
{ "type": "Feature", "properties": { "timestamp": "2026-05-02T11:44:01.999Z", "latitude": 47.203108203405307, "longitude": 8.7638855348887965, "BELAGSART": 100, "surface_classification_asphalt": 0.02, "surface_classification_compacted": 0.0, "surface_classification_paving": 0.02, "surface_classification_sett": 0.0, "surface_classification_standing": 0.96, "surface_swisstopo": "paved", "surface_sensebox": "unknown", "surface_sensebox_probability": 0.0, "match": "Unknown" }, "geometry": { "type": "Point", "coordinates": [ 8.763885543548977, 47.203108213446626 ] } },
{ "type": "Feature", "properties": { "timestamp": "2026-05-02T11:44:02.999Z", "latitude": 47.203117467080091, "longitude": 8.7638760596813974, "BELAGSART": 100, "surface_classification_asphalt": null, "surface_classification_compacted": null, "surface_classification_paving": null, "surface_classification_sett": null, "surface_classification_standing": null, "surface_swisstopo": "paved", "surface_sensebox": "unknown", "surface_sensebox_probability": 0.0, "match": "Unknown" }, "geometry": { "type": "Point", "coordinates": [ 8.76387606834157, 47.203117477121417 ] } },
{ "type": "Feature", "properties": { "timestamp": "2026-05-02T11:44:03.999Z", "latitude": 47.203133408095056, "longitude": 8.763885154105882, "BELAGSART": 100, "surface_classification_asphalt": null, "surface_classification_compacted": null, "surface_classification_paving": null, "surface_classification_sett": null, "surface_classification_standing": null, "surface_swisstopo": "paved", "surface_sensebox": "unknown", "surface_sensebox_probability": 0.0, "match": "Unknown" }, "geometry": { "type": "Point", "coordinates": [ 8.763885162766055, 47.203133418136403 ] } },
{ "type": "Feature", "properties": { "timestamp": "2026-05-02T11:44:04.999Z", "latitude": 47.20314645882911, "longitude": 8.7638731476830571, "BELAGSART": 100, "surface_classification_asphalt": 0.44, "surface_classification_compacted": 0.49, "surface_classification_paving": 0.01, "surface_classification_sett": 0.07, "surface_classification_standing": 0.0, "surface_swisstopo": "paved", "surface_sensebox": "unknown", "surface_sensebox_probability": 0.49, "match": "Unknown" }, "geometry": { "type": "Point", "coordinates": [ 8.763873156343212, 47.203146468870472 ] } },
{ "type": "Feature", "properties": { "timestamp": "2026-05-02T11:44:06.998Z", "latitude": 47.203154059294867, "longitude": 8.7638740580821981, "BELAGSART": 100, "surface_classification_asphalt": null, "surface_classification_compacted": null, "surface_classification_paving": null, "surface_classification_sett": null, "surface_classification_standing": null, "surface_swisstopo": "paved", "surface_sensebox": "unknown", "surface_sensebox_probability": 0.0, "match": "Unknown" }, "geometry": { "type": "Point", "coordinates": [ 8.763874066742357, 47.203154069336229 ] } },
{ "type": "Feature", "properties": { "timestamp": "2026-05-02T11:44:07.998Z", "latitude": 47.203146811324544, "longitude": 8.7638920591819982, "BELAGSART": 100, "surface_classification_asphalt": 0.04, "surface_classification_compacted": 0.0, "surface_classification_paving": 0.05, "surface_classification_sett": 0.0, "surface_classification_standing": 0.91, "surface_swisstopo": "paved", "surface_sensebox": "unknown", "surface_sensebox_probability": 0.0, "match": "Unknown" }, "geometry": { "type": "Point", "coordinates": [ 8.763892067842169, 47.203146821365898 ] } },
{ "type": "Feature", "properties": { "timestamp": "2026-05-02T11:44:08.998Z", "latitude": 47.203126488465912, "longitude": 8.7638833900615598, "BELAGSART": 100, "surface_classification_asphalt": null, "surface_classification_compacted": null, "surface_classification_paving": null, "surface_classification_sett": null, "surface_classification_standing": null, "surface_swisstopo": "paved", "surface_sensebox": "unknown", "surface_sensebox_probability": 0.0, "match": "Unknown" }, "geometry": { "type": "Point", "coordinates": [ 8.763883398721733, 47.203126498507274 ] } },
{ "type": "Feature", "properties": { "timestamp": "2026-05-02T11:44:09.998Z", "latitude": 47.203136457577372, "longitude": 8.7638745909595706, "BELAGSART": 100, "surface_classification_asphalt": null, "surface_classification_compacted": null, "surface_classification_paving": null, "surface_classification_sett": null, "surface_classification_standing": null, "surface_swisstopo": "paved", "surface_sensebox": "unknown", "surface_sensebox_probability": 0.0, "match": "Unknown" }, "geometry": { "type": "Point", "coordinates": [ 8.763874599619735, 47.203136467618748 ] } },
{ "type": "Feature", "properties": { "timestamp": "2026-05-02T11:44:10.998Z", "latitude": 47.203136457577372, "longitude": 8.7638745909595706, "BELAGSART": 100, "surface_classification_asphalt": 0.02, "surface_classification_compacted": 0.0, "surface_classification_paving": 0.02, "surface_classification_sett": 0.0, "surface_classification_standing": 0.96, "surface_swisstopo": "paved", "surface_sensebox": "unknown", "surface_sensebox_probability": 0.0, "match": "Unknown" }, "geometry": { "type": "Point", "coordinates": [ 8.763874599619735, 47.203136467618748 ] } },
{ "type": "Feature", "properties": { "timestamp": "2026-05-02T11:44:11.998Z", "latitude": 47.203140651417463, "longitude": 8.7638539836731155, "BELAGSART": 100, "surface_classification_asphalt": null, "surface_classification_compacted": null, "surface_classification_paving": null, "surface_classification_sett": null, "surface_classification_standing": null, "surface_swisstopo": "paved", "surface_sensebox": "unknown", "surface_sensebox_probability": 0.0, "match": "Unknown" }, "geometry": { "type": "Point", "coordinates": [ 8.763853992333257, 47.203140661458782 ] } },
{ "type": "Feature", "properties": { "timestamp": "2026-05-02T11:44:12.998Z", "latitude": 47.203141578815824, "longitude": 8.7638455041103089, "BELAGSART": 100, "surface_classification_asphalt": null, "surface_classification_compacted": null, "surface_classification_paving": null, "surface_classification_sett": null, "surface_classification_standing": null, "surface_swisstopo": "paved", "surface_sensebox": "unknown", "surface_sensebox_probability": 0.0, "match": "Unknown" }, "geometry": { "type": "Point", "coordinates": [ 8.763845512770439, 47.203141588857207 ] } },
{ "type": "Feature", "properties": { "timestamp": "2026-05-02T11:44:13.998Z", "latitude": 47.203143544604302, "longitude": 8.7638456332240278, "BELAGSART": 100, "surface_classification_asphalt": 0.03, "surface_classification_compacted": 0.0, "surface_classification_paving": 0.03, "surface_classification_sett": 0.0, "surface_classification_standing": 0.94, "surface_swisstopo": "paved", "surface_sensebox": "unknown", "surface_sensebox_probability": 0.0, "match": "Unknown" }, "geometry": { "type": "Point", "coordinates": [ 8.763845641884158, 47.203143554645642 ] } },
{ "type": "Feature", "properties": { "timestamp": "2026-05-02T11:44:14.998Z", "latitude": 47.203143544604302, "longitude": 8.7638456332240278, "BELAGSART": 100, "surface_classification_asphalt": null, "surface_classification_compacted": null, "surface_classification_paving": null, "surface_classification_sett": null, "surface_classification_standing": null, "surface_swisstopo": "paved", "surface_sensebox": "unknown", "surface_sensebox_probability": 0.0, "match": "Unknown" }, "geometry": { "type": "Point", "coordinates": [ 8.763845641884158, 47.203143554645642 ] } },
{ "type": "Feature", "properties": { "timestamp": "2026-05-02T11:44:15.998Z", "latitude": 47.203143544604302, "longitude": 8.7638456332240278, "BELAGSART": 100, "surface_classification_asphalt": 0.0, "surface_classification_compacted": 0.0, "surface_classification_paving": 0.0, "surface_classification_sett": 0.0, "surface_classification_standing": 1.0, "surface_swisstopo": "paved", "surface_sensebox": "unknown", "surface_sensebox_probability": 0.0, "match": "Unknown" }, "geometry": { "type": "Point", "coordinates": [ 8.763845641884158, 47.203143554645642 ] } },
{ "type": "Feature", "properties": { "timestamp": "2026-05-02T11:44:16.998Z", "latitude": 47.203143544604302, "longitude": 8.7638456332240278, "BELAGSART": 100, "surface_classification_asphalt": null, "surface_classification_compacted": null, "surface_classification_paving": null, "surface_classification_sett": null, "surface_classification_standing": null, "surface_swisstopo": "paved", "surface_sensebox": "unknown", "surface_sensebox_probability": 0.0, "match": "Unknown" }, "geometry": { "type": "Point", "coordinates": [ 8.763845641884158, 47.203143554645642 ] } },
{ "type": "Feature", "properties": { "timestamp": "2026-05-02T11:44:17.998Z", "latitude": 47.203143544604302, "longitude": 8.7638456332240278, "BELAGSART": 100, "surface_classification_asphalt": null, "surface_classification_compacted": null, "surface_classification_paving": null, "surface_classification_sett": null, "surface_classification_standing": null, "surface_swisstopo": "paved", "surface_sensebox": "unknown", "surface_sensebox_probability": 0.0, "match": "Unknown" }, "geometry": { "type": "Point", "coordinates": [ 8.763845641884158, 47.203143554645642 ] } },
{ "type": "Feature", "properties": { "timestamp": "2026-05-02T11:44:18.998Z", "latitude": 47.203143544604302, "longitude": 8.7638456332240278, "BELAGSART": 100, "surface_classification_asphalt": 0.0, "surface_classification_compacted": 0.0, "surface_classification_paving": 0.0, "surface_classification_sett": 0.0, "surface_classification_standing": 1.0, "surface_swisstopo": "paved", "surface_sensebox": "unknown", "surface_sensebox_probability": 0.0, "match": "Unknown" }, "geometry": { "type": "Point", "coordinates": [ 8.763845641884158, 47.203143554645642 ] } },
{ "type": "Feature", "properties": { "timestamp": "2026-05-02T11:44:23.997Z", "latitude": 47.203135805451979, "longitude": 8.7638240423891069, "BELAGSART": 100, "surface_classification_asphalt": 0.51, "surface_classification_compacted": 0.0, "surface_classification_paving": 0.12, "surface_classification_sett": 0.0, "surface_classification_standing": 0.37, "surface_swisstopo": "paved", "surface_sensebox": "paved", "surface_sensebox_probability": 0.51, "match": "True" }, "geometry": { "type": "Point", "coordinates": [ 8.763824051049218, 47.203135815493354 ] } },
{ "type": "Feature", "properties": { "timestamp": "2026-05-02T11:44:24.997Z", "latitude": 47.203128539441337, "longitude": 8.7638073446788898, "BELAGSART": 100, "surface_classification_asphalt": 0.71, "surface_classification_compacted": 0.0, "surface_classification_paving": 0.23, "surface_classification_sett": 0.0, "surface_classification_standing": 0.05, "surface_swisstopo": "paved", "surface_sensebox": "paved", "surface_sensebox_probability": 0.71, "match": "True" }, "geometry": { "type": "Point", "coordinates": [ 8.763807353338986, 47.203128549482727 ] } },
{ "type": "Feature", "properties": { "timestamp": "2026-05-02T11:44:25.997Z", "latitude": 47.203119813575192, "longitude": 8.7637916113150691, "BELAGSART": 100, "surface_classification_asphalt": null, "surface_classification_compacted": null, "surface_classification_paving": null, "surface_classification_sett": null, "surface_classification_standing": null, "surface_swisstopo": "paved", "surface_sensebox": "unknown", "surface_sensebox_probability": 0.0, "match": "Unknown" }, "geometry": { "type": "Point", "coordinates": [ 8.763791619975155, 47.203119823616539 ] } },
{ "type": "Feature", "properties": { "timestamp": "2026-05-02T11:44:35.123Z", "latitude": 47.20308145046905, "longitude": 8.7637886311940516, "BELAGSART": 100, "surface_classification_asphalt": 0.04, "surface_classification_compacted": 0.91, "surface_classification_paving": 0.02, "surface_classification_sett": 0.04, "surface_classification_standing": 0.0, "surface_swisstopo": "paved", "surface_sensebox": "nature", "surface_sensebox_probability": 0.91, "match": "False" }, "geometry": { "type": "Point", "coordinates": [ 8.763788639854152, 47.203081460510411 ] } },
{ "type": "Feature", "properties": { "timestamp": "2026-05-02T11:44:36.997Z", "latitude": 47.203131825707111, "longitude": 8.7637162953696812, "BELAGSART": 100, "surface_classification_asphalt": 0.34, "surface_classification_compacted": 0.27, "surface_classification_paving": 0.34, "surface_classification_sett": 0.05, "surface_classification_standing": 0.0, "surface_swisstopo": "paved", "surface_sensebox": "unknown", "surface_sensebox_probability": 0.34, "match": "Unknown" }, "geometry": { "type": "Point", "coordinates": [ 8.763716304029689, 47.203131835748479 ] } },
{ "type": "Feature", "properties": { "timestamp": "2026-05-02T11:44:37.997Z", "latitude": 47.203167532614621, "longitude": 8.7637017108581627, "BELAGSART": 100, "surface_classification_asphalt": null, "surface_classification_compacted": null, "surface_classification_paving": null, "surface_classification_sett": null, "surface_classification_standing": null, "surface_swisstopo": "paved", "surface_sensebox": "unknown", "surface_sensebox_probability": 0.0, "match": "Unknown" }, "geometry": { "type": "Point", "coordinates": [ 8.763701719518144, 47.20316754265604 ] } },
{ "type": "Feature", "properties": { "timestamp": "2026-05-02T11:44:38.997Z", "latitude": 47.203202401331815, "longitude": 8.7637132778845395, "BELAGSART": 100, "surface_classification_asphalt": 0.04, "surface_classification_compacted": 0.86, "surface_classification_paving": 0.04, "surface_classification_sett": 0.07, "surface_classification_standing": 0.0, "surface_swisstopo": "paved", "surface_sensebox": "nature", "surface_sensebox_probability": 0.86, "match": "False" }, "geometry": { "type": "Point", "coordinates": [ 8.763713286544528, 47.203202411373191 ] } },
{ "type": "Feature", "properties": { "timestamp": "2026-05-02T11:44:39.997Z", "latitude": 47.203233246735486, "longitude": 8.7637406028888787, "BELAGSART": 100, "surface_classification_asphalt": null, "surface_classification_compacted": null, "surface_classification_paving": null, "surface_classification_sett": null, "surface_classification_standing": null, "surface_swisstopo": "paved", "surface_sensebox": "unknown", "surface_sensebox_probability": 0.0, "match": "Unknown" }, "geometry": { "type": "Point", "coordinates": [ 8.763740611548881, 47.203233256776933 ] } },
{ "type": "Feature", "properties": { "timestamp": "2026-05-02T11:44:40.999Z", "latitude": 47.203262415758523, "longitude": 8.7637725379399622, "BELAGSART": 100, "surface_classification_asphalt": null, "surface_classification_compacted": null, "surface_classification_paving": null, "surface_classification_sett": null, "surface_classification_standing": null, "surface_swisstopo": "paved", "surface_sensebox": "unknown", "surface_sensebox_probability": 0.0, "match": "Unknown" }, "geometry": { "type": "Point", "coordinates": [ 8.763772546599986, 47.203262425799956 ] } },
{ "type": "Feature", "properties": { "timestamp": "2026-05-02T11:44:41.999Z", "latitude": 47.203292883976552, "longitude": 8.7637753039680089, "BELAGSART": 100, "surface_classification_asphalt": 0.58, "surface_classification_compacted": 0.33, "surface_classification_paving": 0.08, "surface_classification_sett": 0.0, "surface_classification_standing": 0.0, "surface_swisstopo": "paved", "surface_sensebox": "paved", "surface_sensebox_probability": 0.58, "match": "True" }, "geometry": { "type": "Point", "coordinates": [ 8.763775312628031, 47.203292894017991 ] } },
{ "type": "Feature", "properties": { "timestamp": "2026-05-02T11:44:42.999Z", "latitude": 47.203323142647001, "longitude": 8.763811178513583, "BELAGSART": 100, "surface_classification_asphalt": null, "surface_classification_compacted": null, "surface_classification_paving": null, "surface_classification_sett": null, "surface_classification_standing": null, "surface_swisstopo": "paved", "surface_sensebox": "unknown", "surface_sensebox_probability": 0.0, "match": "Unknown" }, "geometry": { "type": "Point", "coordinates": [ 8.763811187173623, 47.203323152688412 ] } },
{ "type": "Feature", "properties": { "timestamp": "2026-05-02T11:44:43.999Z", "latitude": 47.203349629461023, "longitude": 8.7638536747626627, "BELAGSART": 100, "surface_classification_asphalt": 0.15, "surface_classification_compacted": 0.72, "surface_classification_paving": 0.11, "surface_classification_sett": 0.02, "surface_classification_standing": 0.0, "surface_swisstopo": "paved", "surface_sensebox": "nature", "surface_sensebox_probability": 0.72, "match": "False" }, "geometry": { "type": "Point", "coordinates": [ 8.76385368342274, 47.20334963950242 ] } },
{ "type": "Feature", "properties": { "timestamp": "2026-05-02T11:44:44.999Z", "latitude": 47.203374314165863, "longitude": 8.7639019545249308, "BELAGSART": 100, "surface_classification_asphalt": null, "surface_classification_compacted": null, "surface_classification_paving": null, "surface_classification_sett": null, "surface_classification_standing": null, "surface_swisstopo": "paved", "surface_sensebox": "unknown", "surface_sensebox_probability": 0.0, "match": "Unknown" }, "geometry": { "type": "Point", "coordinates": [ 8.763901963185045, 47.203374324207282 ] } },
{ "type": "Feature", "properties": { "timestamp": "2026-05-02T11:44:45.999Z", "latitude": 47.203406039669368, "longitude": 8.763949899011072, "BELAGSART": 100, "surface_classification_asphalt": null, "surface_classification_compacted": null, "surface_classification_paving": null, "surface_classification_sett": null, "surface_classification_standing": null, "surface_swisstopo": "paved", "surface_sensebox": "unknown", "surface_sensebox_probability": 0.0, "match": "Unknown" }, "geometry": { "type": "Point", "coordinates": [ 8.763949907671222, 47.20340604971075 ] } },
{ "type": "Feature", "properties": { "timestamp": "2026-05-02T11:44:46.999Z", "latitude": 47.203444638333472, "longitude": 8.7639920599840249, "BELAGSART": 100, "surface_classification_asphalt": 0.02, "surface_classification_compacted": 0.12, "surface_classification_paving": 0.16, "surface_classification_sett": 0.7, "surface_classification_standing": 0.0, "surface_swisstopo": "paved", "surface_sensebox": "paved", "surface_sensebox_probability": 0.7, "match": "True" }, "geometry": { "type": "Point", "coordinates": [ 8.763992068644207, 47.203444648374919 ] } },
{ "type": "Feature", "properties": { "timestamp": "2026-05-02T11:44:47.999Z", "latitude": 47.203482289766242, "longitude": 8.7640309693672016, "BELAGSART": 100, "surface_classification_asphalt": null, "surface_classification_compacted": null, "surface_classification_paving": null, "surface_classification_sett": null, "surface_classification_standing": null, "surface_swisstopo": "paved", "surface_sensebox": "unknown", "surface_sensebox_probability": 0.0, "match": "Unknown" }, "geometry": { "type": "Point", "coordinates": [ 8.764030978027407, 47.203482299807682 ] } },
{ "type": "Feature", "properties": { "timestamp": "2026-05-02T11:44:48.999Z", "latitude": 47.203515225376826, "longitude": 8.7640613189599819, "BELAGSART": 100, "surface_classification_asphalt": null, "surface_classification_compacted": null, "surface_classification_paving": null, "surface_classification_sett": null, "surface_classification_standing": null, "surface_swisstopo": "paved", "surface_sensebox": "unknown", "surface_sensebox_probability": 0.0, "match": "Unknown" }, "geometry": { "type": "Point", "coordinates": [ 8.764061327620201, 47.203515235418223 ] } },
{ "type": "Feature", "properties": { "timestamp": "2026-05-02T11:44:49.999Z", "latitude": 47.203544885646401, "longitude": 8.7641147759618026, "BELAGSART": 100, "surface_classification_asphalt": 0.16, "surface_classification_compacted": 0.79, "surface_classification_paving": 0.02, "surface_classification_sett": 0.03, "surface_classification_standing": 0.0, "surface_swisstopo": "paved", "surface_sensebox": "nature", "surface_sensebox_probability": 0.79, "match": "False" }, "geometry": { "type": "Point", "coordinates": [ 8.764114784622068, 47.203544895687813 ] } },
{ "type": "Feature", "properties": { "timestamp": "2026-05-02T11:44:50.999Z", "latitude": 47.203581122938246, "longitude": 8.7641554433584492, "BELAGSART": 100, "surface_classification_asphalt": null, "surface_classification_compacted": null, "surface_classification_paving": null, "surface_classification_sett": null, "surface_classification_standing": null, "surface_swisstopo": "paved", "surface_sensebox": "unknown", "surface_sensebox_probability": 0.0, "match": "Unknown" }, "geometry": { "type": "Point", "coordinates": [ 8.764155452018743, 47.203581132979657 ] } },
{ "type": "Feature", "properties": { "timestamp": "2026-05-02T11:44:51.999Z", "latitude": 47.203608098202587, "longitude": 8.7641999208743382, "BELAGSART": 100, "surface_classification_asphalt": null, "surface_classification_compacted": null, "surface_classification_paving": null, "surface_classification_sett": null, "surface_classification_standing": null, "surface_swisstopo": "paved", "surface_sensebox": "unknown", "surface_sensebox_probability": 0.0, "match": "Unknown" }, "geometry": { "type": "Point", "coordinates": [ 8.764199929534669, 47.203608108243984 ] } },
{ "type": "Feature", "properties": { "timestamp": "2026-05-02T11:44:52.999Z", "latitude": 47.203629868158757, "longitude": 8.7642324095209911, "BELAGSART": 100, "surface_classification_asphalt": 0.05, "surface_classification_compacted": 0.91, "surface_classification_paving": 0.04, "surface_classification_sett": 0.01, "surface_classification_standing": 0.0, "surface_swisstopo": "paved", "surface_sensebox": "nature", "surface_sensebox_probability": 0.91, "match": "False" }, "geometry": { "type": "Point", "coordinates": [ 8.764232418181342, 47.203629878200182 ] } },
{ "type": "Feature", "properties": { "timestamp": "2026-05-02T11:44:53.999Z", "latitude": 47.203655711030372, "longitude": 8.7642925542765084, "BELAGSART": 100, "surface_classification_asphalt": null, "surface_classification_compacted": null, "surface_classification_paving": null, "surface_classification_sett": null, "surface_classification_standing": null, "surface_swisstopo": "paved", "surface_sensebox": "unknown", "surface_sensebox_probability": 0.0, "match": "Unknown" }, "geometry": { "type": "Point", "coordinates": [ 8.764292562936911, 47.20365572107179 ] } },
{ "type": "Feature", "properties": { "timestamp": "2026-05-02T11:44:54.999Z", "latitude": 47.203682293807944, "longitude": 8.7643204423557179, "BELAGSART": 100, "surface_classification_asphalt": null, "surface_classification_compacted": null, "surface_classification_paving": null, "surface_classification_sett": null, "surface_classification_standing": null, "surface_swisstopo": "paved", "surface_sensebox": "unknown", "surface_sensebox_probability": 0.0, "match": "Unknown" }, "geometry": { "type": "Point", "coordinates": [ 8.764320451016141, 47.203682303849376 ] } },
{ "type": "Feature", "properties": { "timestamp": "2026-05-02T11:44:55.999Z", "latitude": 47.203711251732429, "longitude": 8.7643660335448192, "BELAGSART": 100, "surface_classification_asphalt": 0.54, "surface_classification_compacted": 0.09, "surface_classification_paving": 0.34, "surface_classification_sett": 0.01, "surface_classification_standing": 0.02, "surface_swisstopo": "paved", "surface_sensebox": "paved", "surface_sensebox_probability": 0.54, "match": "True" }, "geometry": { "type": "Point", "coordinates": [ 8.764366042205276, 47.20371126177384 ] } },
{ "type": "Feature", "properties": { "timestamp": "2026-05-02T11:44:56.999Z", "latitude": 47.203737728939338, "longitude": 8.7644170985367076, "BELAGSART": 100, "surface_classification_asphalt": null, "surface_classification_compacted": null, "surface_classification_paving": null, "surface_classification_sett": null, "surface_classification_standing": null, "surface_swisstopo": "paved", "surface_sensebox": "unknown", "surface_sensebox_probability": 0.0, "match": "Unknown" }, "geometry": { "type": "Point", "coordinates": [ 8.764417107197204, 47.203737738980706 ] } },
{ "type": "Feature", "properties": { "timestamp": "2026-05-02T11:44:57.999Z", "latitude": 47.203742791676682, "longitude": 8.7644629758308561, "BELAGSART": 100, "surface_classification_asphalt": null, "surface_classification_compacted": null, "surface_classification_paving": null, "surface_classification_sett": null, "surface_classification_standing": null, "surface_swisstopo": "paved", "surface_sensebox": "unknown", "surface_sensebox_probability": 0.0, "match": "Unknown" }, "geometry": { "type": "Point", "coordinates": [ 8.764462984491395, 47.203742801718086 ] } },
{ "type": "Feature", "properties": { "timestamp": "2026-05-02T11:44:58.999Z", "latitude": 47.203737164748603, "longitude": 8.7644997386764043, "BELAGSART": 100, "surface_classification_asphalt": 0.79, "surface_classification_compacted": 0.02, "surface_classification_paving": 0.09, "surface_classification_sett": 0.0, "surface_classification_standing": 0.09, "surface_swisstopo": "paved", "surface_sensebox": "paved", "surface_sensebox_probability": 0.79, "match": "True" }, "geometry": { "type": "Point", "coordinates": [ 8.764499747336981, 47.203737174789964 ] } },
{ "type": "Feature", "properties": { "timestamp": "2026-05-02T11:44:59.999Z", "latitude": 47.20373300046414, "longitude": 8.7645431245486076, "BELAGSART": 100, "surface_classification_asphalt": null, "surface_classification_compacted": null, "surface_classification_paving": null, "surface_classification_sett": null, "surface_classification_standing": null, "surface_swisstopo": "paved", "surface_sensebox": "unknown", "surface_sensebox_probability": 0.0, "match": "Unknown" }, "geometry": { "type": "Point", "coordinates": [ 8.764543133209228, 47.203733010505481 ] } },
{ "type": "Feature", "properties": { "timestamp": "2026-05-02T11:45:00.999Z", "latitude": 47.203719876420315, "longitude": 8.7645948231020299, "BELAGSART": 100, "surface_classification_asphalt": 0.2, "surface_classification_compacted": 0.48, "surface_classification_paving": 0.31, "surface_classification_sett": 0.0, "surface_classification_standing": 0.0, "surface_swisstopo": "paved", "surface_sensebox": "unknown", "surface_sensebox_probability": 0.48, "match": "Unknown" }, "geometry": { "type": "Point", "coordinates": [ 8.764594831762707, 47.203719886461677 ] } },
{ "type": "Feature", "properties": { "timestamp": "2026-05-02T11:45:01.999Z", "latitude": 47.203702498397945, "longitude": 8.7646583458474598, "BELAGSART": 100, "surface_classification_asphalt": null, "surface_classification_compacted": null, "surface_classification_paving": null, "surface_classification_sett": null, "surface_classification_standing": null, "surface_swisstopo": "paved", "surface_sensebox": "unknown", "surface_sensebox_probability": 0.0, "match": "Unknown" }, "geometry": { "type": "Point", "coordinates": [ 8.764658354508198, 47.203702508439285 ] } },
{ "type": "Feature", "properties": { "timestamp": "2026-05-02T11:45:02.999Z", "latitude": 47.203679454495429, "longitude": 8.7647277817240887, "BELAGSART": 100, "surface_classification_asphalt": null, "surface_classification_compacted": null, "surface_classification_paving": null, "surface_classification_sett": null, "surface_classification_standing": null, "surface_swisstopo": "paved", "surface_sensebox": "unknown", "surface_sensebox_probability": 0.0, "match": "Unknown" }, "geometry": { "type": "Point", "coordinates": [ 8.764727790384907, 47.203679464536727 ] } },
{ "type": "Feature", "properties": { "timestamp": "2026-05-02T11:45:03.999Z", "latitude": 47.203678035159577, "longitude": 8.7647954512574415, "BELAGSART": 100, "surface_classification_asphalt": 0.17, "surface_classification_compacted": 0.23, "surface_classification_paving": 0.41, "surface_classification_sett": 0.19, "surface_classification_standing": 0.0, "surface_swisstopo": "paved", "surface_sensebox": "unknown", "surface_sensebox_probability": 0.41, "match": "Unknown" }, "geometry": { "type": "Point", "coordinates": [ 8.764795459918322, 47.203678045200824 ] } },
{ "type": "Feature", "properties": { "timestamp": "2026-05-02T11:45:04.999Z", "latitude": 47.20365996662278, "longitude": 8.7648603268050689, "BELAGSART": 100, "surface_classification_asphalt": null, "surface_classification_compacted": null, "surface_classification_paving": null, "surface_classification_sett": null, "surface_classification_standing": null, "surface_swisstopo": "paved", "surface_sensebox": "unknown", "surface_sensebox_probability": 0.0, "match": "Unknown" }, "geometry": { "type": "Point", "coordinates": [ 8.764860335466015, 47.203659976663985 ] } },
{ "type": "Feature", "properties": { "timestamp": "2026-05-02T11:45:05.999Z", "latitude": 47.203638669812662, "longitude": 8.7649556487673408, "BELAGSART": 100, "surface_classification_asphalt": null, "surface_classification_compacted": null, "surface_classification_paving": null, "surface_classification_sett": null, "surface_classification_standing": null, "surface_swisstopo": "paved", "surface_sensebox": "unknown", "surface_sensebox_probability": 0.0, "match": "Unknown" }, "geometry": { "type": "Point", "coordinates": [ 8.764955657428382, 47.203638679853874 ] } },
{ "type": "Feature", "properties": { "timestamp": "2026-05-02T11:45:06.999Z", "latitude": 47.203621223684337, "longitude": 8.7650697000560722, "BELAGSART": 100, "surface_classification_asphalt": 0.08, "surface_classification_compacted": 0.89, "surface_classification_paving": 0.02, "surface_classification_sett": 0.0, "surface_classification_standing": 0.0, "surface_swisstopo": "paved", "surface_sensebox": "nature", "surface_sensebox_probability": 0.89, "match": "False" }, "geometry": { "type": "Point", "coordinates": [ 8.765069708717233, 47.203621233725485 ] } },
{ "type": "Feature", "properties": { "timestamp": "2026-05-02T11:45:07.999Z", "latitude": 47.203593410000373, "longitude": 8.7651514625814251, "BELAGSART": 100, "surface_classification_asphalt": null, "surface_classification_compacted": null, "surface_classification_paving": null, "surface_classification_sett": null, "surface_classification_standing": null, "surface_swisstopo": "paved", "surface_sensebox": "unknown", "surface_sensebox_probability": 0.0, "match": "Unknown" }, "geometry": { "type": "Point", "coordinates": [ 8.765151471242675, 47.2035934200415 ] } },
{ "type": "Feature", "properties": { "timestamp": "2026-05-02T11:45:08.999Z", "latitude": 47.203568490362507, "longitude": 8.7652423525588112, "BELAGSART": 100, "surface_classification_asphalt": null, "surface_classification_compacted": null, "surface_classification_paving": null, "surface_classification_sett": null, "surface_classification_standing": null, "surface_swisstopo": "paved", "surface_sensebox": "unknown", "surface_sensebox_probability": 0.0, "match": "Unknown" }, "geometry": { "type": "Point", "coordinates": [ 8.765242361220157, 47.203568500403627 ] } },
{ "type": "Feature", "properties": { "timestamp": "2026-05-02T11:45:09.999Z", "latitude": 47.203548543674643, "longitude": 8.7653316680666613, "BELAGSART": 100, "surface_classification_asphalt": 0.07, "surface_classification_compacted": 0.77, "surface_classification_paving": 0.14, "surface_classification_sett": 0.02, "surface_classification_standing": 0.0, "surface_swisstopo": "paved", "surface_sensebox": "nature", "surface_sensebox_probability": 0.77, "match": "False" }, "geometry": { "type": "Point", "coordinates": [ 8.765331676728096, 47.203548553715699 ] } },
{ "type": "Feature", "properties": { "timestamp": "2026-05-02T11:45:10.999Z", "latitude": 47.203522851813375, "longitude": 8.7654233017342733, "BELAGSART": 100, "surface_classification_asphalt": null, "surface_classification_compacted": null, "surface_classification_paving": null, "surface_classification_sett": null, "surface_classification_standing": null, "surface_swisstopo": "paved", "surface_sensebox": "unknown", "surface_sensebox_probability": 0.0, "match": "Unknown" }, "geometry": { "type": "Point", "coordinates": [ 8.765423310395805, 47.20352286185436 ] } },
{ "type": "Feature", "properties": { "timestamp": "2026-05-02T11:45:11.999Z", "latitude": 47.203503620065256, "longitude": 8.7655078583250408, "BELAGSART": 100, "surface_classification_asphalt": null, "surface_classification_compacted": null, "surface_classification_paving": null, "surface_classification_sett": null, "surface_classification_standing": null, "surface_swisstopo": "paved", "surface_sensebox": "unknown", "surface_sensebox_probability": 0.0, "match": "Unknown" }, "geometry": { "type": "Point", "coordinates": [ 8.765507866986656, 47.203503630106233 ] } },
{ "type": "Feature", "properties": { "timestamp": "2026-05-02T11:45:12.999Z", "latitude": 47.203470390385689, "longitude": 8.7655935803686127, "BELAGSART": 100, "surface_classification_asphalt": 0.43, "surface_classification_compacted": 0.11, "surface_classification_paving": 0.43, "surface_classification_sett": 0.02, "surface_classification_standing": 0.01, "surface_swisstopo": "paved", "surface_sensebox": "unknown", "surface_sensebox_probability": 0.43, "match": "Unknown" }, "geometry": { "type": "Point", "coordinates": [ 8.765593589030317, 47.203470400426653 ] } },
{ "type": "Feature", "properties": { "timestamp": "2026-05-02T11:45:13.999Z", "latitude": 47.203442301817098, "longitude": 8.7656732476737709, "BELAGSART": 100, "surface_classification_asphalt": null, "surface_classification_compacted": null, "surface_classification_paving": null, "surface_classification_sett": null, "surface_classification_standing": null, "surface_swisstopo": "paved", "surface_sensebox": "unknown", "surface_sensebox_probability": 0.0, "match": "Unknown" }, "geometry": { "type": "Point", "coordinates": [ 8.765673256335566, 47.203442311857998 ] } },
{ "type": "Feature", "properties": { "timestamp": "2026-05-02T11:45:14.999Z", "latitude": 47.203418442277325, "longitude": 8.7657543127236259, "BELAGSART": 100, "surface_classification_asphalt": 0.13, "surface_classification_compacted": 0.71, "surface_classification_paving": 0.15, "surface_classification_sett": 0.0, "surface_classification_standing": 0.0, "surface_swisstopo": "paved", "surface_sensebox": "nature", "surface_sensebox_probability": 0.71, "match": "False" }, "geometry": { "type": "Point", "coordinates": [ 8.765754321385506, 47.203418452318182 ] } },
{ "type": "Feature", "properties": { "timestamp": "2026-05-02T11:45:15.999Z", "latitude": 47.20339981701467, "longitude": 8.7658316490706536, "BELAGSART": 100, "surface_classification_asphalt": null, "surface_classification_compacted": null, "surface_classification_paving": null, "surface_classification_sett": null, "surface_classification_standing": null, "surface_swisstopo": "paved", "surface_sensebox": "unknown", "surface_sensebox_probability": 0.0, "match": "Unknown" }, "geometry": { "type": "Point", "coordinates": [ 8.76583165773261, 47.203399827055499 ] } },
{ "type": "Feature", "properties": { "timestamp": "2026-05-02T11:45:16.999Z", "latitude": 47.203379114989154, "longitude": 8.7659107707867339, "BELAGSART": 100, "surface_classification_asphalt": null, "surface_classification_compacted": null, "surface_classification_paving": null, "surface_classification_sett": null, "surface_classification_standing": null, "surface_swisstopo": "paved", "surface_sensebox": "unknown", "surface_sensebox_probability": 0.0, "match": "Unknown" }, "geometry": { "type": "Point", "coordinates": [ 8.765910779448777, 47.203379125030018 ] } },
{ "type": "Feature", "properties": { "timestamp": "2026-05-02T11:45:17.999Z", "latitude": 47.20335884704231, "longitude": 8.7659882110296543, "BELAGSART": 100, "surface_classification_asphalt": 0.21, "surface_classification_compacted": 0.29, "surface_classification_paving": 0.5, "surface_classification_sett": 0.0, "surface_classification_standing": 0.0, "surface_swisstopo": "paved", "surface_sensebox": "unknown", "surface_sensebox_probability": 0.5, "match": "Unknown" }, "geometry": { "type": "Point", "coordinates": [ 8.765988219691783, 47.203358857083096 ] } },
{ "type": "Feature", "properties": { "timestamp": "2026-05-02T11:45:18.999Z", "latitude": 47.203339342933198, "longitude": 8.7660687993210313, "BELAGSART": 100, "surface_classification_asphalt": null, "surface_classification_compacted": null, "surface_classification_paving": null, "surface_classification_sett": null, "surface_classification_standing": null, "surface_swisstopo": "paved", "surface_sensebox": "unknown", "surface_sensebox_probability": 0.0, "match": "Unknown" }, "geometry": { "type": "Point", "coordinates": [ 8.76606880798324, 47.203339352973941 ] } },
{ "type": "Feature", "properties": { "timestamp": "2026-05-02T11:45:19.999Z", "latitude": 47.203314339981219, "longitude": 8.7661406499245018, "BELAGSART": 100, "surface_classification_asphalt": null, "surface_classification_compacted": null, "surface_classification_paving": null, "surface_classification_sett": null, "surface_classification_standing": null, "surface_swisstopo": "paved", "surface_sensebox": "unknown", "surface_sensebox_probability": 0.0, "match": "Unknown" }, "geometry": { "type": "Point", "coordinates": [ 8.766140658586787, 47.203314350021927 ] } },
{ "type": "Feature", "properties": { "timestamp": "2026-05-02T11:45:20.999Z", "latitude": 47.203294235589581, "longitude": 8.7662117167079501, "BELAGSART": 100, "surface_classification_asphalt": 0.19, "surface_classification_compacted": 0.64, "surface_classification_paving": 0.15, "surface_classification_sett": 0.02, "surface_classification_standing": 0.0, "surface_swisstopo": "paved", "surface_sensebox": "nature", "surface_sensebox_probability": 0.64, "match": "False" }, "geometry": { "type": "Point", "coordinates": [ 8.766211725370308, 47.203294245630282 ] } },
{ "type": "Feature", "properties": { "timestamp": "2026-05-02T11:45:21.999Z", "latitude": 47.203280813526774, "longitude": 8.7662811561721394, "BELAGSART": 100, "surface_classification_asphalt": null, "surface_classification_compacted": null, "surface_classification_paving": null, "surface_classification_sett": null, "surface_classification_standing": null, "surface_swisstopo": "paved", "surface_sensebox": "unknown", "surface_sensebox_probability": 0.0, "match": "Unknown" }, "geometry": { "type": "Point", "coordinates": [ 8.76628116483457, 47.203280823567475 ] } },
{ "type": "Feature", "properties": { "timestamp": "2026-05-02T11:45:22.999Z", "latitude": 47.203263394223711, "longitude": 8.7663468258269646, "BELAGSART": 100, "surface_classification_asphalt": null, "surface_classification_compacted": null, "surface_classification_paving": null, "surface_classification_sett": null, "surface_classification_standing": null, "surface_swisstopo": "paved", "surface_sensebox": "unknown", "surface_sensebox_probability": 0.0, "match": "Unknown" }, "geometry": { "type": "Point", "coordinates": [ 8.766346834489465, 47.203263404264376 ] } },
{ "type": "Feature", "properties": { "timestamp": "2026-05-02T11:45:23.999Z", "latitude": 47.203240805794593, "longitude": 8.7664113903476153, "BELAGSART": 100, "surface_classification_asphalt": 0.55, "surface_classification_compacted": 0.35, "surface_classification_paving": 0.09, "surface_classification_sett": 0.0, "surface_classification_standing": 0.0, "surface_swisstopo": "paved", "surface_sensebox": "paved", "surface_sensebox_probability": 0.55, "match": "True" }, "geometry": { "type": "Point", "coordinates": [ 8.766411399010185, 47.203240815835237 ] } },
{ "type": "Feature", "properties": { "timestamp": "2026-05-02T11:45:25.998Z", "latitude": 47.203206761051483, "longitude": 8.7665534054006784, "BELAGSART": 100, "surface_classification_asphalt": null, "surface_classification_compacted": null, "surface_classification_paving": null, "surface_classification_sett": null, "surface_classification_standing": null, "surface_swisstopo": "paved", "surface_sensebox": "unknown", "surface_sensebox_probability": 0.0, "match": "Unknown" }, "geometry": { "type": "Point", "coordinates": [ 8.766553414063392, 47.203206771092077 ] } },
{ "type": "Feature", "properties": { "timestamp": "2026-05-02T11:45:26.998Z", "latitude": 47.203187141282861, "longitude": 8.7666219318372605, "BELAGSART": 100, "surface_classification_asphalt": 0.52, "surface_classification_compacted": 0.29, "surface_classification_paving": 0.19, "surface_classification_sett": 0.0, "surface_classification_standing": 0.0, "surface_swisstopo": "paved", "surface_sensebox": "paved", "surface_sensebox_probability": 0.52, "match": "True" }, "geometry": { "type": "Point", "coordinates": [ 8.766621940500047, 47.203187151323398 ] } },
{ "type": "Feature", "properties": { "timestamp": "2026-05-02T11:45:27.998Z", "latitude": 47.20316938742414, "longitude": 8.7666933641622489, "BELAGSART": 100, "surface_classification_asphalt": null, "surface_classification_compacted": null, "surface_classification_paving": null, "surface_classification_sett": null, "surface_classification_standing": null, "surface_swisstopo": "paved", "surface_sensebox": "unknown", "surface_sensebox_probability": 0.0, "match": "Unknown" }, "geometry": { "type": "Point", "coordinates": [ 8.76669337282511, 47.203169397464663 ] } },
{ "type": "Feature", "properties": { "timestamp": "2026-05-02T11:45:28.998Z", "latitude": 47.203154114397208, "longitude": 8.766763823914836, "BELAGSART": 100, "surface_classification_asphalt": null, "surface_classification_compacted": null, "surface_classification_paving": null, "surface_classification_sett": null, "surface_classification_standing": null, "surface_swisstopo": "paved", "surface_sensebox": "unknown", "surface_sensebox_probability": 0.0, "match": "Unknown" }, "geometry": { "type": "Point", "coordinates": [ 8.766763832577771, 47.203154124437695 ] } },
{ "type": "Feature", "properties": { "timestamp": "2026-05-02T11:45:29.998Z", "latitude": 47.20313867209893, "longitude": 8.7668334645619161, "BELAGSART": 100, "surface_classification_asphalt": 0.45, "surface_classification_compacted": 0.18, "surface_classification_paving": 0.36, "surface_classification_sett": 0.0, "surface_classification_standing": 0.01, "surface_swisstopo": "paved", "surface_sensebox": "unknown", "surface_sensebox_probability": 0.45, "match": "Unknown" }, "geometry": { "type": "Point", "coordinates": [ 8.766833473224919, 47.203138682139389 ] } },
{ "type": "Feature", "properties": { "timestamp": "2026-05-02T11:45:30.998Z", "latitude": 47.203121568782542, "longitude": 8.7668973974699345, "BELAGSART": 100, "surface_classification_asphalt": null, "surface_classification_compacted": null, "surface_classification_paving": null, "surface_classification_sett": null, "surface_classification_standing": null, "surface_swisstopo": "paved", "surface_sensebox": "unknown", "surface_sensebox_probability": 0.0, "match": "Unknown" }, "geometry": { "type": "Point", "coordinates": [ 8.766897406133008, 47.203121578823001 ] } },
{ "type": "Feature", "properties": { "timestamp": "2026-05-02T11:45:31.998Z", "latitude": 47.203102650330578, "longitude": 8.7669626558464522, "BELAGSART": 100, "surface_classification_asphalt": 0.46, "surface_classification_compacted": 0.17, "surface_classification_paving": 0.37, "surface_classification_sett": 0.0, "surface_classification_standing": 0.0, "surface_swisstopo": "paved", "surface_sensebox": "unknown", "surface_sensebox_probability": 0.46, "match": "Unknown" }, "geometry": { "type": "Point", "coordinates": [ 8.766962664509593, 47.203102660370966 ] } },
{ "type": "Feature", "properties": { "timestamp": "2026-05-02T11:45:32.998Z", "latitude": 47.203085153486093, "longitude": 8.7670237990834181, "BELAGSART": 100, "surface_classification_asphalt": null, "surface_classification_compacted": null, "surface_classification_paving": null, "surface_classification_sett": null, "surface_classification_standing": null, "surface_swisstopo": "paved", "surface_sensebox": "unknown", "surface_sensebox_probability": 0.0, "match": "Unknown" }, "geometry": { "type": "Point", "coordinates": [ 8.767023807746623, 47.203085163526467 ] } },
{ "type": "Feature", "properties": { "timestamp": "2026-05-02T11:45:33.998Z", "latitude": 47.203063453834766, "longitude": 8.7670958433790638, "BELAGSART": 100, "surface_classification_asphalt": null, "surface_classification_compacted": null, "surface_classification_paving": null, "surface_classification_sett": null, "surface_classification_standing": null, "surface_swisstopo": "paved", "surface_sensebox": "unknown", "surface_sensebox_probability": 0.0, "match": "Unknown" }, "geometry": { "type": "Point", "coordinates": [ 8.767095852042345, 47.203063463875097 ] } },
{ "type": "Feature", "properties": { "timestamp": "2026-05-02T11:45:34.998Z", "latitude": 47.203042966835035, "longitude": 8.7671790647003576, "BELAGSART": 100, "surface_classification_asphalt": 0.01, "surface_classification_compacted": 0.98, "surface_classification_paving": 0.02, "surface_classification_sett": 0.0, "surface_classification_standing": 0.0, "surface_swisstopo": "paved", "surface_sensebox": "nature", "surface_sensebox_probability": 0.98, "match": "False" }, "geometry": { "type": "Point", "coordinates": [ 8.767179073363726, 47.203042976875352 ] } },
{ "type": "Feature", "properties": { "timestamp": "2026-05-02T11:45:35.998Z", "latitude": 47.203020595752186, "longitude": 8.7672633198762675, "BELAGSART": 100, "surface_classification_asphalt": null, "surface_classification_compacted": null, "surface_classification_paving": null, "surface_classification_sett": null, "surface_classification_standing": null, "surface_swisstopo": "paved", "surface_sensebox": "unknown", "surface_sensebox_probability": 0.0, "match": "Unknown" }, "geometry": { "type": "Point", "coordinates": [ 8.767263328539721, 47.20302060579251 ] } },
{ "type": "Feature", "properties": { "timestamp": "2026-05-02T11:45:36.998Z", "latitude": 47.203002049619016, "longitude": 8.7673594912983539, "BELAGSART": 100, "surface_classification_asphalt": null, "surface_classification_compacted": null, "surface_classification_paving": null, "surface_classification_sett": null, "surface_classification_standing": null, "surface_swisstopo": "paved", "surface_sensebox": "unknown", "surface_sensebox_probability": 0.0, "match": "Unknown" }, "geometry": { "type": "Point", "coordinates": [ 8.767359499961907, 47.203002059659291 ] } },
{ "type": "Feature", "properties": { "timestamp": "2026-05-02T11:45:37.998Z", "latitude": 47.202978841275687, "longitude": 8.7674518211413695, "BELAGSART": 100, "surface_classification_asphalt": 0.09, "surface_classification_compacted": 0.84, "surface_classification_paving": 0.04, "surface_classification_sett": 0.02, "surface_classification_standing": 0.0, "surface_swisstopo": "paved", "surface_sensebox": "nature", "surface_sensebox_probability": 0.84, "match": "False" }, "geometry": { "type": "Point", "coordinates": [ 8.767451829805021, 47.202978851315905 ] } },
{ "type": "Feature", "properties": { "timestamp": "2026-05-02T11:45:38.998Z", "latitude": 47.202953786460291, "longitude": 8.7675489497268462, "BELAGSART": 100, "surface_classification_asphalt": null, "surface_classification_compacted": null, "surface_classification_paving": null, "surface_classification_sett": null, "surface_classification_standing": null, "surface_swisstopo": "paved", "surface_sensebox": "unknown", "surface_sensebox_probability": 0.0, "match": "Unknown" }, "geometry": { "type": "Point", "coordinates": [ 8.767548958390597, 47.202953796500466 ] } },
{ "type": "Feature", "properties": { "timestamp": "2026-05-02T11:45:39.998Z", "latitude": 47.202924287608418, "longitude": 8.7676470557454014, "BELAGSART": 100, "surface_classification_asphalt": null, "surface_classification_compacted": null, "surface_classification_paving": null, "surface_classification_sett": null, "surface_classification_standing": null, "surface_swisstopo": "paved", "surface_sensebox": "unknown", "surface_sensebox_probability": 0.0, "match": "Unknown" }, "geometry": { "type": "Point", "coordinates": [ 8.767647064409253, 47.202924297648529 ] } },
{ "type": "Feature", "properties": { "timestamp": "2026-05-02T11:45:40.998Z", "latitude": 47.202896479322568, "longitude": 8.7677515531167245, "BELAGSART": 100, "surface_classification_asphalt": 0.01, "surface_classification_compacted": 0.92, "surface_classification_paving": 0.05, "surface_classification_sett": 0.02, "surface_classification_standing": 0.0, "surface_swisstopo": "paved", "surface_sensebox": "nature", "surface_sensebox_probability": 0.92, "match": "False" }, "geometry": { "type": "Point", "coordinates": [ 8.76775156178069, 47.202896489362736 ] } },
{ "type": "Feature", "properties": { "timestamp": "2026-05-02T11:45:41.998Z", "latitude": 47.202873562110703, "longitude": 8.7678485728703208, "BELAGSART": 100, "surface_classification_asphalt": null, "surface_classification_compacted": null, "surface_classification_paving": null, "surface_classification_sett": null, "surface_classification_standing": null, "surface_swisstopo": "paved", "surface_sensebox": "unknown", "surface_sensebox_probability": 0.0, "match": "Unknown" }, "geometry": { "type": "Point", "coordinates": [ 8.767848581534388, 47.2028735721508 ] } },
{ "type": "Feature", "properties": { "timestamp": "2026-05-02T11:45:42.998Z", "latitude": 47.202848522602885, "longitude": 8.767938642352517, "BELAGSART": 100, "surface_classification_asphalt": null, "surface_classification_compacted": null, "surface_classification_paving": null, "surface_classification_sett": null, "surface_classification_standing": null, "surface_swisstopo": "paved", "surface_sensebox": "unknown", "surface_sensebox_probability": 0.0, "match": "Unknown" }, "geometry": { "type": "Point", "coordinates": [ 8.767938651016671, 47.202848532642939 ] } },
{ "type": "Feature", "properties": { "timestamp": "2026-05-02T11:45:43.998Z", "latitude": 47.202824314233013, "longitude": 8.7680244149928139, "BELAGSART": 100, "surface_classification_asphalt": 0.09, "surface_classification_compacted": 0.59, "surface_classification_paving": 0.3, "surface_classification_sett": 0.01, "surface_classification_standing": 0.0, "surface_swisstopo": "paved", "surface_sensebox": "nature", "surface_sensebox_probability": 0.59, "match": "False" }, "geometry": { "type": "Point", "coordinates": [ 8.768024423657062, 47.202824324272996 ] } },
{ "type": "Feature", "properties": { "timestamp": "2026-05-02T11:45:44.998Z", "latitude": 47.202801857061672, "longitude": 8.768113810513217, "BELAGSART": 100, "surface_classification_asphalt": null, "surface_classification_compacted": null, "surface_classification_paving": null, "surface_classification_sett": null, "surface_classification_standing": null, "surface_swisstopo": "paved", "surface_sensebox": "unknown", "surface_sensebox_probability": 0.0, "match": "Unknown" }, "geometry": { "type": "Point", "coordinates": [ 8.768113819177561, 47.202801867101641 ] } },
{ "type": "Feature", "properties": { "timestamp": "2026-05-02T11:45:45.998Z", "latitude": 47.202779277990402, "longitude": 8.768197362752348, "BELAGSART": 100, "surface_classification_asphalt": null, "surface_classification_compacted": null, "surface_classification_paving": null, "surface_classification_sett": null, "surface_classification_standing": null, "surface_swisstopo": "paved", "surface_sensebox": "unknown", "surface_sensebox_probability": 0.0, "match": "Unknown" }, "geometry": { "type": "Point", "coordinates": [ 8.768197371416779, 47.202779288030385 ] } },
{ "type": "Feature", "properties": { "timestamp": "2026-05-02T11:45:46.998Z", "latitude": 47.202757184357083, "longitude": 8.7682811182728209, "BELAGSART": 100, "surface_classification_asphalt": 0.13, "surface_classification_compacted": 0.75, "surface_classification_paving": 0.13, "surface_classification_sett": 0.0, "surface_classification_standing": 0.0, "surface_swisstopo": "paved", "surface_sensebox": "nature", "surface_sensebox_probability": 0.75, "match": "False" }, "geometry": { "type": "Point", "coordinates": [ 8.768281126937334, 47.202757194396959 ] } },
{ "type": "Feature", "properties": { "timestamp": "2026-05-02T11:45:47.998Z", "latitude": 47.2027368459106, "longitude": 8.7683607061518405, "BELAGSART": 100, "surface_classification_asphalt": null, "surface_classification_compacted": null, "surface_classification_paving": null, "surface_classification_sett": null, "surface_classification_standing": null, "surface_swisstopo": "paved", "surface_sensebox": "unknown", "surface_sensebox_probability": 0.0, "match": "Unknown" }, "geometry": { "type": "Point", "coordinates": [ 8.768360714816435, 47.202736855950462 ] } },
{ "type": "Feature", "properties": { "timestamp": "2026-05-02T11:45:48.998Z", "latitude": 47.202714001084878, "longitude": 8.7684348383017365, "BELAGSART": 100, "surface_classification_asphalt": null, "surface_classification_compacted": null, "surface_classification_paving": null, "surface_classification_sett": null, "surface_classification_standing": null, "surface_swisstopo": "paved", "surface_sensebox": "unknown", "surface_sensebox_probability": 0.0, "match": "Unknown" }, "geometry": { "type": "Point", "coordinates": [ 8.768434846966413, 47.202714011124762 ] } },
{ "type": "Feature", "properties": { "timestamp": "2026-05-02T11:45:49.998Z", "latitude": 47.202696461406418, "longitude": 8.7685077828699445, "BELAGSART": 100, "surface_classification_asphalt": 0.27, "surface_classification_compacted": 0.48, "surface_classification_paving": 0.25, "surface_classification_sett": 0.0, "surface_classification_standing": 0.0, "surface_swisstopo": "paved", "surface_sensebox": "unknown", "surface_sensebox_probability": 0.48, "match": "Unknown" }, "geometry": { "type": "Point", "coordinates": [ 8.768507791534697, 47.202696471446245 ] } },
{ "type": "Feature", "properties": { "timestamp": "2026-05-02T11:45:50.998Z", "latitude": 47.202679163511661, "longitude": 8.7685797341259555, "BELAGSART": 100, "surface_classification_asphalt": null, "surface_classification_compacted": null, "surface_classification_paving": null, "surface_classification_sett": null, "surface_classification_standing": null, "surface_swisstopo": "paved", "surface_sensebox": "unknown", "surface_sensebox_probability": 0.0, "match": "Unknown" }, "geometry": { "type": "Point", "coordinates": [ 8.768579742790781, 47.202679173551466 ] } },
{ "type": "Feature", "properties": { "timestamp": "2026-05-02T11:45:51.998Z", "latitude": 47.202663332098332, "longitude": 8.7686471991709372, "BELAGSART": 100, "surface_classification_asphalt": 0.22, "surface_classification_compacted": 0.75, "surface_classification_paving": 0.02, "surface_classification_sett": 0.0, "surface_classification_standing": 0.0, "surface_swisstopo": "paved", "surface_sensebox": "nature", "surface_sensebox_probability": 0.75, "match": "False" }, "geometry": { "type": "Point", "coordinates": [ 8.768647207835837, 47.202663342138123 ] } },
{ "type": "Feature", "properties": { "timestamp": "2026-05-02T11:45:52.998Z", "latitude": 47.202642719833129, "longitude": 8.7687153366212787, "BELAGSART": 100, "surface_classification_asphalt": null, "surface_classification_compacted": null, "surface_classification_paving": null, "surface_classification_sett": null, "surface_classification_standing": null, "surface_swisstopo": "paved", "surface_sensebox": "unknown", "surface_sensebox_probability": 0.0, "match": "Unknown" }, "geometry": { "type": "Point", "coordinates": [ 8.768715345286248, 47.202642729872849 ] } },
{ "type": "Feature", "properties": { "timestamp": "2026-05-02T11:45:53.998Z", "latitude": 47.202621230306413, "longitude": 8.7687842885487548, "BELAGSART": 100, "surface_classification_asphalt": null, "surface_classification_compacted": null, "surface_classification_paving": null, "surface_classification_sett": null, "surface_classification_standing": null, "surface_swisstopo": "paved", "surface_sensebox": "unknown", "surface_sensebox_probability": 0.0, "match": "Unknown" }, "geometry": { "type": "Point", "coordinates": [ 8.768784297213797, 47.202621240346147 ] } },
{ "type": "Feature", "properties": { "timestamp": "2026-05-02T11:45:54.998Z", "latitude": 47.202599847759281, "longitude": 8.7688669385594125, "BELAGSART": 100, "surface_classification_asphalt": 0.03, "surface_classification_compacted": 0.95, "surface_classification_paving": 0.03, "surface_classification_sett": 0.0, "surface_classification_standing": 0.0, "surface_swisstopo": "paved", "surface_sensebox": "nature", "surface_sensebox_probability": 0.95, "match": "False" }, "geometry": { "type": "Point", "coordinates": [ 8.768866947224538, 47.202599857798958 ] } },
{ "type": "Feature", "properties": { "timestamp": "2026-05-02T11:45:55.998Z", "latitude": 47.202578109732194, "longitude": 8.7689533552444843, "BELAGSART": 100, "surface_classification_asphalt": null, "surface_classification_compacted": null, "surface_classification_paving": null, "surface_classification_sett": null, "surface_classification_standing": null, "surface_swisstopo": "paved", "surface_sensebox": "unknown", "surface_sensebox_probability": 0.0, "match": "Unknown" }, "geometry": { "type": "Point", "coordinates": [ 8.768953363909697, 47.202578119771879 ] } },
{ "type": "Feature", "properties": { "timestamp": "2026-05-02T11:45:56.998Z", "latitude": 47.202558265647824, "longitude": 8.7690426910348975, "BELAGSART": 100, "surface_classification_asphalt": null, "surface_classification_compacted": null, "surface_classification_paving": null, "surface_classification_sett": null, "surface_classification_standing": null, "surface_swisstopo": "paved", "surface_sensebox": "unknown", "surface_sensebox_probability": 0.0, "match": "Unknown" }, "geometry": { "type": "Point", "coordinates": [ 8.769042699700206, 47.202558275687394 ] } },
{ "type": "Feature", "properties": { "timestamp": "2026-05-02T11:45:57.998Z", "latitude": 47.202533881702571, "longitude": 8.7691313602326559, "BELAGSART": 100, "surface_classification_asphalt": 0.02, "surface_classification_compacted": 0.88, "surface_classification_paving": 0.09, "surface_classification_sett": 0.01, "surface_classification_standing": 0.0, "surface_swisstopo": "paved", "surface_sensebox": "nature", "surface_sensebox_probability": 0.88, "match": "False" }, "geometry": { "type": "Point", "coordinates": [ 8.769131368898057, 47.202533891742171 ] } },
{ "type": "Feature", "properties": { "timestamp": "2026-05-02T11:45:58.998Z", "latitude": 47.202510318697598, "longitude": 8.7692243163617221, "BELAGSART": 100, "surface_classification_asphalt": null, "surface_classification_compacted": null, "surface_classification_paving": null, "surface_classification_sett": null, "surface_classification_standing": null, "surface_swisstopo": "paved", "surface_sensebox": "unknown", "surface_sensebox_probability": 0.0, "match": "Unknown" }, "geometry": { "type": "Point", "coordinates": [ 8.769224325027219, 47.202510328737127 ] } },
{ "type": "Feature", "properties": { "timestamp": "2026-05-02T11:45:59.998Z", "latitude": 47.202489495586697, "longitude": 8.7693237321284592, "BELAGSART": 100, "surface_classification_asphalt": 0.19, "surface_classification_compacted": 0.04, "surface_classification_paving": 0.19, "surface_classification_sett": 0.58, "surface_classification_standing": 0.0, "surface_swisstopo": "paved", "surface_sensebox": "paved", "surface_sensebox_probability": 0.58, "match": "True" }, "geometry": { "type": "Point", "coordinates": [ 8.769323740794063, 47.202489505626232 ] } },
{ "type": "Feature", "properties": { "timestamp": "2026-05-02T11:46:00.998Z", "latitude": 47.202459226625898, "longitude": 8.7694258710447066, "BELAGSART": 100, "surface_classification_asphalt": null, "surface_classification_compacted": null, "surface_classification_paving": null, "surface_classification_sett": null, "surface_classification_standing": null, "surface_swisstopo": "paved", "surface_sensebox": "unknown", "surface_sensebox_probability": 0.0, "match": "Unknown" }, "geometry": { "type": "Point", "coordinates": [ 8.769425879710411, 47.202459236665369 ] } },
{ "type": "Feature", "properties": { "timestamp": "2026-05-02T11:46:01.998Z", "latitude": 47.202429940368589, "longitude": 8.769524993438818, "BELAGSART": 100, "surface_classification_asphalt": null, "surface_classification_compacted": null, "surface_classification_paving": null, "surface_classification_sett": null, "surface_classification_standing": null, "surface_swisstopo": "paved", "surface_sensebox": "unknown", "surface_sensebox_probability": 0.0, "match": "Unknown" }, "geometry": { "type": "Point", "coordinates": [ 8.769525002104627, 47.202429950407982 ] } },
{ "type": "Feature", "properties": { "timestamp": "2026-05-02T11:46:02.998Z", "latitude": 47.202407211245806, "longitude": 8.7696142495141629, "BELAGSART": 100, "surface_classification_asphalt": 0.05, "surface_classification_compacted": 0.28, "surface_classification_paving": 0.61, "surface_classification_sett": 0.06, "surface_classification_standing": 0.0, "surface_swisstopo": "paved", "surface_sensebox": "paved", "surface_sensebox_probability": 0.61, "match": "True" }, "geometry": { "type": "Point", "coordinates": [ 8.76961425818007, 47.202407221285213 ] } },
{ "type": "Feature", "properties": { "timestamp": "2026-05-02T11:46:03.998Z", "latitude": 47.202386948329803, "longitude": 8.7697000264120089, "BELAGSART": 100, "surface_classification_asphalt": null, "surface_classification_compacted": null, "surface_classification_paving": null, "surface_classification_sett": null, "surface_classification_standing": null, "surface_swisstopo": "paved", "surface_sensebox": "unknown", "surface_sensebox_probability": 0.0, "match": "Unknown" }, "geometry": { "type": "Point", "coordinates": [ 8.769700035078005, 47.202386958369154 ] } },
{ "type": "Feature", "properties": { "timestamp": "2026-05-02T11:46:04.998Z", "latitude": 47.202368247734611, "longitude": 8.7697815506731462, "BELAGSART": 100, "surface_classification_asphalt": null, "surface_classification_compacted": null, "surface_classification_paving": null, "surface_classification_sett": null, "surface_classification_standing": null, "surface_swisstopo": "paved", "surface_sensebox": "unknown", "surface_sensebox_probability": 0.0, "match": "Unknown" }, "geometry": { "type": "Point", "coordinates": [ 8.769781559339227, 47.202368257773941 ] } },
{ "type": "Feature", "properties": { "timestamp": "2026-05-02T11:46:06.997Z", "latitude": 47.202335307722755, "longitude": 8.7699334912852613, "BELAGSART": 100, "surface_classification_asphalt": 0.5, "surface_classification_compacted": 0.21, "surface_classification_paving": 0.29, "surface_classification_sett": 0.0, "surface_classification_standing": 0.0, "surface_swisstopo": "paved", "surface_sensebox": "unknown", "surface_sensebox_probability": 0.5, "match": "Unknown" }, "geometry": { "type": "Point", "coordinates": [ 8.769933499951494, 47.202335317762042 ] } },
{ "type": "Feature", "properties": { "timestamp": "2026-05-02T11:46:07.997Z", "latitude": 47.202317491879832, "longitude": 8.7700013187022581, "BELAGSART": 100, "surface_classification_asphalt": null, "surface_classification_compacted": null, "surface_classification_paving": null, "surface_classification_sett": null, "surface_classification_standing": null, "surface_swisstopo": "paved", "surface_sensebox": "unknown", "surface_sensebox_probability": 0.0, "match": "Unknown" }, "geometry": { "type": "Point", "coordinates": [ 8.770001327368563, 47.202317501919055 ] } },
{ "type": "Feature", "properties": { "timestamp": "2026-05-02T11:46:08.997Z", "latitude": 47.202302880490478, "longitude": 8.7700620244884782, "BELAGSART": 100, "surface_classification_asphalt": 0.84, "surface_classification_compacted": 0.03, "surface_classification_paving": 0.13, "surface_classification_sett": 0.0, "surface_classification_standing": 0.0, "surface_swisstopo": "paved", "surface_sensebox": "paved", "surface_sensebox_probability": 0.84, "match": "True" }, "geometry": { "type": "Point", "coordinates": [ 8.770062033154847, 47.202302890529729 ] } },
{ "type": "Feature", "properties": { "timestamp": "2026-05-02T11:46:09.997Z", "latitude": 47.202290255808826, "longitude": 8.770119086549963, "BELAGSART": 100, "surface_classification_asphalt": null, "surface_classification_compacted": null, "surface_classification_paving": null, "surface_classification_sett": null, "surface_classification_standing": null, "surface_swisstopo": "paved", "surface_sensebox": "unknown", "surface_sensebox_probability": 0.0, "match": "Unknown" }, "geometry": { "type": "Point", "coordinates": [ 8.770119095216387, 47.202290265848042 ] } },
{ "type": "Feature", "properties": { "timestamp": "2026-05-02T11:46:10.997Z", "latitude": 47.202275965241853, "longitude": 8.7701677816654886, "BELAGSART": 100, "surface_classification_asphalt": null, "surface_classification_compacted": null, "surface_classification_paving": null, "surface_classification_sett": null, "surface_classification_standing": null, "surface_swisstopo": "paved", "surface_sensebox": "unknown", "surface_sensebox_probability": 0.0, "match": "Unknown" }, "geometry": { "type": "Point", "coordinates": [ 8.770167790331962, 47.202275975281047 ] } },
{ "type": "Feature", "properties": { "timestamp": "2026-05-02T11:46:11.997Z", "latitude": 47.202262420866575, "longitude": 8.770217066945829, "BELAGSART": 100, "surface_classification_asphalt": 0.01, "surface_classification_compacted": 0.99, "surface_classification_paving": 0.0, "surface_classification_sett": 0.0, "surface_classification_standing": 0.0, "surface_swisstopo": "paved", "surface_sensebox": "nature", "surface_sensebox_probability": 0.99, "match": "False" }, "geometry": { "type": "Point", "coordinates": [ 8.770217075612354, 47.202262430905733 ] } },
{ "type": "Feature", "properties": { "timestamp": "2026-05-02T11:46:12.997Z", "latitude": 47.20225278336806, "longitude": 8.7702736753589932, "BELAGSART": 100, "surface_classification_asphalt": null, "surface_classification_compacted": null, "surface_classification_paving": null, "surface_classification_sett": null, "surface_classification_standing": null, "surface_swisstopo": "paved", "surface_sensebox": "unknown", "surface_sensebox_probability": 0.0, "match": "Unknown" }, "geometry": { "type": "Point", "coordinates": [ 8.770273684025579, 47.202252793407204 ] } },
{ "type": "Feature", "properties": { "timestamp": "2026-05-02T11:46:13.997Z", "latitude": 47.202249391581383, "longitude": 8.770327300287704, "BELAGSART": 100, "surface_classification_asphalt": 0.14, "surface_classification_compacted": 0.64, "surface_classification_paving": 0.17, "surface_classification_sett": 0.05, "surface_classification_standing": 0.0, "surface_swisstopo": "paved", "surface_sensebox": "nature", "surface_sensebox_probability": 0.64, "match": "False" }, "geometry": { "type": "Point", "coordinates": [ 8.770327308954345, 47.202249401620534 ] } },
{ "type": "Feature", "properties": { "timestamp": "2026-05-02T11:46:14.997Z", "latitude": 47.202234341188337, "longitude": 8.7703860336265684, "BELAGSART": 100, "surface_classification_asphalt": null, "surface_classification_compacted": null, "surface_classification_paving": null, "surface_classification_sett": null, "surface_classification_standing": null, "surface_swisstopo": "paved", "surface_sensebox": "unknown", "surface_sensebox_probability": 0.0, "match": "Unknown" }, "geometry": { "type": "Point", "coordinates": [ 8.77038604229327, 47.202234351227453 ] } },
{ "type": "Feature", "properties": { "timestamp": "2026-05-02T11:46:15.997Z", "latitude": 47.202212575379178, "longitude": 8.7704481184675451, "BELAGSART": 100, "surface_classification_asphalt": null, "surface_classification_compacted": null, "surface_classification_paving": null, "surface_classification_sett": null, "surface_classification_standing": null, "surface_swisstopo": "paved", "surface_sensebox": "unknown", "surface_sensebox_probability": 0.0, "match": "Unknown" }, "geometry": { "type": "Point", "coordinates": [ 8.770448127134308, 47.202212585418245 ] } },
{ "type": "Feature", "properties": { "timestamp": "2026-05-02T11:46:16.997Z", "latitude": 47.202200296027357, "longitude": 8.7705134964738427, "BELAGSART": 100, "surface_classification_asphalt": 0.12, "surface_classification_compacted": 0.79, "surface_classification_paving": 0.09, "surface_classification_sett": 0.0, "surface_classification_standing": 0.0, "surface_swisstopo": "paved", "surface_sensebox": "nature", "surface_sensebox_probability": 0.79, "match": "False" }, "geometry": { "type": "Point", "coordinates": [ 8.770513505140679, 47.202200306066423 ] } },
{ "type": "Feature", "properties": { "timestamp": "2026-05-02T11:46:17.997Z", "latitude": 47.202190753941146, "longitude": 8.7705831175230333, "BELAGSART": 100, "surface_classification_asphalt": null, "surface_classification_compacted": null, "surface_classification_paving": null, "surface_classification_sett": null, "surface_classification_standing": null, "surface_swisstopo": "paved", "surface_sensebox": "unknown", "surface_sensebox_probability": 0.0, "match": "Unknown" }, "geometry": { "type": "Point", "coordinates": [ 8.770583126189933, 47.202190763980163 ] } },
{ "type": "Feature", "properties": { "timestamp": "2026-05-02T11:46:18.997Z", "latitude": 47.20218057440664, "longitude": 8.7706545729952889, "BELAGSART": 100, "surface_classification_asphalt": null, "surface_classification_compacted": null, "surface_classification_paving": null, "surface_classification_sett": null, "surface_classification_standing": null, "surface_swisstopo": "paved", "surface_sensebox": "unknown", "surface_sensebox_probability": 0.0, "match": "Unknown" }, "geometry": { "type": "Point", "coordinates": [ 8.770654581662262, 47.202180584445607 ] } },
{ "type": "Feature", "properties": { "timestamp": "2026-05-02T11:46:19.997Z", "latitude": 47.20216794192126, "longitude": 8.7707266330849816, "BELAGSART": 100, "surface_classification_asphalt": 0.13, "surface_classification_compacted": 0.14, "surface_classification_paving": 0.16, "surface_classification_sett": 0.56, "surface_classification_standing": 0.0, "surface_swisstopo": "paved", "surface_sensebox": "paved", "surface_sensebox_probability": 0.56, "match": "True" }, "geometry": { "type": "Point", "coordinates": [ 8.770726641752029, 47.202167951960249 ] } },
{ "type": "Feature", "properties": { "timestamp": "2026-05-02T11:46:20.997Z", "latitude": 47.202151222950206, "longitude": 8.7708021010544392, "BELAGSART": 100, "surface_classification_asphalt": null, "surface_classification_compacted": null, "surface_classification_paving": null, "surface_classification_sett": null, "surface_classification_standing": null, "surface_swisstopo": "paved", "surface_sensebox": "unknown", "surface_sensebox_probability": 0.0, "match": "Unknown" }, "geometry": { "type": "Point", "coordinates": [ 8.770802109721565, 47.202151232989173 ] } },
{ "type": "Feature", "properties": { "timestamp": "2026-05-02T11:46:21.997Z", "latitude": 47.202137678577095, "longitude": 8.7708844699956199, "BELAGSART": 100, "surface_classification_asphalt": null, "surface_classification_compacted": null, "surface_classification_paving": null, "surface_classification_sett": null, "surface_classification_standing": null, "surface_swisstopo": "paved", "surface_sensebox": "unknown", "surface_sensebox_probability": 0.0, "match": "Unknown" }, "geometry": { "type": "Point", "coordinates": [ 8.770884478662831, 47.202137688616041 ] } },
{ "type": "Feature", "properties": { "timestamp": "2026-05-02T11:46:22.997Z", "latitude": 47.202128733370074, "longitude": 8.770973171309965, "BELAGSART": 100, "surface_classification_asphalt": 0.26, "surface_classification_compacted": 0.63, "surface_classification_paving": 0.09, "surface_classification_sett": 0.02, "surface_classification_standing": 0.0, "surface_swisstopo": "paved", "surface_sensebox": "nature", "surface_sensebox_probability": 0.63, "match": "False" }, "geometry": { "type": "Point", "coordinates": [ 8.770973179977265, 47.202128743408984 ] } },
{ "type": "Feature", "properties": { "timestamp": "2026-05-02T11:46:23.997Z", "latitude": 47.202114674089323, "longitude": 8.7710572477099369, "BELAGSART": 100, "surface_classification_asphalt": null, "surface_classification_compacted": null, "surface_classification_paving": null, "surface_classification_sett": null, "surface_classification_standing": null, "surface_swisstopo": "paved", "surface_sensebox": "unknown", "surface_sensebox_probability": 0.0, "match": "Unknown" }, "geometry": { "type": "Point", "coordinates": [ 8.771057256377322, 47.202114684128233 ] } },
{ "type": "Feature", "properties": { "timestamp": "2026-05-02T11:46:24.997Z", "latitude": 47.202102712092447, "longitude": 8.7711316446352718, "BELAGSART": 100, "surface_classification_asphalt": null, "surface_classification_compacted": null, "surface_classification_paving": null, "surface_classification_sett": null, "surface_classification_standing": null, "surface_swisstopo": "paved", "surface_sensebox": "unknown", "surface_sensebox_probability": 0.0, "match": "Unknown" }, "geometry": { "type": "Point", "coordinates": [ 8.771131653302724, 47.202102722131279 ] } },
{ "type": "Feature", "properties": { "timestamp": "2026-05-02T11:46:25.997Z", "latitude": 47.202094251864594, "longitude": 8.7712024024273791, "BELAGSART": 100, "surface_classification_asphalt": 0.23, "surface_classification_compacted": 0.63, "surface_classification_paving": 0.13, "surface_classification_sett": 0.01, "surface_classification_standing": 0.0, "surface_swisstopo": "paved", "surface_sensebox": "nature", "surface_sensebox_probability": 0.63, "match": "False" }, "geometry": { "type": "Point", "coordinates": [ 8.771202411094906, 47.20209426190344 ] } },
{ "type": "Feature", "properties": { "timestamp": "2026-05-02T11:46:26.997Z", "latitude": 47.202087279764555, "longitude": 8.7712678550983352, "BELAGSART": 100, "surface_classification_asphalt": null, "surface_classification_compacted": null, "surface_classification_paving": null, "surface_classification_sett": null, "surface_classification_standing": null, "surface_swisstopo": "paved", "surface_sensebox": "unknown", "surface_sensebox_probability": 0.0, "match": "Unknown" }, "geometry": { "type": "Point", "coordinates": [ 8.77126786376593, 47.202087289803373 ] } },
{ "type": "Feature", "properties": { "timestamp": "2026-05-02T11:46:27.997Z", "latitude": 47.20207644634371, "longitude": 8.771331695163834, "BELAGSART": 100, "surface_classification_asphalt": 0.07, "surface_classification_compacted": 0.83, "surface_classification_paving": 0.09, "surface_classification_sett": 0.0, "surface_classification_standing": 0.0, "surface_swisstopo": "paved", "surface_sensebox": "nature", "surface_sensebox_probability": 0.83, "match": "False" }, "geometry": { "type": "Point", "coordinates": [ 8.771331703831489, 47.202076456382514 ] } },
{ "type": "Feature", "properties": { "timestamp": "2026-05-02T11:46:28.997Z", "latitude": 47.202065558914647, "longitude": 8.7713990053071083, "BELAGSART": 100, "surface_classification_asphalt": null, "surface_classification_compacted": null, "surface_classification_paving": null, "surface_classification_sett": null, "surface_classification_standing": null, "surface_swisstopo": "paved", "surface_sensebox": "unknown", "surface_sensebox_probability": 0.0, "match": "Unknown" }, "geometry": { "type": "Point", "coordinates": [ 8.771399013974838, 47.202065568953429 ] } },
{ "type": "Feature", "properties": { "timestamp": "2026-05-02T11:46:29.997Z", "latitude": 47.202057916259719, "longitude": 8.7714706571698446, "BELAGSART": 100, "surface_classification_asphalt": null, "surface_classification_compacted": null, "surface_classification_paving": null, "surface_classification_sett": null, "surface_classification_standing": null, "surface_swisstopo": "paved", "surface_sensebox": "unknown", "surface_sensebox_probability": 0.0, "match": "Unknown" }, "geometry": { "type": "Point", "coordinates": [ 8.77147066583764, 47.202057926298416 ] } },
{ "type": "Feature", "properties": { "timestamp": "2026-05-02T11:46:30.997Z", "latitude": 47.202056164676165, "longitude": 8.7715544853957095, "BELAGSART": 100, "surface_classification_asphalt": 0.05, "surface_classification_compacted": 0.78, "surface_classification_paving": 0.16, "surface_classification_sett": 0.01, "surface_classification_standing": 0.0, "surface_swisstopo": "paved", "surface_sensebox": "nature", "surface_sensebox_probability": 0.78, "match": "False" }, "geometry": { "type": "Point", "coordinates": [ 8.771554494063588, 47.202056174714855 ] } },
{ "type": "Feature", "properties": { "timestamp": "2026-05-02T11:46:31.997Z", "latitude": 47.202051196450114, "longitude": 8.771634937810779, "BELAGSART": 100, "surface_classification_asphalt": null, "surface_classification_compacted": null, "surface_classification_paving": null, "surface_classification_sett": null, "surface_classification_standing": null, "surface_swisstopo": "paved", "surface_sensebox": "unknown", "surface_sensebox_probability": 0.0, "match": "Unknown" }, "geometry": { "type": "Point", "coordinates": [ 8.771634946478736, 47.202051206488768 ] } },
{ "type": "Feature", "properties": { "timestamp": "2026-05-02T11:46:32.997Z", "latitude": 47.202040467521172, "longitude": 8.771706596579703, "BELAGSART": 100, "surface_classification_asphalt": null, "surface_classification_compacted": null, "surface_classification_paving": null, "surface_classification_sett": null, "surface_classification_standing": null, "surface_swisstopo": "paved", "surface_sensebox": "unknown", "surface_sensebox_probability": 0.0, "match": "Unknown" }, "geometry": { "type": "Point", "coordinates": [ 8.771706605247729, 47.202040477559834 ] } },
{ "type": "Feature", "properties": { "timestamp": "2026-05-02T11:46:33.997Z", "latitude": 47.202023620836101, "longitude": 8.7717926995659603, "BELAGSART": 100, "surface_classification_asphalt": 0.15, "surface_classification_compacted": 0.63, "surface_classification_paving": 0.13, "surface_classification_sett": 0.09, "surface_classification_standing": 0.0, "surface_swisstopo": "paved", "surface_sensebox": "nature", "surface_sensebox_probability": 0.63, "match": "False" }, "geometry": { "type": "Point", "coordinates": [ 8.771792708234074, 47.202023630874734 ] } },
{ "type": "Feature", "properties": { "timestamp": "2026-05-02T11:46:34.997Z", "latitude": 47.202011962078082, "longitude": 8.7718822223753925, "BELAGSART": 100, "surface_classification_asphalt": null, "surface_classification_compacted": null, "surface_classification_paving": null, "surface_classification_sett": null, "surface_classification_standing": null, "surface_swisstopo": "paved", "surface_sensebox": "unknown", "surface_sensebox_probability": 0.0, "match": "Unknown" }, "geometry": { "type": "Point", "coordinates": [ 8.771882231043595, 47.202011972116672 ] } },
{ "type": "Feature", "properties": { "timestamp": "2026-05-02T11:46:35.997Z", "latitude": 47.202004767122098, "longitude": 8.7719669426388762, "BELAGSART": 100, "surface_classification_asphalt": null, "surface_classification_compacted": null, "surface_classification_paving": null, "surface_classification_sett": null, "surface_classification_standing": null, "surface_swisstopo": "paved", "surface_sensebox": "unknown", "surface_sensebox_probability": 0.0, "match": "Unknown" }, "geometry": { "type": "Point", "coordinates": [ 8.771966951307167, 47.202004777160639 ] } },
{ "type": "Feature", "properties": { "timestamp": "2026-05-02T11:46:36.997Z", "latitude": 47.201997736544463, "longitude": 8.7720467496856891, "BELAGSART": 100, "surface_classification_asphalt": 0.06, "surface_classification_compacted": 0.87, "surface_classification_paving": 0.07, "surface_classification_sett": 0.0, "surface_classification_standing": 0.0, "surface_swisstopo": "paved", "surface_sensebox": "nature", "surface_sensebox_probability": 0.87, "match": "False" }, "geometry": { "type": "Point", "coordinates": [ 8.772046758354056, 47.20199774658299 ] } },
{ "type": "Feature", "properties": { "timestamp": "2026-05-02T11:46:37.997Z", "latitude": 47.201987298721448, "longitude": 8.772122013272126, "BELAGSART": 100, "surface_classification_asphalt": null, "surface_classification_compacted": null, "surface_classification_paving": null, "surface_classification_sett": null, "surface_classification_standing": null, "surface_swisstopo": "paved", "surface_sensebox": "unknown", "surface_sensebox_probability": 0.0, "match": "Unknown" }, "geometry": { "type": "Point", "coordinates": [ 8.772122021940572, 47.201987308759961 ] } },
{ "type": "Feature", "properties": { "timestamp": "2026-05-02T11:46:38.997Z", "latitude": 47.201979716468962, "longitude": 8.7721956101252037, "BELAGSART": 100, "surface_classification_asphalt": null, "surface_classification_compacted": null, "surface_classification_paving": null, "surface_classification_sett": null, "surface_classification_standing": null, "surface_swisstopo": "paved", "surface_sensebox": "unknown", "surface_sensebox_probability": 0.0, "match": "Unknown" }, "geometry": { "type": "Point", "coordinates": [ 8.772195618793718, 47.201979726507432 ] } },
{ "type": "Feature", "properties": { "timestamp": "2026-05-02T11:46:39.997Z", "latitude": 47.20197208270929, "longitude": 8.77226570346917, "BELAGSART": 100, "surface_classification_asphalt": 0.43, "surface_classification_compacted": 0.43, "surface_classification_paving": 0.14, "surface_classification_sett": 0.0, "surface_classification_standing": 0.0, "surface_swisstopo": "paved", "surface_sensebox": "unknown", "surface_sensebox_probability": 0.43, "match": "Unknown" }, "geometry": { "type": "Point", "coordinates": [ 8.772265712137756, 47.201972092747717 ] } },
{ "type": "Feature", "properties": { "timestamp": "2026-05-02T11:46:40.997Z", "latitude": 47.201965353238833, "longitude": 8.7723292567331601, "BELAGSART": 100, "surface_classification_asphalt": null, "surface_classification_compacted": null, "surface_classification_paving": null, "surface_classification_sett": null, "surface_classification_standing": null, "surface_swisstopo": "paved", "surface_sensebox": "unknown", "surface_sensebox_probability": 0.0, "match": "Unknown" }, "geometry": { "type": "Point", "coordinates": [ 8.772329265401808, 47.201965363277253 ] } },
{ "type": "Feature", "properties": { "timestamp": "2026-05-02T11:46:41.997Z", "latitude": 47.201959832543167, "longitude": 8.7723895876695384, "BELAGSART": 100, "surface_classification_asphalt": 0.82, "surface_classification_compacted": 0.08, "surface_classification_paving": 0.1, "surface_classification_sett": 0.0, "surface_classification_standing": 0.01, "surface_swisstopo": "paved", "surface_sensebox": "paved", "surface_sensebox_probability": 0.82, "match": "True" }, "geometry": { "type": "Point", "coordinates": [ 8.772389596338249, 47.201959842581608 ] } },
{ "type": "Feature", "properties": { "timestamp": "2026-05-02T11:46:42.997Z", "latitude": 47.201951337956409, "longitude": 8.7724456847969012, "BELAGSART": 100, "surface_classification_asphalt": null, "surface_classification_compacted": null, "surface_classification_paving": null, "surface_classification_sett": null, "surface_classification_standing": null, "surface_swisstopo": "paved", "surface_sensebox": "unknown", "surface_sensebox_probability": 0.0, "match": "Unknown" }, "geometry": { "type": "Point", "coordinates": [ 8.772445693465668, 47.201951347994779 ] } },
{ "type": "Feature", "properties": { "timestamp": "2026-05-02T11:46:43.997Z", "latitude": 47.201945119919429, "longitude": 8.7724962255070515, "BELAGSART": 100, "surface_classification_asphalt": null, "surface_classification_compacted": null, "surface_classification_paving": null, "surface_classification_sett": null, "surface_classification_standing": null, "surface_swisstopo": "paved", "surface_sensebox": "unknown", "surface_sensebox_probability": 0.0, "match": "Unknown" }, "geometry": { "type": "Point", "coordinates": [ 8.772496234175867, 47.201945129957807 ] } },
{ "type": "Feature", "properties": { "timestamp": "2026-05-02T11:46:45.996Z", "latitude": 47.201940696883987, "longitude": 8.7726092568725313, "BELAGSART": 100, "surface_classification_asphalt": 0.03, "surface_classification_compacted": 0.75, "surface_classification_paving": 0.11, "surface_classification_sett": 0.11, "surface_classification_standing": 0.0, "surface_swisstopo": "paved", "surface_sensebox": "nature", "surface_sensebox_probability": 0.75, "match": "False" }, "geometry": { "type": "Point", "coordinates": [ 8.772609265541458, 47.201940706922379 ] } },
{ "type": "Feature", "properties": { "timestamp": "2026-05-02T11:46:46.999Z", "latitude": 47.201933768066361, "longitude": 8.772674824814624, "BELAGSART": 100, "surface_classification_asphalt": null, "surface_classification_compacted": null, "surface_classification_paving": null, "surface_classification_sett": null, "surface_classification_standing": null, "surface_swisstopo": "paved", "surface_sensebox": "unknown", "surface_sensebox_probability": 0.0, "match": "Unknown" }, "geometry": { "type": "Point", "coordinates": [ 8.772674833483617, 47.201933778104696 ] } },
{ "type": "Feature", "properties": { "timestamp": "2026-05-02T11:46:47.999Z", "latitude": 47.201924832366082, "longitude": 8.7727450737018771, "BELAGSART": 100, "surface_classification_asphalt": 0.09, "surface_classification_compacted": 0.43, "surface_classification_paving": 0.43, "surface_classification_sett": 0.04, "surface_classification_standing": 0.0, "surface_swisstopo": "paved", "surface_sensebox": "unknown", "surface_sensebox_probability": 0.43, "match": "Unknown" }, "geometry": { "type": "Point", "coordinates": [ 8.772745082370941, 47.201924842404409 ] } },
{ "type": "Feature", "properties": { "timestamp": "2026-05-02T11:46:48.999Z", "latitude": 47.201907088277437, "longitude": 8.7728102798759515, "BELAGSART": 100, "surface_classification_asphalt": null, "surface_classification_compacted": null, "surface_classification_paving": null, "surface_classification_sett": null, "surface_classification_standing": null, "surface_swisstopo": "paved", "surface_sensebox": "unknown", "surface_sensebox_probability": 0.0, "match": "Unknown" }, "geometry": { "type": "Point", "coordinates": [ 8.772810288545084, 47.201907098315736 ] } },
{ "type": "Feature", "properties": { "timestamp": "2026-05-02T11:46:49.999Z", "latitude": 47.201906055682635, "longitude": 8.7728811691354913, "BELAGSART": 100, "surface_classification_asphalt": null, "surface_classification_compacted": null, "surface_classification_paving": null, "surface_classification_sett": null, "surface_classification_standing": null, "surface_swisstopo": "paved", "surface_sensebox": "unknown", "surface_sensebox_probability": 0.0, "match": "Unknown" }, "geometry": { "type": "Point", "coordinates": [ 8.77288117780469, 47.201906065720834 ] } },
{ "type": "Feature", "properties": { "timestamp": "2026-05-02T11:46:50.999Z", "latitude": 47.201895011914651, "longitude": 8.7729551653674811, "BELAGSART": 100, "surface_classification_asphalt": 0.15, "surface_classification_compacted": 0.82, "surface_classification_paving": 0.03, "surface_classification_sett": 0.0, "surface_classification_standing": 0.0, "surface_swisstopo": "paved", "surface_sensebox": "nature", "surface_sensebox_probability": 0.82, "match": "False" }, "geometry": { "type": "Point", "coordinates": [ 8.772955174036749, 47.201895021952879 ] } },
{ "type": "Feature", "properties": { "timestamp": "2026-05-02T11:46:51.999Z", "latitude": 47.201883849230363, "longitude": 8.7730303046045304, "BELAGSART": 100, "surface_classification_asphalt": null, "surface_classification_compacted": null, "surface_classification_paving": null, "surface_classification_sett": null, "surface_classification_standing": null, "surface_swisstopo": "paved", "surface_sensebox": "unknown", "surface_sensebox_probability": 0.0, "match": "Unknown" }, "geometry": { "type": "Point", "coordinates": [ 8.77303031327388, 47.201883859268619 ] } },
{ "type": "Feature", "properties": { "timestamp": "2026-05-02T11:46:52.999Z", "latitude": 47.201873805345286, "longitude": 8.7731020985942418, "BELAGSART": 100, "surface_classification_asphalt": null, "surface_classification_compacted": null, "surface_classification_paving": null, "surface_classification_sett": null, "surface_classification_standing": null, "surface_swisstopo": "paved", "surface_sensebox": "unknown", "surface_sensebox_probability": 0.0, "match": "Unknown" }, "geometry": { "type": "Point", "coordinates": [ 8.773102107263664, 47.201873815383458 ] } },
{ "type": "Feature", "properties": { "timestamp": "2026-05-02T11:46:53.999Z", "latitude": 47.20186903592316, "longitude": 8.7731656286081687, "BELAGSART": 100, "surface_classification_asphalt": 0.23, "surface_classification_compacted": 0.21, "surface_classification_paving": 0.5, "surface_classification_sett": 0.05, "surface_classification_standing": 0.0, "surface_swisstopo": "paved", "surface_sensebox": "unknown", "surface_sensebox_probability": 0.5, "match": "Unknown" }, "geometry": { "type": "Point", "coordinates": [ 8.773165637277652, 47.201869045961367 ] } },
{ "type": "Feature", "properties": { "timestamp": "2026-05-02T11:46:54.999Z", "latitude": 47.201865422579026, "longitude": 8.7732220965444991, "BELAGSART": 100, "surface_classification_asphalt": null, "surface_classification_compacted": null, "surface_classification_paving": null, "surface_classification_sett": null, "surface_classification_standing": null, "surface_swisstopo": "paved", "surface_sensebox": "unknown", "surface_sensebox_probability": 0.0, "match": "Unknown" }, "geometry": { "type": "Point", "coordinates": [ 8.773222105214041, 47.201865432617168 ] } },
{ "type": "Feature", "properties": { "timestamp": "2026-05-02T11:46:55.999Z", "latitude": 47.201861635401144, "longitude": 8.7732787850807394, "BELAGSART": 100, "surface_classification_asphalt": null, "surface_classification_compacted": null, "surface_classification_paving": null, "surface_classification_sett": null, "surface_classification_standing": null, "surface_swisstopo": "paved", "surface_sensebox": "unknown", "surface_sensebox_probability": 0.0, "match": "Unknown" }, "geometry": { "type": "Point", "coordinates": [ 8.773278793750332, 47.201861645439287 ] } },
{ "type": "Feature", "properties": { "timestamp": "2026-05-02T11:46:56.999Z", "latitude": 47.20185284262039, "longitude": 8.7733437761199173, "BELAGSART": 100, "surface_classification_asphalt": 0.03, "surface_classification_compacted": 0.96, "surface_classification_paving": 0.02, "surface_classification_sett": 0.0, "surface_classification_standing": 0.0, "surface_swisstopo": "paved", "surface_sensebox": "nature", "surface_sensebox_probability": 0.96, "match": "False" }, "geometry": { "type": "Point", "coordinates": [ 8.773343784789578, 47.201852852658526 ] } },
{ "type": "Feature", "properties": { "timestamp": "2026-05-02T11:46:57.999Z", "latitude": 47.201848066491934, "longitude": 8.7734062385242506, "BELAGSART": 100, "surface_classification_asphalt": null, "surface_classification_compacted": null, "surface_classification_paving": null, "surface_classification_sett": null, "surface_classification_standing": null, "surface_swisstopo": "paved", "surface_sensebox": "unknown", "surface_sensebox_probability": 0.0, "match": "Unknown" }, "geometry": { "type": "Point", "coordinates": [ 8.773406247193973, 47.201848076530034 ] } },
{ "type": "Feature", "properties": { "timestamp": "2026-05-02T11:46:58.999Z", "latitude": 47.201848851446478, "longitude": 8.7734766086623743, "BELAGSART": 100, "surface_classification_asphalt": 0.02, "surface_classification_compacted": 0.96, "surface_classification_paving": 0.02, "surface_classification_sett": 0.0, "surface_classification_standing": 0.0, "surface_swisstopo": "paved", "surface_sensebox": "nature", "surface_sensebox_probability": 0.96, "match": "False" }, "geometry": { "type": "Point", "coordinates": [ 8.773476617332166, 47.201848861484557 ] } },
{ "type": "Feature", "properties": { "timestamp": "2026-05-02T11:46:59.999Z", "latitude": 47.201841305133165, "longitude": 8.773545916037202, "BELAGSART": 100, "surface_classification_asphalt": null, "surface_classification_compacted": null, "surface_classification_paving": null, "surface_classification_sett": null, "surface_classification_standing": null, "surface_swisstopo": "paved", "surface_sensebox": "unknown", "surface_sensebox_probability": 0.0, "match": "Unknown" }, "geometry": { "type": "Point", "coordinates": [ 8.77354592470706, 47.201841315171222 ] } },
{ "type": "Feature", "properties": { "timestamp": "2026-05-02T11:47:00.999Z", "latitude": 47.201834569510318, "longitude": 8.7736124795462551, "BELAGSART": 100, "surface_classification_asphalt": null, "surface_classification_compacted": null, "surface_classification_paving": null, "surface_classification_sett": null, "surface_classification_standing": null, "surface_swisstopo": "paved", "surface_sensebox": "unknown", "surface_sensebox_probability": 0.0, "match": "Unknown" }, "geometry": { "type": "Point", "coordinates": [ 8.773612488216177, 47.201834579548311 ] } },
{ "type": "Feature", "properties": { "timestamp": "2026-05-02T11:47:01.999Z", "latitude": 47.201829277519678, "longitude": 8.7736752746319873, "BELAGSART": 100, "surface_classification_asphalt": 0.18, "surface_classification_compacted": 0.28, "surface_classification_paving": 0.54, "surface_classification_sett": 0.0, "surface_classification_standing": 0.0, "surface_swisstopo": "paved", "surface_sensebox": "paved", "surface_sensebox_probability": 0.54, "match": "True" }, "geometry": { "type": "Point", "coordinates": [ 8.773675283301973, 47.201829287557672 ] } },
{ "type": "Feature", "properties": { "timestamp": "2026-05-02T11:47:02.999Z", "latitude": 47.201824924215458, "longitude": 8.7737314244708138, "BELAGSART": 100, "surface_classification_asphalt": null, "surface_classification_compacted": null, "surface_classification_paving": null, "surface_classification_sett": null, "surface_classification_standing": null, "surface_swisstopo": "paved", "surface_sensebox": "unknown", "surface_sensebox_probability": 0.0, "match": "Unknown" }, "geometry": { "type": "Point", "coordinates": [ 8.773731433140851, 47.20182493425343 ] } },
{ "type": "Feature", "properties": { "timestamp": "2026-05-02T11:47:03.999Z", "latitude": 47.201824637207338, "longitude": 8.7737911529205519, "BELAGSART": 100, "surface_classification_asphalt": null, "surface_classification_compacted": null, "surface_classification_paving": null, "surface_classification_sett": null, "surface_classification_standing": null, "surface_swisstopo": "paved", "surface_sensebox": "unknown", "surface_sensebox_probability": 0.0, "match": "Unknown" }, "geometry": { "type": "Point", "coordinates": [ 8.773791161590651, 47.201824647245282 ] } },
{ "type": "Feature", "properties": { "timestamp": "2026-05-02T11:47:04.999Z", "latitude": 47.201818142293703, "longitude": 8.7738468870360151, "BELAGSART": 100, "surface_classification_asphalt": 0.05, "surface_classification_compacted": 0.6, "surface_classification_paving": 0.34, "surface_classification_sett": 0.01, "surface_classification_standing": 0.0, "surface_swisstopo": "paved", "surface_sensebox": "nature", "surface_sensebox_probability": 0.6, "match": "False" }, "geometry": { "type": "Point", "coordinates": [ 8.773846895706169, 47.201818152331647 ] } },
{ "type": "Feature", "properties": { "timestamp": "2026-05-02T11:47:05.999Z", "latitude": 47.201810238535138, "longitude": 8.7739020773161887, "BELAGSART": 100, "surface_classification_asphalt": null, "surface_classification_compacted": null, "surface_classification_paving": null, "surface_classification_sett": null, "surface_classification_standing": null, "surface_swisstopo": "paved", "surface_sensebox": "unknown", "surface_sensebox_probability": 0.0, "match": "Unknown" }, "geometry": { "type": "Point", "coordinates": [ 8.773902085986396, 47.201810248573082 ] } },
{ "type": "Feature", "properties": { "timestamp": "2026-05-02T11:47:06.999Z", "latitude": 47.201803602427567, "longitude": 8.773971348186512, "BELAGSART": 100, "surface_classification_asphalt": null, "surface_classification_compacted": null, "surface_classification_paving": null, "surface_classification_sett": null, "surface_classification_standing": null, "surface_swisstopo": "paved", "surface_sensebox": "unknown", "surface_sensebox_probability": 0.0, "match": "Unknown" }, "geometry": { "type": "Point", "coordinates": [ 8.773971356856785, 47.201803612465476 ] } },
{ "type": "Feature", "properties": { "timestamp": "2026-05-02T11:47:07.999Z", "latitude": 47.20179976246439, "longitude": 8.7740448754831846, "BELAGSART": 100, "surface_classification_asphalt": 0.02, "surface_classification_compacted": 0.82, "surface_classification_paving": 0.15, "surface_classification_sett": 0.01, "surface_classification_standing": 0.0, "surface_swisstopo": "paved", "surface_sensebox": "nature", "surface_sensebox_probability": 0.82, "match": "False" }, "geometry": { "type": "Point", "coordinates": [ 8.774044884153534, 47.201799772502291 ] } },
{ "type": "Feature", "properties": { "timestamp": "2026-05-02T11:47:08.999Z", "latitude": 47.201792216848233, "longitude": 8.7741114522997492, "BELAGSART": 100, "surface_classification_asphalt": null, "surface_classification_compacted": null, "surface_classification_paving": null, "surface_classification_sett": null, "surface_classification_standing": null, "surface_swisstopo": "paved", "surface_sensebox": "unknown", "surface_sensebox_probability": 0.0, "match": "Unknown" }, "geometry": { "type": "Point", "coordinates": [ 8.774111460970168, 47.201792226886077 ] } },
{ "type": "Feature", "properties": { "timestamp": "2026-05-02T11:47:09.999Z", "latitude": 47.201781585266588, "longitude": 8.7741799972320909, "BELAGSART": 100, "surface_classification_asphalt": null, "surface_classification_compacted": null, "surface_classification_paving": null, "surface_classification_sett": null, "surface_classification_standing": null, "surface_swisstopo": "paved", "surface_sensebox": "unknown", "surface_sensebox_probability": 0.0, "match": "Unknown" }, "geometry": { "type": "Point", "coordinates": [ 8.774180005902574, 47.201781595304439 ] } },
{ "type": "Feature", "properties": { "timestamp": "2026-05-02T11:47:10.999Z", "latitude": 47.201776496186, "longitude": 8.7742423031195127, "BELAGSART": 100, "surface_classification_asphalt": 0.02, "surface_classification_compacted": 0.93, "surface_classification_paving": 0.05, "surface_classification_sett": 0.0, "surface_classification_standing": 0.0, "surface_swisstopo": "paved", "surface_sensebox": "nature", "surface_sensebox_probability": 0.93, "match": "False" }, "geometry": { "type": "Point", "coordinates": [ 8.77424231179006, 47.201776506223773 ] } },
{ "type": "Feature", "properties": { "timestamp": "2026-05-02T11:47:11.999Z", "latitude": 47.201773586632406, "longitude": 8.7742994683796169, "BELAGSART": 100, "surface_classification_asphalt": null, "surface_classification_compacted": null, "surface_classification_paving": null, "surface_classification_sett": null, "surface_classification_standing": null, "surface_swisstopo": "paved", "surface_sensebox": "unknown", "surface_sensebox_probability": 0.0, "match": "Unknown" }, "geometry": { "type": "Point", "coordinates": [ 8.774299477050217, 47.201773596670158 ] } },
{ "type": "Feature", "properties": { "timestamp": "2026-05-02T11:47:12.999Z", "latitude": 47.201764887980751, "longitude": 8.7743581406871218, "BELAGSART": 100, "surface_classification_asphalt": 0.04, "surface_classification_compacted": 0.94, "surface_classification_paving": 0.02, "surface_classification_sett": 0.0, "surface_classification_standing": 0.0, "surface_swisstopo": "paved", "surface_sensebox": "nature", "surface_sensebox_probability": 0.94, "match": "False" }, "geometry": { "type": "Point", "coordinates": [ 8.774358149357784, 47.20176489801851 ] } },
{ "type": "Feature", "properties": { "timestamp": "2026-05-02T11:47:13.999Z", "latitude": 47.201759892609239, "longitude": 8.7744156613182582, "BELAGSART": 100, "surface_classification_asphalt": null, "surface_classification_compacted": null, "surface_classification_paving": null, "surface_classification_sett": null, "surface_classification_standing": null, "surface_swisstopo": "paved", "surface_sensebox": "unknown", "surface_sensebox_probability": 0.0, "match": "Unknown" }, "geometry": { "type": "Point", "coordinates": [ 8.77441566998897, 47.201759902646991 ] } },
{ "type": "Feature", "properties": { "timestamp": "2026-05-02T11:47:14.999Z", "latitude": 47.201749102278711, "longitude": 8.7744785538298267, "BELAGSART": 100, "surface_classification_asphalt": null, "surface_classification_compacted": null, "surface_classification_paving": null, "surface_classification_sett": null, "surface_classification_standing": null, "surface_swisstopo": "paved", "surface_sensebox": "unknown", "surface_sensebox_probability": 0.0, "match": "Unknown" }, "geometry": { "type": "Point", "coordinates": [ 8.774478562500612, 47.201749112316442 ] } },
{ "type": "Feature", "properties": { "timestamp": "2026-05-02T11:47:15.999Z", "latitude": 47.201744753825231, "longitude": 8.7745395074708448, "BELAGSART": 100, "surface_classification_asphalt": 0.32, "surface_classification_compacted": 0.09, "surface_classification_paving": 0.57, "surface_classification_sett": 0.01, "surface_classification_standing": 0.0, "surface_swisstopo": "paved", "surface_sensebox": "paved", "surface_sensebox_probability": 0.57, "match": "True" }, "geometry": { "type": "Point", "coordinates": [ 8.774539516141683, 47.201744763862912 ] } },
{ "type": "Feature", "properties": { "timestamp": "2026-05-02T11:47:16.999Z", "latitude": 47.201742171309462, "longitude": 8.7745949463347443, "BELAGSART": 100, "surface_classification_asphalt": null, "surface_classification_compacted": null, "surface_classification_paving": null, "surface_classification_sett": null, "surface_classification_standing": null, "surface_swisstopo": "paved", "surface_sensebox": "unknown", "surface_sensebox_probability": 0.0, "match": "Unknown" }, "geometry": { "type": "Point", "coordinates": [ 8.774594955005639, 47.201742181347178 ] } },
{ "type": "Feature", "properties": { "timestamp": "2026-05-02T11:47:17.999Z", "latitude": 47.201736741410919, "longitude": 8.7746479253019682, "BELAGSART": 100, "surface_classification_asphalt": null, "surface_classification_compacted": null, "surface_classification_paving": null, "surface_classification_sett": null, "surface_classification_standing": null, "surface_swisstopo": "paved", "surface_sensebox": "unknown", "surface_sensebox_probability": 0.0, "match": "Unknown" }, "geometry": { "type": "Point", "coordinates": [ 8.774647933972915, 47.201736751448593 ] } },
{ "type": "Feature", "properties": { "timestamp": "2026-05-02T11:47:18.999Z", "latitude": 47.201734856235369, "longitude": 8.7746987990273961, "BELAGSART": 100, "surface_classification_asphalt": 0.56, "surface_classification_compacted": 0.04, "surface_classification_paving": 0.4, "surface_classification_sett": 0.0, "surface_classification_standing": 0.0, "surface_swisstopo": "paved", "surface_sensebox": "paved", "surface_sensebox_probability": 0.56, "match": "True" }, "geometry": { "type": "Point", "coordinates": [ 8.774698807698392, 47.201734866273021 ] } },
{ "type": "Feature", "properties": { "timestamp": "2026-05-02T11:47:19.999Z", "latitude": 47.201733159824599, "longitude": 8.7747435890812646, "BELAGSART": 100, "surface_classification_asphalt": null, "surface_classification_compacted": null, "surface_classification_paving": null, "surface_classification_sett": null, "surface_classification_standing": null, "surface_swisstopo": "paved", "surface_sensebox": "unknown", "surface_sensebox_probability": 0.0, "match": "Unknown" }, "geometry": { "type": "Point", "coordinates": [ 8.774743597752307, 47.201733169862266 ] } },
{ "type": "Feature", "properties": { "timestamp": "2026-05-02T11:47:20.999Z", "latitude": 47.201731929539768, "longitude": 8.774797761329209, "BELAGSART": 100, "surface_classification_asphalt": null, "surface_classification_compacted": null, "surface_classification_paving": null, "surface_classification_sett": null, "surface_classification_standing": null, "surface_swisstopo": "paved", "surface_sensebox": "unknown", "surface_sensebox_probability": 0.0, "match": "Unknown" }, "geometry": { "type": "Point", "coordinates": [ 8.774797770000301, 47.201731939577421 ] } },
{ "type": "Feature", "properties": { "timestamp": "2026-05-02T11:47:21.999Z", "latitude": 47.201721013969319, "longitude": 8.7748472837091374, "BELAGSART": 100, "surface_classification_asphalt": 0.15, "surface_classification_compacted": 0.8, "surface_classification_paving": 0.05, "surface_classification_sett": 0.0, "surface_classification_standing": 0.0, "surface_swisstopo": "paved", "surface_sensebox": "nature", "surface_sensebox_probability": 0.8, "match": "False" }, "geometry": { "type": "Point", "coordinates": [ 8.774847292380281, 47.201721024006886 ] } },
{ "type": "Feature", "properties": { "timestamp": "2026-05-02T11:47:22.999Z", "latitude": 47.201722990728435, "longitude": 8.7749164569183371, "BELAGSART": 100, "surface_classification_asphalt": null, "surface_classification_compacted": null, "surface_classification_paving": null, "surface_classification_sett": null, "surface_classification_standing": null, "surface_swisstopo": "paved", "surface_sensebox": "unknown", "surface_sensebox_probability": 0.0, "match": "Unknown" }, "geometry": { "type": "Point", "coordinates": [ 8.774916465589547, 47.201723000766009 ] } },
{ "type": "Feature", "properties": { "timestamp": "2026-05-02T11:47:23.999Z", "latitude": 47.201722407110552, "longitude": 8.7749797411632358, "BELAGSART": 100, "surface_classification_asphalt": null, "surface_classification_compacted": null, "surface_classification_paving": null, "surface_classification_sett": null, "surface_classification_standing": null, "surface_swisstopo": "paved", "surface_sensebox": "unknown", "surface_sensebox_probability": 0.0, "match": "Unknown" }, "geometry": { "type": "Point", "coordinates": [ 8.774979749834507, 47.201722417148076 ] } },
{ "type": "Feature", "properties": { "timestamp": "2026-05-02T11:47:24.999Z", "latitude": 47.201718487168264, "longitude": 8.7750383609499369, "BELAGSART": 100, "surface_classification_asphalt": 0.25, "surface_classification_compacted": 0.61, "surface_classification_paving": 0.13, "surface_classification_sett": 0.0, "surface_classification_standing": 0.0, "surface_swisstopo": "paved", "surface_sensebox": "nature", "surface_sensebox_probability": 0.61, "match": "False" }, "geometry": { "type": "Point", "coordinates": [ 8.775038369621262, 47.201718497205832 ] } },
{ "type": "Feature", "properties": { "timestamp": "2026-05-02T11:47:25.999Z", "latitude": 47.201711285891889, "longitude": 8.7750932299622662, "BELAGSART": 100, "surface_classification_asphalt": null, "surface_classification_compacted": null, "surface_classification_paving": null, "surface_classification_sett": null, "surface_classification_standing": null, "surface_swisstopo": "paved", "surface_sensebox": "unknown", "surface_sensebox_probability": 0.0, "match": "Unknown" }, "geometry": { "type": "Point", "coordinates": [ 8.775093238633652, 47.201711295929478 ] } },
{ "type": "Feature", "properties": { "timestamp": "2026-05-02T11:47:26.999Z", "latitude": 47.201707791362367, "longitude": 8.7751517844154154, "BELAGSART": 100, "surface_classification_asphalt": 0.01, "surface_classification_compacted": 0.98, "surface_classification_paving": 0.01, "surface_classification_sett": 0.0, "surface_classification_standing": 0.0, "surface_swisstopo": "paved", "surface_sensebox": "nature", "surface_sensebox_probability": 0.98, "match": "False" }, "geometry": { "type": "Point", "coordinates": [ 8.775151793086852, 47.201707801399898 ] } },
{ "type": "Feature", "properties": { "timestamp": "2026-05-02T11:47:27.999Z", "latitude": 47.201699080068771, "longitude": 8.7752125832722676, "BELAGSART": 100, "surface_classification_asphalt": null, "surface_classification_compacted": null, "surface_classification_paving": null, "surface_classification_sett": null, "surface_classification_standing": null, "surface_swisstopo": "paved", "surface_sensebox": "unknown", "surface_sensebox_probability": 0.0, "match": "Unknown" }, "geometry": { "type": "Point", "coordinates": [ 8.77521259194377, 47.201699090106267 ] } },
{ "type": "Feature", "properties": { "timestamp": "2026-05-02T11:47:28.999Z", "latitude": 47.201694434414826, "longitude": 8.775269962203275, "BELAGSART": 100, "surface_classification_asphalt": null, "surface_classification_compacted": null, "surface_classification_paving": null, "surface_classification_sett": null, "surface_classification_standing": null, "surface_swisstopo": "paved", "surface_sensebox": "unknown", "surface_sensebox_probability": 0.0, "match": "Unknown" }, "geometry": { "type": "Point", "coordinates": [ 8.775269970874836, 47.201694444452265 ] } },
{ "type": "Feature", "properties": { "timestamp": "2026-05-02T11:47:29.999Z", "latitude": 47.201690199009548, "longitude": 8.7753253119991488, "BELAGSART": 100, "surface_classification_asphalt": 0.1, "surface_classification_compacted": 0.67, "surface_classification_paving": 0.22, "surface_classification_sett": 0.01, "surface_classification_standing": 0.0, "surface_swisstopo": "paved", "surface_sensebox": "nature", "surface_sensebox_probability": 0.67, "match": "False" }, "geometry": { "type": "Point", "coordinates": [ 8.77532532067076, 47.20169020904703 ] } },
{ "type": "Feature", "properties": { "timestamp": "2026-05-02T11:47:30.999Z", "latitude": 47.201683320332791, "longitude": 8.7753780310620346, "BELAGSART": 100, "surface_classification_asphalt": null, "surface_classification_compacted": null, "surface_classification_paving": null, "surface_classification_sett": null, "surface_classification_standing": null, "surface_swisstopo": "paved", "surface_sensebox": "unknown", "surface_sensebox_probability": 0.0, "match": "Unknown" }, "geometry": { "type": "Point", "coordinates": [ 8.775378039733695, 47.201683330370265 ] } },
{ "type": "Feature", "properties": { "timestamp": "2026-05-02T11:47:31.999Z", "latitude": 47.201673594339738, "longitude": 8.7754311535205147, "BELAGSART": 100, "surface_classification_asphalt": null, "surface_classification_compacted": null, "surface_classification_paving": null, "surface_classification_sett": null, "surface_classification_standing": null, "surface_swisstopo": "paved", "surface_sensebox": "unknown", "surface_sensebox_probability": 0.0, "match": "Unknown" }, "geometry": { "type": "Point", "coordinates": [ 8.775431162192232, 47.201673604377156 ] } },
{ "type": "Feature", "properties": { "timestamp": "2026-05-02T11:47:32.999Z", "latitude": 47.201668350760528, "longitude": 8.7754819979760654, "BELAGSART": 100, "surface_classification_asphalt": 0.73, "surface_classification_compacted": 0.02, "surface_classification_paving": 0.24, "surface_classification_sett": 0.0, "surface_classification_standing": 0.02, "surface_swisstopo": "paved", "surface_sensebox": "paved", "surface_sensebox_probability": 0.73, "match": "True" }, "geometry": { "type": "Point", "coordinates": [ 8.775482006647833, 47.20166836079791 ] } },
{ "type": "Feature", "properties": { "timestamp": "2026-05-02T11:47:33.999Z", "latitude": 47.201661497076408, "longitude": 8.7755325253080354, "BELAGSART": 100, "surface_classification_asphalt": null, "surface_classification_compacted": null, "surface_classification_paving": null, "surface_classification_sett": null, "surface_classification_standing": null, "surface_swisstopo": "paved", "surface_sensebox": "unknown", "surface_sensebox_probability": 0.0, "match": "Unknown" }, "geometry": { "type": "Point", "coordinates": [ 8.775532533979863, 47.20166150711384 ] } },
{ "type": "Feature", "properties": { "timestamp": "2026-05-02T11:47:34.999Z", "latitude": 47.201655281881145, "longitude": 8.7755842461696272, "BELAGSART": 100, "surface_classification_asphalt": null, "surface_classification_compacted": null, "surface_classification_paving": null, "surface_classification_sett": null, "surface_classification_standing": null, "surface_swisstopo": "paved", "surface_sensebox": "unknown", "surface_sensebox_probability": 0.0, "match": "Unknown" }, "geometry": { "type": "Point", "coordinates": [ 8.775584254841501, 47.20165529191852 ] } },
{ "type": "Feature", "properties": { "timestamp": "2026-05-02T11:47:35.999Z", "latitude": 47.201648732223006, "longitude": 8.7756452580313535, "BELAGSART": 100, "surface_classification_asphalt": 0.04, "surface_classification_compacted": 0.93, "surface_classification_paving": 0.03, "surface_classification_sett": 0.0, "surface_classification_standing": 0.0, "surface_swisstopo": "paved", "surface_sensebox": "nature", "surface_sensebox_probability": 0.93, "match": "False" }, "geometry": { "type": "Point", "coordinates": [ 8.775645266703288, 47.201648742260382 ] } },
{ "type": "Feature", "properties": { "timestamp": "2026-05-02T11:47:36.999Z", "latitude": 47.201644200959947, "longitude": 8.7757027817598932, "BELAGSART": 100, "surface_classification_asphalt": null, "surface_classification_compacted": null, "surface_classification_paving": null, "surface_classification_sett": null, "surface_classification_standing": null, "surface_swisstopo": "paved", "surface_sensebox": "unknown", "surface_sensebox_probability": 0.0, "match": "Unknown" }, "geometry": { "type": "Point", "coordinates": [ 8.775702790431883, 47.201644210997287 ] } },
{ "type": "Feature", "properties": { "timestamp": "2026-05-02T11:47:37.999Z", "latitude": 47.201636251375312, "longitude": 8.7757598886977704, "BELAGSART": 100, "surface_classification_asphalt": null, "surface_classification_compacted": null, "surface_classification_paving": null, "surface_classification_sett": null, "surface_classification_standing": null, "surface_swisstopo": "paved", "surface_sensebox": "unknown", "surface_sensebox_probability": 0.0, "match": "Unknown" }, "geometry": { "type": "Point", "coordinates": [ 8.775759897369817, 47.201636261412631 ] } },
{ "type": "Feature", "properties": { "timestamp": "2026-05-02T11:47:39.998Z", "latitude": 47.201623089544768, "longitude": 8.775883452272037, "BELAGSART": 100, "surface_classification_asphalt": 0.25, "surface_classification_compacted": 0.14, "surface_classification_paving": 0.43, "surface_classification_sett": 0.18, "surface_classification_standing": 0.0, "surface_swisstopo": "paved", "surface_sensebox": "unknown", "surface_sensebox_probability": 0.43, "match": "Unknown" }, "geometry": { "type": "Point", "coordinates": [ 8.775883460944204, 47.201623099582051 ] } },
{ "type": "Feature", "properties": { "timestamp": "2026-05-02T11:47:40.998Z", "latitude": 47.201615133535746, "longitude": 8.775954504701124, "BELAGSART": 100, "surface_classification_asphalt": null, "surface_classification_compacted": null, "surface_classification_paving": null, "surface_classification_sett": null, "surface_classification_standing": null, "surface_swisstopo": "paved", "surface_sensebox": "unknown", "surface_sensebox_probability": 0.0, "match": "Unknown" }, "geometry": { "type": "Point", "coordinates": [ 8.775954513373367, 47.201615143573008 ] } },
{ "type": "Feature", "properties": { "timestamp": "2026-05-02T11:47:41.998Z", "latitude": 47.201612577631387, "longitude": 8.7760226292694785, "BELAGSART": 100, "surface_classification_asphalt": 0.05, "surface_classification_compacted": 0.21, "surface_classification_paving": 0.09, "surface_classification_sett": 0.65, "surface_classification_standing": 0.0, "surface_swisstopo": "paved", "surface_sensebox": "paved", "surface_sensebox_probability": 0.65, "match": "True" }, "geometry": { "type": "Point", "coordinates": [ 8.776022637941784, 47.201612587668613 ] } },
{ "type": "Feature", "properties": { "timestamp": "2026-05-02T11:47:42.998Z", "latitude": 47.201607944300441, "longitude": 8.7760971799093639, "BELAGSART": 100, "surface_classification_asphalt": null, "surface_classification_compacted": null, "surface_classification_paving": null, "surface_classification_sett": null, "surface_classification_standing": null, "surface_swisstopo": "paved", "surface_sensebox": "unknown", "surface_sensebox_probability": 0.0, "match": "Unknown" }, "geometry": { "type": "Point", "coordinates": [ 8.776097188581742, 47.201607954337661 ] } },
{ "type": "Feature", "properties": { "timestamp": "2026-05-02T11:47:43.998Z", "latitude": 47.20159491907976, "longitude": 8.7761723603435797, "BELAGSART": 100, "surface_classification_asphalt": 0.04, "surface_classification_compacted": 0.14, "surface_classification_paving": 0.2, "surface_classification_sett": 0.61, "surface_classification_standing": 0.0, "surface_swisstopo": "paved", "surface_sensebox": "paved", "surface_sensebox_probability": 0.61, "match": "True" }, "geometry": { "type": "Point", "coordinates": [ 8.776172369016038, 47.201594929116929 ] } },
{ "type": "Feature", "properties": { "timestamp": "2026-05-02T11:47:44.998Z", "latitude": 47.201580063945151, "longitude": 8.7762388864806837, "BELAGSART": 100, "surface_classification_asphalt": null, "surface_classification_compacted": null, "surface_classification_paving": null, "surface_classification_sett": null, "surface_classification_standing": null, "surface_swisstopo": "paved", "surface_sensebox": "unknown", "surface_sensebox_probability": 0.0, "match": "Unknown" }, "geometry": { "type": "Point", "coordinates": [ 8.776238895153204, 47.201580073982285 ] } },
{ "type": "Feature", "properties": { "timestamp": "2026-05-02T11:47:45.998Z", "latitude": 47.201577739538216, "longitude": 8.7763047969237995, "BELAGSART": 100, "surface_classification_asphalt": null, "surface_classification_compacted": null, "surface_classification_paving": null, "surface_classification_sett": null, "surface_classification_standing": null, "surface_swisstopo": "paved", "surface_sensebox": "unknown", "surface_sensebox_probability": 0.0, "match": "Unknown" }, "geometry": { "type": "Point", "coordinates": [ 8.776304805596393, 47.20157774957535 ] } },
{ "type": "Feature", "properties": { "timestamp": "2026-05-02T11:47:46.998Z", "latitude": 47.201580143841788, "longitude": 8.7763683016834459, "BELAGSART": 100, "surface_classification_asphalt": 0.3, "surface_classification_compacted": 0.47, "surface_classification_paving": 0.2, "surface_classification_sett": 0.03, "surface_classification_standing": 0.0, "surface_swisstopo": "paved", "surface_sensebox": "unknown", "surface_sensebox_probability": 0.47, "match": "Unknown" }, "geometry": { "type": "Point", "coordinates": [ 8.776368310356096, 47.201580153878879 ] } },
{ "type": "Feature", "properties": { "timestamp": "2026-05-02T11:47:47.998Z", "latitude": 47.201590083694832, "longitude": 8.7764162215745536, "BELAGSART": 100, "surface_classification_asphalt": null, "surface_classification_compacted": null, "surface_classification_paving": null, "surface_classification_sett": null, "surface_classification_standing": null, "surface_swisstopo": "paved", "surface_sensebox": "unknown", "surface_sensebox_probability": 0.0, "match": "Unknown" }, "geometry": { "type": "Point", "coordinates": [ 8.776416230247246, 47.201590093731923 ] } },
{ "type": "Feature", "properties": { "timestamp": "2026-05-02T11:47:48.998Z", "latitude": 47.20158616093947, "longitude": 8.7764694104216723, "BELAGSART": 100, "surface_classification_asphalt": null, "surface_classification_compacted": null, "surface_classification_paving": null, "surface_classification_sett": null, "surface_classification_standing": null, "surface_swisstopo": "paved", "surface_sensebox": "unknown", "surface_sensebox_probability": 0.0, "match": "Unknown" }, "geometry": { "type": "Point", "coordinates": [ 8.776469419094417, 47.201586170976562 ] } },
{ "type": "Feature", "properties": { "timestamp": "2026-05-02T11:47:49.998Z", "latitude": 47.201577529614113, "longitude": 8.7765291657322546, "BELAGSART": 100, "surface_classification_asphalt": 0.13, "surface_classification_compacted": 0.54, "surface_classification_paving": 0.18, "surface_classification_sett": 0.16, "surface_classification_standing": 0.0, "surface_swisstopo": "paved", "surface_sensebox": "nature", "surface_sensebox_probability": 0.54, "match": "False" }, "geometry": { "type": "Point", "coordinates": [ 8.776529174405058, 47.201577539651169 ] } },
{ "type": "Feature", "properties": { "timestamp": "2026-05-02T11:47:50.998Z", "latitude": 47.201571070269715, "longitude": 8.7765856436191232, "BELAGSART": 100, "surface_classification_asphalt": null, "surface_classification_compacted": null, "surface_classification_paving": null, "surface_classification_sett": null, "surface_classification_standing": null, "surface_swisstopo": "paved", "surface_sensebox": "unknown", "surface_sensebox_probability": 0.0, "match": "Unknown" }, "geometry": { "type": "Point", "coordinates": [ 8.776585652291983, 47.201571080306792 ] } },
{ "type": "Feature", "properties": { "timestamp": "2026-05-02T11:47:51.998Z", "latitude": 47.201566941694566, "longitude": 8.7766378972923906, "BELAGSART": 100, "surface_classification_asphalt": null, "surface_classification_compacted": null, "surface_classification_paving": null, "surface_classification_sett": null, "surface_classification_standing": null, "surface_swisstopo": "paved", "surface_sensebox": "unknown", "surface_sensebox_probability": 0.0, "match": "Unknown" }, "geometry": { "type": "Point", "coordinates": [ 8.776637905965305, 47.201566951731593 ] } },
{ "type": "Feature", "properties": { "timestamp": "2026-05-02T11:47:52.998Z", "latitude": 47.201564278714621, "longitude": 8.7766860166143648, "BELAGSART": 100, "surface_classification_asphalt": 0.87, "surface_classification_compacted": 0.0, "surface_classification_paving": 0.05, "surface_classification_sett": 0.0, "surface_classification_standing": 0.08, "surface_swisstopo": "paved", "surface_sensebox": "paved", "surface_sensebox_probability": 0.87, "match": "True" }, "geometry": { "type": "Point", "coordinates": [ 8.776686025287322, 47.201564288751641 ] } },
{ "type": "Feature", "properties": { "timestamp": "2026-05-02T11:47:53.998Z", "latitude": 47.201563117680998, "longitude": 8.7767277924218217, "BELAGSART": 100, "surface_classification_asphalt": null, "surface_classification_compacted": null, "surface_classification_paving": null, "surface_classification_sett": null, "surface_classification_standing": null, "surface_swisstopo": "paved", "surface_sensebox": "unknown", "surface_sensebox_probability": 0.0, "match": "Unknown" }, "geometry": { "type": "Point", "coordinates": [ 8.77672780109482, 47.201563127718025 ] } },
{ "type": "Feature", "properties": { "timestamp": "2026-05-02T11:47:54.998Z", "latitude": 47.201554273855081, "longitude": 8.7767736305777451, "BELAGSART": 100, "surface_classification_asphalt": null, "surface_classification_compacted": null, "surface_classification_paving": null, "surface_classification_sett": null, "surface_classification_standing": null, "surface_swisstopo": "paved", "surface_sensebox": "unknown", "surface_sensebox_probability": 0.0, "match": "Unknown" }, "geometry": { "type": "Point", "coordinates": [ 8.776773639250795, 47.201554283892087 ] } },
{ "type": "Feature", "properties": { "timestamp": "2026-05-02T11:47:55.998Z", "latitude": 47.20155760586124, "longitude": 8.7768181294382206, "BELAGSART": 100, "surface_classification_asphalt": 0.67, "surface_classification_compacted": 0.02, "surface_classification_paving": 0.24, "surface_classification_sett": 0.0, "surface_classification_standing": 0.07, "surface_swisstopo": "paved", "surface_sensebox": "paved", "surface_sensebox_probability": 0.67, "match": "True" }, "geometry": { "type": "Point", "coordinates": [ 8.776818138111311, 47.201557615898189 ] } },
{ "type": "Feature", "properties": { "timestamp": "2026-05-02T11:47:56.998Z", "latitude": 47.201555304001388, "longitude": 8.7768590882726922, "BELAGSART": 100, "surface_classification_asphalt": null, "surface_classification_compacted": null, "surface_classification_paving": null, "surface_classification_sett": null, "surface_classification_standing": null, "surface_swisstopo": "paved", "surface_sensebox": "unknown", "surface_sensebox_probability": 0.0, "match": "Unknown" }, "geometry": { "type": "Point", "coordinates": [ 8.776859096945824, 47.201555314038352 ] } },
{ "type": "Feature", "properties": { "timestamp": "2026-05-02T11:47:57.998Z", "latitude": 47.201554667061714, "longitude": 8.7768954828177801, "BELAGSART": 100, "surface_classification_asphalt": 0.86, "surface_classification_compacted": 0.0, "surface_classification_paving": 0.08, "surface_classification_sett": 0.0, "surface_classification_standing": 0.05, "surface_swisstopo": "paved", "surface_sensebox": "paved", "surface_sensebox_probability": 0.86, "match": "True" }, "geometry": { "type": "Point", "coordinates": [ 8.776895491490945, 47.20155467709867 ] } },
{ "type": "Feature", "properties": { "timestamp": "2026-05-02T11:47:58.998Z", "latitude": 47.20155297676542, "longitude": 8.7769296628126501, "BELAGSART": 100, "surface_classification_asphalt": null, "surface_classification_compacted": null, "surface_classification_paving": null, "surface_classification_sett": null, "surface_classification_standing": null, "surface_swisstopo": "paved", "surface_sensebox": "unknown", "surface_sensebox_probability": 0.0, "match": "Unknown" }, "geometry": { "type": "Point", "coordinates": [ 8.776929671485844, 47.201552986802362 ] } },
{ "type": "Feature", "properties": { "timestamp": "2026-05-02T11:47:59.998Z", "latitude": 47.201549223451273, "longitude": 8.7769642690953269, "BELAGSART": 100, "surface_classification_asphalt": null, "surface_classification_compacted": null, "surface_classification_paving": null, "surface_classification_sett": null, "surface_classification_standing": null, "surface_swisstopo": "paved", "surface_sensebox": "unknown", "surface_sensebox_probability": 0.0, "match": "Unknown" }, "geometry": { "type": "Point", "coordinates": [ 8.776964277768558, 47.20154923348823 ] } },
{ "type": "Feature", "properties": { "timestamp": "2026-05-02T11:48:00.998Z", "latitude": 47.201548886987929, "longitude": 8.7769901170714739, "BELAGSART": 100, "surface_classification_asphalt": 0.89, "surface_classification_compacted": 0.03, "surface_classification_paving": 0.07, "surface_classification_sett": 0.0, "surface_classification_standing": 0.0, "surface_swisstopo": "paved", "surface_sensebox": "paved", "surface_sensebox_probability": 0.89, "match": "True" }, "geometry": { "type": "Point", "coordinates": [ 8.776990125744732, 47.201548897024814 ] } },
{ "type": "Feature", "properties": { "timestamp": "2026-05-02T11:48:01.998Z", "latitude": 47.201543621583298, "longitude": 8.7769983341644107, "BELAGSART": 100, "surface_classification_asphalt": null, "surface_classification_compacted": null, "surface_classification_paving": null, "surface_classification_sett": null, "surface_classification_standing": null, "surface_swisstopo": "paved", "surface_sensebox": "unknown", "surface_sensebox_probability": 0.0, "match": "Unknown" }, "geometry": { "type": "Point", "coordinates": [ 8.776998342837674, 47.201543631620211 ] } },
{ "type": "Feature", "properties": { "timestamp": "2026-05-02T11:48:02.998Z", "latitude": 47.201543037457213, "longitude": 8.7769999529193612, "BELAGSART": 100, "surface_classification_asphalt": null, "surface_classification_compacted": null, "surface_classification_paving": null, "surface_classification_sett": null, "surface_classification_standing": null, "surface_swisstopo": "paved", "surface_sensebox": "unknown", "surface_sensebox_probability": 0.0, "match": "Unknown" }, "geometry": { "type": "Point", "coordinates": [ 8.776999961592626, 47.201543047494106 ] } },
{ "type": "Feature", "properties": { "timestamp": "2026-05-02T11:48:03.998Z", "latitude": 47.201540316853745, "longitude": 8.7770082265882401, "BELAGSART": 100, "surface_classification_asphalt": 0.67, "surface_classification_compacted": 0.14, "surface_classification_paving": 0.18, "surface_classification_sett": 0.0, "surface_classification_standing": 0.01, "surface_swisstopo": "paved", "surface_sensebox": "paved", "surface_sensebox_probability": 0.67, "match": "True" }, "geometry": { "type": "Point", "coordinates": [ 8.777008235261516, 47.201540326890672 ] } },
{ "type": "Feature", "properties": { "timestamp": "2026-05-02T11:48:04.998Z", "latitude": 47.201533420182429, "longitude": 8.7770319335020979, "BELAGSART": 100, "surface_classification_asphalt": null, "surface_classification_compacted": null, "surface_classification_paving": null, "surface_classification_sett": null, "surface_classification_standing": null, "surface_swisstopo": "paved", "surface_sensebox": "unknown", "surface_sensebox_probability": 0.0, "match": "Unknown" }, "geometry": { "type": "Point", "coordinates": [ 8.777031942175396, 47.201533430219357 ] } },
{ "type": "Feature", "properties": { "timestamp": "2026-05-02T11:48:05.998Z", "latitude": 47.201531805855069, "longitude": 8.7770576584144102, "BELAGSART": 100, "surface_classification_asphalt": null, "surface_classification_compacted": null, "surface_classification_paving": null, "surface_classification_sett": null, "surface_classification_standing": null, "surface_swisstopo": "paved", "surface_sensebox": "unknown", "surface_sensebox_probability": 0.0, "match": "Unknown" }, "geometry": { "type": "Point", "coordinates": [ 8.777057667087741, 47.201531815891961 ] } },
{ "type": "Feature", "properties": { "timestamp": "2026-05-02T11:48:06.998Z", "latitude": 47.201531399250655, "longitude": 8.7770738210257324, "BELAGSART": 100, "surface_classification_asphalt": 0.68, "surface_classification_compacted": 0.04, "surface_classification_paving": 0.25, "surface_classification_sett": 0.0, "surface_classification_standing": 0.04, "surface_swisstopo": "paved", "surface_sensebox": "paved", "surface_sensebox_probability": 0.68, "match": "True" }, "geometry": { "type": "Point", "coordinates": [ 8.777073829699075, 47.201531409287533 ] } },
{ "type": "Feature", "properties": { "timestamp": "2026-05-02T11:48:07.998Z", "latitude": 47.201529389323234, "longitude": 8.7770920465140048, "BELAGSART": 100, "surface_classification_asphalt": null, "surface_classification_compacted": null, "surface_classification_paving": null, "surface_classification_sett": null, "surface_classification_standing": null, "surface_swisstopo": "paved", "surface_sensebox": "unknown", "surface_sensebox_probability": 0.0, "match": "Unknown" }, "geometry": { "type": "Point", "coordinates": [ 8.777092055187365, 47.201529399360098 ] } },
{ "type": "Feature", "properties": { "timestamp": "2026-05-02T11:48:08.998Z", "latitude": 47.201529269514147, "longitude": 8.7771220489982262, "BELAGSART": 100, "surface_classification_asphalt": null, "surface_classification_compacted": null, "surface_classification_paving": null, "surface_classification_sett": null, "surface_classification_standing": null, "surface_swisstopo": "paved", "surface_sensebox": "unknown", "surface_sensebox_probability": 0.0, "match": "Unknown" }, "geometry": { "type": "Point", "coordinates": [ 8.777122057671615, 47.201529279551032 ] } },
{ "type": "Feature", "properties": { "timestamp": "2026-05-02T11:48:09.998Z", "latitude": 47.201531940434869, "longitude": 8.7771495819437266, "BELAGSART": 100, "surface_classification_asphalt": 0.77, "surface_classification_compacted": 0.13, "surface_classification_paving": 0.09, "surface_classification_sett": 0.0, "surface_classification_standing": 0.0, "surface_swisstopo": "paved", "surface_sensebox": "paved", "surface_sensebox_probability": 0.77, "match": "True" }, "geometry": { "type": "Point", "coordinates": [ 8.777149590617142, 47.201531950471761 ] } },
{ "type": "Feature", "properties": { "timestamp": "2026-05-02T11:48:10.998Z", "latitude": 47.201537818372451, "longitude": 8.7771747871697627, "BELAGSART": 100, "surface_classification_asphalt": null, "surface_classification_compacted": null, "surface_classification_paving": null, "surface_classification_sett": null, "surface_classification_standing": null, "surface_swisstopo": "paved", "surface_sensebox": "unknown", "surface_sensebox_probability": 0.0, "match": "Unknown" }, "geometry": { "type": "Point", "coordinates": [ 8.7771747958432, 47.201537828409307 ] } },
{ "type": "Feature", "properties": { "timestamp": "2026-05-02T11:48:11.998Z", "latitude": 47.201539401974408, "longitude": 8.77720439860515, "BELAGSART": 100, "surface_classification_asphalt": null, "surface_classification_compacted": null, "surface_classification_paving": null, "surface_classification_sett": null, "surface_classification_standing": null, "surface_swisstopo": "paved", "surface_sensebox": "unknown", "surface_sensebox_probability": 0.0, "match": "Unknown" }, "geometry": { "type": "Point", "coordinates": [ 8.777204407278614, 47.201539412011272 ] } },
{ "type": "Feature", "properties": { "timestamp": "2026-05-02T11:48:12.998Z", "latitude": 47.201534647026243, "longitude": 8.7772556420469954, "BELAGSART": 100, "surface_classification_asphalt": 0.74, "surface_classification_compacted": 0.22, "surface_classification_paving": 0.01, "surface_classification_sett": 0.04, "surface_classification_standing": 0.0, "surface_swisstopo": "paved", "surface_sensebox": "paved", "surface_sensebox_probability": 0.74, "match": "True" }, "geometry": { "type": "Point", "coordinates": [ 8.777255650720507, 47.201534657063071 ] } },
{ "type": "Feature", "properties": { "timestamp": "2026-05-02T11:48:13.998Z", "latitude": 47.201535886323867, "longitude": 8.7773135665879654, "BELAGSART": 100, "surface_classification_asphalt": null, "surface_classification_compacted": null, "surface_classification_paving": null, "surface_classification_sett": null, "surface_classification_standing": null, "surface_swisstopo": "paved", "surface_sensebox": "unknown", "surface_sensebox_probability": 0.0, "match": "Unknown" }, "geometry": { "type": "Point", "coordinates": [ 8.777313575261539, 47.201535896360731 ] } },
{ "type": "Feature", "properties": { "timestamp": "2026-05-02T11:48:14.998Z", "latitude": 47.201529660427262, "longitude": 8.7773568464158664, "BELAGSART": 100, "surface_classification_asphalt": null, "surface_classification_compacted": null, "surface_classification_paving": null, "surface_classification_sett": null, "surface_classification_standing": null, "surface_swisstopo": "paved", "surface_sensebox": "unknown", "surface_sensebox_probability": 0.0, "match": "Unknown" }, "geometry": { "type": "Point", "coordinates": [ 8.777356855089479, 47.201529670464048 ] } },
{ "type": "Feature", "properties": { "timestamp": "2026-05-02T11:48:15.998Z", "latitude": 47.201515521109847, "longitude": 8.7774246804249696, "BELAGSART": 100, "surface_classification_asphalt": 0.27, "surface_classification_compacted": 0.48, "surface_classification_paving": 0.24, "surface_classification_sett": 0.0, "surface_classification_standing": 0.0, "surface_swisstopo": "paved", "surface_sensebox": "unknown", "surface_sensebox_probability": 0.48, "match": "Unknown" }, "geometry": { "type": "Point", "coordinates": [ 8.77742468909865, 47.201515531146619 ] } },
{ "type": "Feature", "properties": { "timestamp": "2026-05-02T11:48:16.998Z", "latitude": 47.201492213042272, "longitude": 8.7775035860434691, "BELAGSART": 100, "surface_classification_asphalt": null, "surface_classification_compacted": null, "surface_classification_paving": null, "surface_classification_sett": null, "surface_classification_standing": null, "surface_swisstopo": "paved", "surface_sensebox": "unknown", "surface_sensebox_probability": 0.0, "match": "Unknown" }, "geometry": { "type": "Point", "coordinates": [ 8.777503594717235, 47.201492223079008 ] } },
{ "type": "Feature", "properties": { "timestamp": "2026-05-02T11:48:17.998Z", "latitude": 47.201466304541562, "longitude": 8.7775738781458923, "BELAGSART": 100, "surface_classification_asphalt": 0.14, "surface_classification_compacted": 0.07, "surface_classification_paving": 0.35, "surface_classification_sett": 0.44, "surface_classification_standing": 0.0, "surface_swisstopo": "paved", "surface_sensebox": "unknown", "surface_sensebox_probability": 0.44, "match": "Unknown" }, "geometry": { "type": "Point", "coordinates": [ 8.777573886819736, 47.201466314578312 ] } },
{ "type": "Feature", "properties": { "timestamp": "2026-05-02T11:48:19.997Z", "latitude": 47.201419799321378, "longitude": 8.777695746684504, "BELAGSART": 100, "surface_classification_asphalt": null, "surface_classification_compacted": null, "surface_classification_paving": null, "surface_classification_sett": null, "surface_classification_standing": null, "surface_swisstopo": "paved", "surface_sensebox": "unknown", "surface_sensebox_probability": 0.0, "match": "Unknown" }, "geometry": { "type": "Point", "coordinates": [ 8.777695755358481, 47.201419809358008 ] } },
{ "type": "Feature", "properties": { "timestamp": "2026-05-02T11:48:20.997Z", "latitude": 47.201407092811777, "longitude": 8.7777600462933147, "BELAGSART": 100, "surface_classification_asphalt": 0.23, "surface_classification_compacted": 0.41, "surface_classification_paving": 0.36, "surface_classification_sett": 0.0, "surface_classification_standing": 0.0, "surface_swisstopo": "paved", "surface_sensebox": "unknown", "surface_sensebox_probability": 0.41, "match": "Unknown" }, "geometry": { "type": "Point", "coordinates": [ 8.777760054967356, 47.201407102848421 ] } },
{ "type": "Feature", "properties": { "timestamp": "2026-05-02T11:48:21.997Z", "latitude": 47.201394911866217, "longitude": 8.7778181026274158, "BELAGSART": 100, "surface_classification_asphalt": null, "surface_classification_compacted": null, "surface_classification_paving": null, "surface_classification_sett": null, "surface_classification_standing": null, "surface_swisstopo": "paved", "surface_sensebox": "unknown", "surface_sensebox_probability": 0.0, "match": "Unknown" }, "geometry": { "type": "Point", "coordinates": [ 8.777818111301512, 47.201394921902818 ] } },
{ "type": "Feature", "properties": { "timestamp": "2026-05-02T11:48:22.997Z", "latitude": 47.201386277813882, "longitude": 8.7778758298508297, "BELAGSART": 100, "surface_classification_asphalt": null, "surface_classification_compacted": null, "surface_classification_paving": null, "surface_classification_sett": null, "surface_classification_standing": null, "surface_swisstopo": "paved", "surface_sensebox": "unknown", "surface_sensebox_probability": 0.0, "match": "Unknown" }, "geometry": { "type": "Point", "coordinates": [ 8.77787583852499, 47.201386287850497 ] } },
{ "type": "Feature", "properties": { "timestamp": "2026-05-02T11:48:23.997Z", "latitude": 47.20137295375671, "longitude": 8.7779220712236654, "BELAGSART": 100, "surface_classification_asphalt": 0.62, "surface_classification_compacted": 0.0, "surface_classification_paving": 0.09, "surface_classification_sett": 0.0, "surface_classification_standing": 0.28, "surface_swisstopo": "paved", "surface_sensebox": "paved", "surface_sensebox_probability": 0.62, "match": "True" }, "geometry": { "type": "Point", "coordinates": [ 8.77792207989787, 47.201372963793339 ] } },
{ "type": "Feature", "properties": { "timestamp": "2026-05-02T11:48:24.997Z", "latitude": 47.20136438175502, "longitude": 8.7779537109741632, "BELAGSART": 100, "surface_classification_asphalt": null, "surface_classification_compacted": null, "surface_classification_paving": null, "surface_classification_sett": null, "surface_classification_standing": null, "surface_swisstopo": "paved", "surface_sensebox": "unknown", "surface_sensebox_probability": 0.0, "match": "Unknown" }, "geometry": { "type": "Point", "coordinates": [ 8.777953719648401, 47.201364391791593 ] } },
{ "type": "Feature", "properties": { "timestamp": "2026-05-02T11:48:25.997Z", "latitude": 47.201364858684499, "longitude": 8.7779905201009711, "BELAGSART": 100, "surface_classification_asphalt": null, "surface_classification_compacted": null, "surface_classification_paving": null, "surface_classification_sett": null, "surface_classification_standing": null, "surface_swisstopo": "paved", "surface_sensebox": "unknown", "surface_sensebox_probability": 0.0, "match": "Unknown" }, "geometry": { "type": "Point", "coordinates": [ 8.777990528775243, 47.201364868721058 ] } },
{ "type": "Feature", "properties": { "timestamp": "2026-05-02T11:48:26.997Z", "latitude": 47.201365598514215, "longitude": 8.7780226846353155, "BELAGSART": 100, "surface_classification_asphalt": 0.63, "surface_classification_compacted": 0.13, "surface_classification_paving": 0.23, "surface_classification_sett": 0.0, "surface_classification_standing": 0.0, "surface_swisstopo": "paved", "surface_sensebox": "paved", "surface_sensebox_probability": 0.63, "match": "True" }, "geometry": { "type": "Point", "coordinates": [ 8.778022693309623, 47.201365608550795 ] } },
{ "type": "Feature", "properties": { "timestamp": "2026-05-02T11:48:27.997Z", "latitude": 47.201364558425254, "longitude": 8.7780412590385559, "BELAGSART": 100, "surface_classification_asphalt": null, "surface_classification_compacted": null, "surface_classification_paving": null, "surface_classification_sett": null, "surface_classification_standing": null, "surface_swisstopo": "paved", "surface_sensebox": "unknown", "surface_sensebox_probability": 0.0, "match": "Unknown" }, "geometry": { "type": "Point", "coordinates": [ 8.778041267712879, 47.201364568461777 ] } },
{ "type": "Feature", "properties": { "timestamp": "2026-05-02T11:48:28.997Z", "latitude": 47.201359577160218, "longitude": 8.7780663398591372, "BELAGSART": 100, "surface_classification_asphalt": null, "surface_classification_compacted": null, "surface_classification_paving": null, "surface_classification_sett": null, "surface_classification_standing": null, "surface_swisstopo": "paved", "surface_sensebox": "unknown", "surface_sensebox_probability": 0.0, "match": "Unknown" }, "geometry": { "type": "Point", "coordinates": [ 8.778066348533486, 47.201359587196748 ] } },
{ "type": "Feature", "properties": { "timestamp": "2026-05-02T11:48:29.997Z", "latitude": 47.201360117235069, "longitude": 8.7780902336978404, "BELAGSART": 100, "surface_classification_asphalt": 0.97, "surface_classification_compacted": 0.0, "surface_classification_paving": 0.02, "surface_classification_sett": 0.0, "surface_classification_standing": 0.01, "surface_swisstopo": "paved", "surface_sensebox": "paved", "surface_sensebox_probability": 0.97, "match": "True" }, "geometry": { "type": "Point", "coordinates": [ 8.778090242372208, 47.20136012727157 ] } },
{ "type": "Feature", "properties": { "timestamp": "2026-05-02T11:48:30.997Z", "latitude": 47.20136877951964, "longitude": 8.7781119356925856, "BELAGSART": 100, "surface_classification_asphalt": null, "surface_classification_compacted": null, "surface_classification_paving": null, "surface_classification_sett": null, "surface_classification_standing": null, "surface_swisstopo": "paved", "surface_sensebox": "unknown", "surface_sensebox_probability": 0.0, "match": "Unknown" }, "geometry": { "type": "Point", "coordinates": [ 8.778111944366977, 47.201368789556192 ] } },
{ "type": "Feature", "properties": { "timestamp": "2026-05-02T11:48:31.997Z", "latitude": 47.201371133971406, "longitude": 8.7781454504802436, "BELAGSART": 100, "surface_classification_asphalt": null, "surface_classification_compacted": null, "surface_classification_paving": null, "surface_classification_sett": null, "surface_classification_standing": null, "surface_swisstopo": "paved", "surface_sensebox": "unknown", "surface_sensebox_probability": 0.0, "match": "Unknown" }, "geometry": { "type": "Point", "coordinates": [ 8.778145459154667, 47.201371144007943 ] } },
{ "type": "Feature", "properties": { "timestamp": "2026-05-02T11:48:32.997Z", "latitude": 47.201371281375188, "longitude": 8.7781491084788072, "BELAGSART": 100, "surface_classification_asphalt": 0.84, "surface_classification_compacted": 0.01, "surface_classification_paving": 0.09, "surface_classification_sett": 0.01, "surface_classification_standing": 0.05, "surface_swisstopo": "paved", "surface_sensebox": "paved", "surface_sensebox_probability": 0.84, "match": "True" }, "geometry": { "type": "Point", "coordinates": [ 8.778149117153227, 47.201371291411718 ] } },
{ "type": "Feature", "properties": { "timestamp": "2026-05-02T11:48:33.997Z", "latitude": 47.201374529416739, "longitude": 8.7781564619514967, "BELAGSART": 100, "surface_classification_asphalt": null, "surface_classification_compacted": null, "surface_classification_paving": null, "surface_classification_sett": null, "surface_classification_standing": null, "surface_swisstopo": "paved", "surface_sensebox": "unknown", "surface_sensebox_probability": 0.0, "match": "Unknown" }, "geometry": { "type": "Point", "coordinates": [ 8.778156470625925, 47.201374539453248 ] } },
{ "type": "Feature", "properties": { "timestamp": "2026-05-02T11:48:34.997Z", "latitude": 47.201378140237203, "longitude": 8.7781648445048788, "BELAGSART": 100, "surface_classification_asphalt": 0.73, "surface_classification_compacted": 0.02, "surface_classification_paving": 0.24, "surface_classification_sett": 0.0, "surface_classification_standing": 0.01, "surface_swisstopo": "paved", "surface_sensebox": "paved", "surface_sensebox_probability": 0.73, "match": "True" }, "geometry": { "type": "Point", "coordinates": [ 8.778164853179318, 47.201378150273733 ] } },
{ "type": "Feature", "properties": { "timestamp": "2026-05-02T11:48:35.997Z", "latitude": 47.201382560524642, "longitude": 8.7781665710169374, "BELAGSART": 100, "surface_classification_asphalt": null, "surface_classification_compacted": null, "surface_classification_paving": null, "surface_classification_sett": null, "surface_classification_standing": null, "surface_swisstopo": "paved", "surface_sensebox": "unknown", "surface_sensebox_probability": 0.0, "match": "Unknown" }, "geometry": { "type": "Point", "coordinates": [ 8.778166579691373, 47.201382570561137 ] } },
{ "type": "Feature", "properties": { "timestamp": "2026-05-02T11:48:36.997Z", "latitude": 47.201382118382519, "longitude": 8.7781688465652916, "BELAGSART": 100, "surface_classification_asphalt": null, "surface_classification_compacted": null, "surface_classification_paving": null, "surface_classification_sett": null, "surface_classification_standing": null, "surface_swisstopo": "paved", "surface_sensebox": "unknown", "surface_sensebox_probability": 0.0, "match": "Unknown" }, "geometry": { "type": "Point", "coordinates": [ 8.778168855239727, 47.201382128419006 ] } },
{ "type": "Feature", "properties": { "timestamp": "2026-05-02T11:48:37.997Z", "latitude": 47.201384190956745, "longitude": 8.7781698558239025, "BELAGSART": 100, "surface_classification_asphalt": 0.45, "surface_classification_compacted": 0.13, "surface_classification_paving": 0.05, "surface_classification_sett": 0.36, "surface_classification_standing": 0.0, "surface_swisstopo": "paved", "surface_sensebox": "unknown", "surface_sensebox_probability": 0.45, "match": "Unknown" }, "geometry": { "type": "Point", "coordinates": [ 8.778169864498343, 47.201384200993296 ] } },
{ "type": "Feature", "properties": { "timestamp": "2026-05-02T11:48:38.997Z", "latitude": 47.201381678814855, "longitude": 8.7781697324880703, "BELAGSART": 100, "surface_classification_asphalt": null, "surface_classification_compacted": null, "surface_classification_paving": null, "surface_classification_sett": null, "surface_classification_standing": null, "surface_swisstopo": "paved", "surface_sensebox": "unknown", "surface_sensebox_probability": 0.0, "match": "Unknown" }, "geometry": { "type": "Point", "coordinates": [ 8.778169741162509, 47.201381688851406 ] } },
{ "type": "Feature", "properties": { "timestamp": "2026-05-02T11:48:39.997Z", "latitude": 47.2013810789879, "longitude": 8.778174099630494, "BELAGSART": 100, "surface_classification_asphalt": null, "surface_classification_compacted": null, "surface_classification_paving": null, "surface_classification_sett": null, "surface_classification_standing": null, "surface_swisstopo": "paved", "surface_sensebox": "unknown", "surface_sensebox_probability": 0.0, "match": "Unknown" }, "geometry": { "type": "Point", "coordinates": [ 8.778174108304942, 47.201381089024409 ] } },
{ "type": "Feature", "properties": { "timestamp": "2026-05-02T11:48:40.997Z", "latitude": 47.201380260408776, "longitude": 8.778173783308505, "BELAGSART": 100, "surface_classification_asphalt": 0.22, "surface_classification_compacted": 0.0, "surface_classification_paving": 0.01, "surface_classification_sett": 0.0, "surface_classification_standing": 0.77, "surface_swisstopo": "paved", "surface_sensebox": "unknown", "surface_sensebox_probability": 0.22, "match": "Unknown" }, "geometry": { "type": "Point", "coordinates": [ 8.778173791982953, 47.201380270445263 ] } },
{ "type": "Feature", "properties": { "timestamp": "2026-05-02T11:48:43.997Z", "latitude": 47.201377881848018, "longitude": 8.7781797371210892, "BELAGSART": 100, "surface_classification_asphalt": 0.02, "surface_classification_compacted": 0.0, "surface_classification_paving": 0.0, "surface_classification_sett": 0.0, "surface_classification_standing": 0.98, "surface_swisstopo": "paved", "surface_sensebox": "unknown", "surface_sensebox_probability": 0.0, "match": "Unknown" }, "geometry": { "type": "Point", "coordinates": [ 8.778179745795539, 47.20137789188454 ] } },
{ "type": "Feature", "properties": { "timestamp": "2026-05-02T11:48:44.997Z", "latitude": 47.20137818231921, "longitude": 8.778184313697782, "BELAGSART": 100, "surface_classification_asphalt": null, "surface_classification_compacted": null, "surface_classification_paving": null, "surface_classification_sett": null, "surface_classification_standing": null, "surface_swisstopo": "paved", "surface_sensebox": "unknown", "surface_sensebox_probability": 0.0, "match": "Unknown" }, "geometry": { "type": "Point", "coordinates": [ 8.778184322372239, 47.201378192355705 ] } },
{ "type": "Feature", "properties": { "timestamp": "2026-05-02T11:48:45.997Z", "latitude": 47.201377841896658, "longitude": 8.7781912247683227, "BELAGSART": 100, "surface_classification_asphalt": null, "surface_classification_compacted": null, "surface_classification_paving": null, "surface_classification_sett": null, "surface_classification_standing": null, "surface_swisstopo": "paved", "surface_sensebox": "unknown", "surface_sensebox_probability": 0.0, "match": "Unknown" }, "geometry": { "type": "Point", "coordinates": [ 8.778191233442788, 47.201377851933167 ] } },
{ "type": "Feature", "properties": { "timestamp": "2026-05-02T11:48:46.997Z", "latitude": 47.201370117391363, "longitude": 8.7782145807576359, "BELAGSART": 100, "surface_classification_asphalt": 0.7, "surface_classification_compacted": 0.07, "surface_classification_paving": 0.2, "surface_classification_sett": 0.0, "surface_classification_standing": 0.03, "surface_swisstopo": "paved", "surface_sensebox": "paved", "surface_sensebox_probability": 0.7, "match": "True" }, "geometry": { "type": "Point", "coordinates": [ 8.778214589432123, 47.20137012742785 ] } },
{ "type": "Feature", "properties": { "timestamp": "2026-05-02T11:48:47.997Z", "latitude": 47.201377008216021, "longitude": 8.7782351498848179, "BELAGSART": 100, "surface_classification_asphalt": null, "surface_classification_compacted": null, "surface_classification_paving": null, "surface_classification_sett": null, "surface_classification_standing": null, "surface_swisstopo": "paved", "surface_sensebox": "unknown", "surface_sensebox_probability": 0.0, "match": "Unknown" }, "geometry": { "type": "Point", "coordinates": [ 8.778235158559321, 47.201377018252508 ] } },
{ "type": "Feature", "properties": { "timestamp": "2026-05-02T11:48:48.997Z", "latitude": 47.201375849193525, "longitude": 8.7782601055115101, "BELAGSART": 100, "surface_classification_asphalt": null, "surface_classification_compacted": null, "surface_classification_paving": null, "surface_classification_sett": null, "surface_classification_standing": null, "surface_swisstopo": "paved", "surface_sensebox": "unknown", "surface_sensebox_probability": 0.0, "match": "Unknown" }, "geometry": { "type": "Point", "coordinates": [ 8.778260114186038, 47.201375859230012 ] } },
{ "type": "Feature", "properties": { "timestamp": "2026-05-02T11:48:49.997Z", "latitude": 47.201382638456899, "longitude": 8.778296129382932, "BELAGSART": 100, "surface_classification_asphalt": 0.91, "surface_classification_compacted": 0.06, "surface_classification_paving": 0.02, "surface_classification_sett": 0.0, "surface_classification_standing": 0.0, "surface_swisstopo": "paved", "surface_sensebox": "paved", "surface_sensebox_probability": 0.91, "match": "True" }, "geometry": { "type": "Point", "coordinates": [ 8.778296138057494, 47.201382648493357 ] } },
{ "type": "Feature", "properties": { "timestamp": "2026-05-02T11:48:50.997Z", "latitude": 47.201400618473869, "longitude": 8.7783281823596653, "BELAGSART": 100, "surface_classification_asphalt": null, "surface_classification_compacted": null, "surface_classification_paving": null, "surface_classification_sett": null, "surface_classification_standing": null, "surface_swisstopo": "paved", "surface_sensebox": "unknown", "surface_sensebox_probability": 0.0, "match": "Unknown" }, "geometry": { "type": "Point", "coordinates": [ 8.778328191034255, 47.201400628510328 ] } },
{ "type": "Feature", "properties": { "timestamp": "2026-05-02T11:48:51.997Z", "latitude": 47.201428738246562, "longitude": 8.7783537168623393, "BELAGSART": 100, "surface_classification_asphalt": 0.91, "surface_classification_compacted": 0.04, "surface_classification_paving": 0.03, "surface_classification_sett": 0.01, "surface_classification_standing": 0.02, "surface_swisstopo": "paved", "surface_sensebox": "paved", "surface_sensebox_probability": 0.91, "match": "True" }, "geometry": { "type": "Point", "coordinates": [ 8.778353725536942, 47.20142874828305 ] } },
{ "type": "Feature", "properties": { "timestamp": "2026-05-02T11:48:53.000Z", "latitude": 47.201456233802475, "longitude": 8.7783745517240845, "BELAGSART": 100, "surface_classification_asphalt": null, "surface_classification_compacted": null, "surface_classification_paving": null, "surface_classification_sett": null, "surface_classification_standing": null, "surface_swisstopo": "paved", "surface_sensebox": "unknown", "surface_sensebox_probability": 0.0, "match": "Unknown" }, "geometry": { "type": "Point", "coordinates": [ 8.778374560398699, 47.201456243838976 ] } },
{ "type": "Feature", "properties": { "timestamp": "2026-05-02T11:48:54.000Z", "latitude": 47.201485828428211, "longitude": 8.7783872655414843, "BELAGSART": 100, "surface_classification_asphalt": null, "surface_classification_compacted": null, "surface_classification_paving": null, "surface_classification_sett": null, "surface_classification_standing": null, "surface_swisstopo": "paved", "surface_sensebox": "unknown", "surface_sensebox_probability": 0.0, "match": "Unknown" }, "geometry": { "type": "Point", "coordinates": [ 8.778387274216103, 47.201485838464684 ] } },
{ "type": "Feature", "properties": { "timestamp": "2026-05-02T11:48:56.000Z", "latitude": 47.201542100239607, "longitude": 8.7784140855727575, "BELAGSART": 100, "surface_classification_asphalt": 0.82, "surface_classification_compacted": 0.0, "surface_classification_paving": 0.05, "surface_classification_sett": 0.0, "surface_classification_standing": 0.13, "surface_swisstopo": "paved", "surface_sensebox": "paved", "surface_sensebox_probability": 0.82, "match": "True" }, "geometry": { "type": "Point", "coordinates": [ 8.778414094247381, 47.201542110276108 ] } },
{ "type": "Feature", "properties": { "timestamp": "2026-05-02T11:48:57.000Z", "latitude": 47.201572393649492, "longitude": 8.7784134365556383, "BELAGSART": 100, "surface_classification_asphalt": null, "surface_classification_compacted": null, "surface_classification_paving": null, "surface_classification_sett": null, "surface_classification_standing": null, "surface_swisstopo": "paved", "surface_sensebox": "unknown", "surface_sensebox_probability": 0.0, "match": "Unknown" }, "geometry": { "type": "Point", "coordinates": [ 8.778413445230253, 47.201572403686001 ] } },
{ "type": "Feature", "properties": { "timestamp": "2026-05-02T11:48:58.999Z", "latitude": 47.201624951791594, "longitude": 8.7784208527790746, "BELAGSART": 100, "surface_classification_asphalt": 0.88, "surface_classification_compacted": 0.0, "surface_classification_paving": 0.07, "surface_classification_sett": 0.0, "surface_classification_standing": 0.04, "surface_swisstopo": "paved", "surface_sensebox": "paved", "surface_sensebox_probability": 0.88, "match": "True" }, "geometry": { "type": "Point", "coordinates": [ 8.778420861453679, 47.201624961828109 ] } },
{ "type": "Feature", "properties": { "timestamp": "2026-05-02T11:49:00.000Z", "latitude": 47.201632127477232, "longitude": 8.7784377868073786, "BELAGSART": 100, "surface_classification_asphalt": null, "surface_classification_compacted": null, "surface_classification_paving": null, "surface_classification_sett": null, "surface_classification_standing": null, "surface_swisstopo": "paved", "surface_sensebox": "unknown", "surface_sensebox_probability": 0.0, "match": "Unknown" }, "geometry": { "type": "Point", "coordinates": [ 8.778437795482001, 47.201632137513769 ] } },
{ "type": "Feature", "properties": { "timestamp": "2026-05-02T11:49:01.999Z", "latitude": 47.201666710667993, "longitude": 8.7784290658224471, "BELAGSART": 100, "surface_classification_asphalt": 0.16, "surface_classification_compacted": 0.7, "surface_classification_paving": 0.13, "surface_classification_sett": 0.0, "surface_classification_standing": 0.0, "surface_swisstopo": "paved", "surface_sensebox": "nature", "surface_sensebox_probability": 0.7, "match": "False" }, "geometry": { "type": "Point", "coordinates": [ 8.778429074497048, 47.201666720704551 ] } },
{ "type": "Feature", "properties": { "timestamp": "2026-05-02T11:49:03.000Z", "latitude": 47.201668512335381, "longitude": 8.7784276704706237, "BELAGSART": 100, "surface_classification_asphalt": null, "surface_classification_compacted": null, "surface_classification_paving": null, "surface_classification_sett": null, "surface_classification_standing": null, "surface_swisstopo": "paved", "surface_sensebox": "unknown", "surface_sensebox_probability": 0.0, "match": "Unknown" }, "geometry": { "type": "Point", "coordinates": [ 8.778427679145224, 47.201668522371918 ] } },
{ "type": "Feature", "properties": { "timestamp": "2026-05-02T11:49:04.999Z", "latitude": 47.201672368940159, "longitude": 8.7784119961930696, "BELAGSART": 100, "surface_classification_asphalt": 0.7, "surface_classification_compacted": 0.23, "surface_classification_paving": 0.05, "surface_classification_sett": 0.02, "surface_classification_standing": 0.0, "surface_swisstopo": "paved", "surface_sensebox": "paved", "surface_sensebox_probability": 0.7, "match": "True" }, "geometry": { "type": "Point", "coordinates": [ 8.778412004867652, 47.201672378976717 ] } },
{ "type": "Feature", "properties": { "timestamp": "2026-05-02T11:49:06.000Z", "latitude": 47.201661937787357, "longitude": 8.7784048758099846, "BELAGSART": 100, "surface_classification_asphalt": 0.53, "surface_classification_compacted": 0.03, "surface_classification_paving": 0.27, "surface_classification_sett": 0.01, "surface_classification_standing": 0.16, "surface_swisstopo": "paved", "surface_sensebox": "paved", "surface_sensebox_probability": 0.53, "match": "True" }, "geometry": { "type": "Point", "coordinates": [ 8.778404884484564, 47.201661947823872 ] } },
{ "type": "Feature", "properties": { "timestamp": "2026-05-02T11:49:07.999Z", "latitude": 47.201653055064902, "longitude": 8.7783977820881969, "BELAGSART": 100, "surface_classification_asphalt": null, "surface_classification_compacted": null, "surface_classification_paving": null, "surface_classification_sett": null, "surface_classification_standing": null, "surface_swisstopo": "paved", "surface_sensebox": "unknown", "surface_sensebox_probability": 0.0, "match": "Unknown" }, "geometry": { "type": "Point", "coordinates": [ 8.778397790762773, 47.201653065101439 ] } },
{ "type": "Feature", "properties": { "timestamp": "2026-05-02T11:49:08.999Z", "latitude": 47.201651156529515, "longitude": 8.7783924415576777, "BELAGSART": 100, "surface_classification_asphalt": 0.74, "surface_classification_compacted": 0.01, "surface_classification_paving": 0.0, "surface_classification_sett": 0.11, "surface_classification_standing": 0.14, "surface_swisstopo": "paved", "surface_sensebox": "paved", "surface_sensebox_probability": 0.74, "match": "True" }, "geometry": { "type": "Point", "coordinates": [ 8.778392450232252, 47.201651166566037 ] } },
{ "type": "Feature", "properties": { "timestamp": "2026-05-02T11:49:09.999Z", "latitude": 47.201650655033632, "longitude": 8.778390154469216, "BELAGSART": 100, "surface_classification_asphalt": null, "surface_classification_compacted": null, "surface_classification_paving": null, "surface_classification_sett": null, "surface_classification_standing": null, "surface_swisstopo": "paved", "surface_sensebox": "unknown", "surface_sensebox_probability": 0.0, "match": "Unknown" }, "geometry": { "type": "Point", "coordinates": [ 8.778390163143785, 47.201650665070183 ] } },
{ "type": "Feature", "properties": { "timestamp": "2026-05-02T11:49:10.999Z", "latitude": 47.201649785267819, "longitude": 8.7783853883577887, "BELAGSART": 100, "surface_classification_asphalt": null, "surface_classification_compacted": null, "surface_classification_paving": null, "surface_classification_sett": null, "surface_classification_standing": null, "surface_swisstopo": "paved", "surface_sensebox": "unknown", "surface_sensebox_probability": 0.0, "match": "Unknown" }, "geometry": { "type": "Point", "coordinates": [ 8.778385397032354, 47.201649795304334 ] } },
{ "type": "Feature", "properties": { "timestamp": "2026-05-02T11:49:11.999Z", "latitude": 47.201646150909426, "longitude": 8.7783698506143839, "BELAGSART": 100, "surface_classification_asphalt": 0.0, "surface_classification_compacted": 0.0, "surface_classification_paving": 0.0, "surface_classification_sett": 0.0, "surface_classification_standing": 1.0, "surface_swisstopo": "paved", "surface_sensebox": "unknown", "surface_sensebox_probability": 0.0, "match": "Unknown" }, "geometry": { "type": "Point", "coordinates": [ 8.778369859288931, 47.201646160945977 ] } },
{ "type": "Feature", "properties": { "timestamp": "2026-05-02T11:49:12.999Z", "latitude": 47.201636140202645, "longitude": 8.7783705974984567, "BELAGSART": 100, "surface_classification_asphalt": null, "surface_classification_compacted": null, "surface_classification_paving": null, "surface_classification_sett": null, "surface_classification_standing": null, "surface_swisstopo": "paved", "surface_sensebox": "unknown", "surface_sensebox_probability": 0.0, "match": "Unknown" }, "geometry": { "type": "Point", "coordinates": [ 8.778370606173011, 47.201636150239217 ] } },
{ "type": "Feature", "properties": { "timestamp": "2026-05-02T11:49:13.999Z", "latitude": 47.201628459545603, "longitude": 8.7783453149657191, "BELAGSART": 100, "surface_classification_asphalt": null, "surface_classification_compacted": null, "surface_classification_paving": null, "surface_classification_sett": null, "surface_classification_standing": null, "surface_swisstopo": "paved", "surface_sensebox": "unknown", "surface_sensebox_probability": 0.0, "match": "Unknown" }, "geometry": { "type": "Point", "coordinates": [ 8.77834532364025, 47.201628469582161 ] } },
{ "type": "Feature", "properties": { "timestamp": "2026-05-02T11:49:14.999Z", "latitude": 47.201614296636293, "longitude": 8.7783243395638024, "BELAGSART": 100, "surface_classification_asphalt": 0.0, "surface_classification_compacted": 0.0, "surface_classification_paving": 0.0, "surface_classification_sett": 0.0, "surface_classification_standing": 1.0, "surface_swisstopo": "paved", "surface_sensebox": "unknown", "surface_sensebox_probability": 0.0, "match": "Unknown" }, "geometry": { "type": "Point", "coordinates": [ 8.778324348238316, 47.201614306672845 ] } },
{ "type": "Feature", "properties": { "timestamp": "2026-05-02T11:49:15.999Z", "latitude": 47.20160840660418, "longitude": 8.7783180438889037, "BELAGSART": 100, "surface_classification_asphalt": null, "surface_classification_compacted": null, "surface_classification_paving": null, "surface_classification_sett": null, "surface_classification_standing": null, "surface_swisstopo": "paved", "surface_sensebox": "unknown", "surface_sensebox_probability": 0.0, "match": "Unknown" }, "geometry": { "type": "Point", "coordinates": [ 8.778318052563412, 47.201608416640759 ] } },
{ "type": "Feature", "properties": { "timestamp": "2026-05-02T11:49:16.999Z", "latitude": 47.201613112809582, "longitude": 8.7783172315822977, "BELAGSART": 100, "surface_classification_asphalt": null, "surface_classification_compacted": null, "surface_classification_paving": null, "surface_classification_sett": null, "surface_classification_standing": null, "surface_swisstopo": "paved", "surface_sensebox": "unknown", "surface_sensebox_probability": 0.0, "match": "Unknown" }, "geometry": { "type": "Point", "coordinates": [ 8.778317240256809, 47.201613122846148 ] } },
{ "type": "Feature", "properties": { "timestamp": "2026-05-02T11:49:17.999Z", "latitude": 47.201614953021888, "longitude": 8.778312841592264, "BELAGSART": 100, "surface_classification_asphalt": null, "surface_classification_compacted": null, "surface_classification_paving": null, "surface_classification_sett": null, "surface_classification_standing": null, "surface_swisstopo": "paved", "surface_sensebox": "unknown", "surface_sensebox_probability": 0.0, "match": "Unknown" }, "geometry": { "type": "Point", "coordinates": [ 8.778312850266767, 47.201614963058454 ] } },
{ "type": "Feature", "properties": { "timestamp": "2026-05-02T11:49:18.999Z", "latitude": 47.20161644780412, "longitude": 8.778311017392129, "BELAGSART": 100, "surface_classification_asphalt": null, "surface_classification_compacted": null, "surface_classification_paving": null, "surface_classification_sett": null, "surface_classification_standing": null, "surface_swisstopo": "paved", "surface_sensebox": "unknown", "surface_sensebox_probability": 0.0, "match": "Unknown" }, "geometry": { "type": "Point", "coordinates": [ 8.778311026066628, 47.201616457840672 ] } },
{ "type": "Feature", "properties": { "timestamp": "2026-05-02T11:49:19.999Z", "latitude": 47.201613465928823, "longitude": 8.7783104694610987, "BELAGSART": 100, "surface_classification_asphalt": null, "surface_classification_compacted": null, "surface_classification_paving": null, "surface_classification_sett": null, "surface_classification_standing": null, "surface_swisstopo": "paved", "surface_sensebox": "unknown", "surface_sensebox_probability": 0.0, "match": "Unknown" }, "geometry": { "type": "Point", "coordinates": [ 8.778310478135603, 47.20161347596536 ] } },
{ "type": "Feature", "properties": { "timestamp": "2026-05-02T11:49:20.999Z", "latitude": 47.201610039552918, "longitude": 8.7783185746010428, "BELAGSART": 100, "surface_classification_asphalt": null, "surface_classification_compacted": null, "surface_classification_paving": null, "surface_classification_sett": null, "surface_classification_standing": null, "surface_swisstopo": "paved", "surface_sensebox": "unknown", "surface_sensebox_probability": 0.0, "match": "Unknown" }, "geometry": { "type": "Point", "coordinates": [ 8.77831858327556, 47.201610049589462 ] } },
{ "type": "Feature", "properties": { "timestamp": "2026-05-02T11:49:21.999Z", "latitude": 47.201616147493588, "longitude": 8.778317608336792, "BELAGSART": 100, "surface_classification_asphalt": null, "surface_classification_compacted": null, "surface_classification_paving": null, "surface_classification_sett": null, "surface_classification_standing": null, "surface_swisstopo": "paved", "surface_sensebox": "unknown", "surface_sensebox_probability": 0.0, "match": "Unknown" }, "geometry": { "type": "Point", "coordinates": [ 8.778317617011298, 47.201616157530154 ] } },
{ "type": "Feature", "properties": { "timestamp": "2026-05-02T11:49:22.999Z", "latitude": 47.201619593382034, "longitude": 8.7783281422648631, "BELAGSART": 100, "surface_classification_asphalt": null, "surface_classification_compacted": null, "surface_classification_paving": null, "surface_classification_sett": null, "surface_classification_standing": null, "surface_swisstopo": "paved", "surface_sensebox": "unknown", "surface_sensebox_probability": 0.0, "match": "Unknown" }, "geometry": { "type": "Point", "coordinates": [ 8.778328150939382, 47.201619603418585 ] } },
{ "type": "Feature", "properties": { "timestamp": "2026-05-02T11:49:23.999Z", "latitude": 47.201616319345064, "longitude": 8.7783294993080077, "BELAGSART": 100, "surface_classification_asphalt": null, "surface_classification_compacted": null, "surface_classification_paving": null, "surface_classification_sett": null, "surface_classification_standing": null, "surface_swisstopo": "paved", "surface_sensebox": "unknown", "surface_sensebox_probability": 0.0, "match": "Unknown" }, "geometry": { "type": "Point", "coordinates": [ 8.77832950798253, 47.201616329381629 ] } },
{ "type": "Feature", "properties": { "timestamp": "2026-05-02T11:49:24.999Z", "latitude": 47.201623493287016, "longitude": 8.7783274151404935, "BELAGSART": 100, "surface_classification_asphalt": null, "surface_classification_compacted": null, "surface_classification_paving": null, "surface_classification_sett": null, "surface_classification_standing": null, "surface_swisstopo": "paved", "surface_sensebox": "unknown", "surface_sensebox_probability": 0.0, "match": "Unknown" }, "geometry": { "type": "Point", "coordinates": [ 8.778327423815009, 47.201623503323603 ] } },
{ "type": "Feature", "properties": { "timestamp": "2026-05-02T11:49:25.999Z", "latitude": 47.201623540666155, "longitude": 8.7783278195833372, "BELAGSART": 100, "surface_classification_asphalt": null, "surface_classification_compacted": null, "surface_classification_paving": null, "surface_classification_sett": null, "surface_classification_standing": null, "surface_swisstopo": "paved", "surface_sensebox": "unknown", "surface_sensebox_probability": 0.0, "match": "Unknown" }, "geometry": { "type": "Point", "coordinates": [ 8.778327828257851, 47.201623550702685 ] } },
{ "type": "Feature", "properties": { "timestamp": "2026-05-02T11:49:26.999Z", "latitude": 47.201589031836953, "longitude": 8.7783410010323841, "BELAGSART": 100, "surface_classification_asphalt": null, "surface_classification_compacted": null, "surface_classification_paving": null, "surface_classification_sett": null, "surface_classification_standing": null, "surface_swisstopo": "paved", "surface_sensebox": "unknown", "surface_sensebox_probability": 0.0, "match": "Unknown" }, "geometry": { "type": "Point", "coordinates": [ 8.778341009706924, 47.201589041873476 ] } },
{ "type": "Feature", "properties": { "timestamp": "2026-05-02T11:49:27.999Z", "latitude": 47.20158680847819, "longitude": 8.7783378109068586, "BELAGSART": 100, "surface_classification_asphalt": null, "surface_classification_compacted": null, "surface_classification_paving": null, "surface_classification_sett": null, "surface_classification_standing": null, "surface_swisstopo": "paved", "surface_sensebox": "unknown", "surface_sensebox_probability": 0.0, "match": "Unknown" }, "geometry": { "type": "Point", "coordinates": [ 8.778337819581395, 47.201586818514755 ] } },
{ "type": "Feature", "properties": { "timestamp": "2026-05-02T11:49:28.999Z", "latitude": 47.201578430503005, "longitude": 8.7783416155871965, "BELAGSART": 100, "surface_classification_asphalt": null, "surface_classification_compacted": null, "surface_classification_paving": null, "surface_classification_sett": null, "surface_classification_standing": null, "surface_swisstopo": "paved", "surface_sensebox": "unknown", "surface_sensebox_probability": 0.0, "match": "Unknown" }, "geometry": { "type": "Point", "coordinates": [ 8.778341624261742, 47.201578440539556 ] } },
{ "type": "Feature", "properties": { "timestamp": "2026-05-02T11:49:29.999Z", "latitude": 47.201593694307967, "longitude": 8.778352895493267, "BELAGSART": 100, "surface_classification_asphalt": null, "surface_classification_compacted": null, "surface_classification_paving": null, "surface_classification_sett": null, "surface_classification_standing": null, "surface_swisstopo": "paved", "surface_sensebox": "unknown", "surface_sensebox_probability": 0.0, "match": "Unknown" }, "geometry": { "type": "Point", "coordinates": [ 8.778352904167821, 47.201593704344511 ] } },
{ "type": "Feature", "properties": { "timestamp": "2026-05-02T11:49:30.999Z", "latitude": 47.201594266009685, "longitude": 8.7783531497259961, "BELAGSART": 100, "surface_classification_asphalt": null, "surface_classification_compacted": null, "surface_classification_paving": null, "surface_classification_sett": null, "surface_classification_standing": null, "surface_swisstopo": "paved", "surface_sensebox": "unknown", "surface_sensebox_probability": 0.0, "match": "Unknown" }, "geometry": { "type": "Point", "coordinates": [ 8.778353158400551, 47.201594276046222 ] } },
{ "type": "Feature", "properties": { "timestamp": "2026-05-02T11:49:31.999Z", "latitude": 47.201594266009685, "longitude": 8.7783531497259961, "BELAGSART": 100, "surface_classification_asphalt": null, "surface_classification_compacted": null, "surface_classification_paving": null, "surface_classification_sett": null, "surface_classification_standing": null, "surface_swisstopo": "paved", "surface_sensebox": "unknown", "surface_sensebox_probability": 0.0, "match": "Unknown" }, "geometry": { "type": "Point", "coordinates": [ 8.778353158400551, 47.201594276046222 ] } },
{ "type": "Feature", "properties": { "timestamp": "2026-05-02T11:49:32.999Z", "latitude": 47.201583317471645, "longitude": 8.7783484606721771, "BELAGSART": 100, "surface_classification_asphalt": null, "surface_classification_compacted": null, "surface_classification_paving": null, "surface_classification_sett": null, "surface_classification_standing": null, "surface_swisstopo": "paved", "surface_sensebox": "unknown", "surface_sensebox_probability": 0.0, "match": "Unknown" }, "geometry": { "type": "Point", "coordinates": [ 8.778348469346726, 47.20158332750821 ] } },
{ "type": "Feature", "properties": { "timestamp": "2026-05-02T11:49:33.999Z", "latitude": 47.201583434043215, "longitude": 8.7783484101111426, "BELAGSART": 100, "surface_classification_asphalt": null, "surface_classification_compacted": null, "surface_classification_paving": null, "surface_classification_sett": null, "surface_classification_standing": null, "surface_swisstopo": "paved", "surface_sensebox": "unknown", "surface_sensebox_probability": 0.0, "match": "Unknown" }, "geometry": { "type": "Point", "coordinates": [ 8.778348418785688, 47.201583444079731 ] } },
{ "type": "Feature", "properties": { "timestamp": "2026-05-02T11:49:34.999Z", "latitude": 47.201573718904726, "longitude": 8.7783462101156946, "BELAGSART": 100, "surface_classification_asphalt": null, "surface_classification_compacted": null, "surface_classification_paving": null, "surface_classification_sett": null, "surface_classification_standing": null, "surface_swisstopo": "paved", "surface_sensebox": "unknown", "surface_sensebox_probability": 0.0, "match": "Unknown" }, "geometry": { "type": "Point", "coordinates": [ 8.778346218790249, 47.201573728941241 ] } },
{ "type": "Feature", "properties": { "timestamp": "2026-05-02T11:49:35.999Z", "latitude": 47.201569865633218, "longitude": 8.778340627308058, "BELAGSART": 100, "surface_classification_asphalt": null, "surface_classification_compacted": null, "surface_classification_paving": null, "surface_classification_sett": null, "surface_classification_standing": null, "surface_swisstopo": "paved", "surface_sensebox": "unknown", "surface_sensebox_probability": 0.0, "match": "Unknown" }, "geometry": { "type": "Point", "coordinates": [ 8.778340635982605, 47.201569875669769 ] } },
{ "type": "Feature", "properties": { "timestamp": "2026-05-02T11:49:36.999Z", "latitude": 47.201569975293182, "longitude": 8.7783407725418954, "BELAGSART": 100, "surface_classification_asphalt": null, "surface_classification_compacted": null, "surface_classification_paving": null, "surface_classification_sett": null, "surface_classification_standing": null, "surface_swisstopo": "paved", "surface_sensebox": "unknown", "surface_sensebox_probability": 0.0, "match": "Unknown" }, "geometry": { "type": "Point", "coordinates": [ 8.778340781216439, 47.201569985329691 ] } },
{ "type": "Feature", "properties": { "timestamp": "2026-05-02T11:49:37.999Z", "latitude": 47.201569975293182, "longitude": 8.7783407725418954, "BELAGSART": 100, "surface_classification_asphalt": null, "surface_classification_compacted": null, "surface_classification_paving": null, "surface_classification_sett": null, "surface_classification_standing": null, "surface_swisstopo": "paved", "surface_sensebox": "unknown", "surface_sensebox_probability": 0.0, "match": "Unknown" }, "geometry": { "type": "Point", "coordinates": [ 8.778340781216439, 47.201569985329691 ] } },
{ "type": "Feature", "properties": { "timestamp": "2026-05-02T11:49:38.999Z", "latitude": 47.201569975293182, "longitude": 8.7783407725418954, "BELAGSART": 100, "surface_classification_asphalt": null, "surface_classification_compacted": null, "surface_classification_paving": null, "surface_classification_sett": null, "surface_classification_standing": null, "surface_swisstopo": "paved", "surface_sensebox": "unknown", "surface_sensebox_probability": 0.0, "match": "Unknown" }, "geometry": { "type": "Point", "coordinates": [ 8.778340781216439, 47.201569985329691 ] } },
{ "type": "Feature", "properties": { "timestamp": "2026-05-02T11:49:39.999Z", "latitude": 47.201569975293182, "longitude": 8.7783407725418954, "BELAGSART": 100, "surface_classification_asphalt": null, "surface_classification_compacted": null, "surface_classification_paving": null, "surface_classification_sett": null, "surface_classification_standing": null, "surface_swisstopo": "paved", "surface_sensebox": "unknown", "surface_sensebox_probability": 0.0, "match": "Unknown" }, "geometry": { "type": "Point", "coordinates": [ 8.778340781216439, 47.201569985329691 ] } },
{ "type": "Feature", "properties": { "timestamp": "2026-05-02T11:49:42.998Z", "latitude": 47.201532111898118, "longitude": 8.7782589916255809, "BELAGSART": 100, "surface_classification_asphalt": null, "surface_classification_compacted": null, "surface_classification_paving": null, "surface_classification_sett": null, "surface_classification_standing": null, "surface_swisstopo": "paved", "surface_sensebox": "unknown", "surface_sensebox_probability": 0.0, "match": "Unknown" }, "geometry": { "type": "Point", "coordinates": [ 8.778259000300061, 47.201532121934676 ] } },
{ "type": "Feature", "properties": { "timestamp": "2026-05-02T11:49:43.998Z", "latitude": 47.201532067786317, "longitude": 8.77825560644159, "BELAGSART": 100, "surface_classification_asphalt": null, "surface_classification_compacted": null, "surface_classification_paving": null, "surface_classification_sett": null, "surface_classification_standing": null, "surface_swisstopo": "paved", "surface_sensebox": "unknown", "surface_sensebox_probability": 0.0, "match": "Unknown" }, "geometry": { "type": "Point", "coordinates": [ 8.778255615116072, 47.201532077822868 ] } },
{ "type": "Feature", "properties": { "timestamp": "2026-05-02T11:49:44.998Z", "latitude": 47.201532029981131, "longitude": 8.778255228837498, "BELAGSART": 100, "surface_classification_asphalt": null, "surface_classification_compacted": null, "surface_classification_paving": null, "surface_classification_sett": null, "surface_classification_standing": null, "surface_swisstopo": "paved", "surface_sensebox": "unknown", "surface_sensebox_probability": 0.0, "match": "Unknown" }, "geometry": { "type": "Point", "coordinates": [ 8.778255237511976, 47.201532040017682 ] } },
{ "type": "Feature", "properties": { "timestamp": "2026-05-02T11:49:45.998Z", "latitude": 47.201529789386704, "longitude": 8.7782601385124561, "BELAGSART": 100, "surface_classification_asphalt": null, "surface_classification_compacted": null, "surface_classification_paving": null, "surface_classification_sett": null, "surface_classification_standing": null, "surface_swisstopo": "paved", "surface_sensebox": "unknown", "surface_sensebox_probability": 0.0, "match": "Unknown" }, "geometry": { "type": "Point", "coordinates": [ 8.778260147186932, 47.201529799423255 ] } },
{ "type": "Feature", "properties": { "timestamp": "2026-05-02T11:49:46.998Z", "latitude": 47.201528501151522, "longitude": 8.7782313442912088, "BELAGSART": 100, "surface_classification_asphalt": null, "surface_classification_compacted": null, "surface_classification_paving": null, "surface_classification_sett": null, "surface_classification_standing": null, "surface_swisstopo": "paved", "surface_sensebox": "unknown", "surface_sensebox_probability": 0.0, "match": "Unknown" }, "geometry": { "type": "Point", "coordinates": [ 8.778231352965664, 47.201528511188073 ] } },
{ "type": "Feature", "properties": { "timestamp": "2026-05-02T11:49:47.998Z", "latitude": 47.201602911110783, "longitude": 8.7782060285670713, "BELAGSART": 100, "surface_classification_asphalt": null, "surface_classification_compacted": null, "surface_classification_paving": null, "surface_classification_sett": null, "surface_classification_standing": null, "surface_swisstopo": "paved", "surface_sensebox": "unknown", "surface_sensebox_probability": 0.0, "match": "Unknown" }, "geometry": { "type": "Point", "coordinates": [ 8.77820603724148, 47.201602921147376 ] } },
{ "type": "Feature", "properties": { "timestamp": "2026-05-02T11:49:48.998Z", "latitude": 47.201607066395098, "longitude": 8.7781941025218337, "BELAGSART": 100, "surface_classification_asphalt": null, "surface_classification_compacted": null, "surface_classification_paving": null, "surface_classification_sett": null, "surface_classification_standing": null, "surface_swisstopo": "paved", "surface_sensebox": "unknown", "surface_sensebox_probability": 0.0, "match": "Unknown" }, "geometry": { "type": "Point", "coordinates": [ 8.77819411119623, 47.201607076431678 ] } },
{ "type": "Feature", "properties": { "timestamp": "2026-05-02T11:49:49.998Z", "latitude": 47.20159955992181, "longitude": 8.7781922607249001, "BELAGSART": 100, "surface_classification_asphalt": null, "surface_classification_compacted": null, "surface_classification_paving": null, "surface_classification_sett": null, "surface_classification_standing": null, "surface_swisstopo": "paved", "surface_sensebox": "unknown", "surface_sensebox_probability": 0.0, "match": "Unknown" }, "geometry": { "type": "Point", "coordinates": [ 8.778192269399288, 47.201599569958383 ] } },
{ "type": "Feature", "properties": { "timestamp": "2026-05-02T11:49:50.998Z", "latitude": 47.201600661514327, "longitude": 8.7781893266946494, "BELAGSART": 100, "surface_classification_asphalt": null, "surface_classification_compacted": null, "surface_classification_paving": null, "surface_classification_sett": null, "surface_classification_standing": null, "surface_swisstopo": "paved", "surface_sensebox": "unknown", "surface_sensebox_probability": 0.0, "match": "Unknown" }, "geometry": { "type": "Point", "coordinates": [ 8.778189335369039, 47.201600671550921 ] } },
{ "type": "Feature", "properties": { "timestamp": "2026-05-02T11:49:52.019Z", "latitude": 47.201610690676794, "longitude": 8.7781710323824971, "BELAGSART": 100, "surface_classification_asphalt": null, "surface_classification_compacted": null, "surface_classification_paving": null, "surface_classification_sett": null, "surface_classification_standing": null, "surface_swisstopo": "paved", "surface_sensebox": "unknown", "surface_sensebox_probability": 0.0, "match": "Unknown" }, "geometry": { "type": "Point", "coordinates": [ 8.778171041056869, 47.201610700713395 ] } },
{ "type": "Feature", "properties": { "timestamp": "2026-05-02T11:49:53.020Z", "latitude": 47.201606484902108, "longitude": 8.7781775099909556, "BELAGSART": 100, "surface_classification_asphalt": null, "surface_classification_compacted": null, "surface_classification_paving": null, "surface_classification_sett": null, "surface_classification_standing": null, "surface_swisstopo": "paved", "surface_sensebox": "unknown", "surface_sensebox_probability": 0.0, "match": "Unknown" }, "geometry": { "type": "Point", "coordinates": [ 8.778177518665334, 47.201606494938709 ] } },
{ "type": "Feature", "properties": { "timestamp": "2026-05-02T11:49:54.021Z", "latitude": 47.201606484902108, "longitude": 8.7781775099909556, "BELAGSART": 100, "surface_classification_asphalt": null, "surface_classification_compacted": null, "surface_classification_paving": null, "surface_classification_sett": null, "surface_classification_standing": null, "surface_swisstopo": "paved", "surface_sensebox": "unknown", "surface_sensebox_probability": 0.0, "match": "Unknown" }, "geometry": { "type": "Point", "coordinates": [ 8.778177518665334, 47.201606494938709 ] } },
{ "type": "Feature", "properties": { "timestamp": "2026-05-02T11:50:00.022Z", "latitude": 47.201755391541717, "longitude": 8.7784120820114122, "BELAGSART": 100, "surface_classification_asphalt": null, "surface_classification_compacted": null, "surface_classification_paving": null, "surface_classification_sett": null, "surface_classification_standing": null, "surface_swisstopo": "paved", "surface_sensebox": "unknown", "surface_sensebox_probability": 0.0, "match": "Unknown" }, "geometry": { "type": "Point", "coordinates": [ 8.778412090685963, 47.201755401578268 ] } },
{ "type": "Feature", "properties": { "timestamp": "2026-05-02T11:50:14.998Z", "latitude": 47.201636175519496, "longitude": 8.7783210172708426, "BELAGSART": 100, "surface_classification_asphalt": null, "surface_classification_compacted": null, "surface_classification_paving": null, "surface_classification_sett": null, "surface_classification_standing": null, "surface_swisstopo": "paved", "surface_sensebox": "unknown", "surface_sensebox_probability": 0.0, "match": "Unknown" }, "geometry": { "type": "Point", "coordinates": [ 8.778321025945351, 47.201636185556033 ] } },
{ "type": "Feature", "properties": { "timestamp": "2026-05-02T11:50:15.998Z", "latitude": 47.201623677090154, "longitude": 8.7782980118578493, "BELAGSART": 100, "surface_classification_asphalt": null, "surface_classification_compacted": null, "surface_classification_paving": null, "surface_classification_sett": null, "surface_classification_standing": null, "surface_swisstopo": "paved", "surface_sensebox": "unknown", "surface_sensebox_probability": 0.0, "match": "Unknown" }, "geometry": { "type": "Point", "coordinates": [ 8.77829802053234, 47.201623687126727 ] } },
{ "type": "Feature", "properties": { "timestamp": "2026-05-02T11:50:16.998Z", "latitude": 47.201652181134527, "longitude": 8.7782962390432164, "BELAGSART": 100, "surface_classification_asphalt": null, "surface_classification_compacted": null, "surface_classification_paving": null, "surface_classification_sett": null, "surface_classification_standing": null, "surface_swisstopo": "paved", "surface_sensebox": "unknown", "surface_sensebox_probability": 0.0, "match": "Unknown" }, "geometry": { "type": "Point", "coordinates": [ 8.778296247717693, 47.201652191171092 ] } },
{ "type": "Feature", "properties": { "timestamp": "2026-05-02T11:50:17.998Z", "latitude": 47.201582791937362, "longitude": 8.7783233929776685, "BELAGSART": 100, "surface_classification_asphalt": null, "surface_classification_compacted": null, "surface_classification_paving": null, "surface_classification_sett": null, "surface_classification_standing": null, "surface_swisstopo": "paved", "surface_sensebox": "unknown", "surface_sensebox_probability": 0.0, "match": "Unknown" }, "geometry": { "type": "Point", "coordinates": [ 8.778323401652193, 47.201582801973906 ] } },
{ "type": "Feature", "properties": { "timestamp": "2026-05-02T11:50:18.998Z", "latitude": 47.201586409981658, "longitude": 8.7783146874946549, "BELAGSART": 100, "surface_classification_asphalt": null, "surface_classification_compacted": null, "surface_classification_paving": null, "surface_classification_sett": null, "surface_classification_standing": null, "surface_swisstopo": "paved", "surface_sensebox": "unknown", "surface_sensebox_probability": 0.0, "match": "Unknown" }, "geometry": { "type": "Point", "coordinates": [ 8.77831469616917, 47.201586420018174 ] } },
{ "type": "Feature", "properties": { "timestamp": "2026-05-02T11:50:19.998Z", "latitude": 47.201582822761488, "longitude": 8.7783423637778792, "BELAGSART": 100, "surface_classification_asphalt": null, "surface_classification_compacted": null, "surface_classification_paving": null, "surface_classification_sett": null, "surface_classification_standing": null, "surface_swisstopo": "paved", "surface_sensebox": "unknown", "surface_sensebox_probability": 0.0, "match": "Unknown" }, "geometry": { "type": "Point", "coordinates": [ 8.778342372452419, 47.20158283279801 ] } },
{ "type": "Feature", "properties": { "timestamp": "2026-05-02T11:50:20.998Z", "latitude": 47.201582920179391, "longitude": 8.7783403905846225, "BELAGSART": 100, "surface_classification_asphalt": null, "surface_classification_compacted": null, "surface_classification_paving": null, "surface_classification_sett": null, "surface_classification_standing": null, "surface_swisstopo": "paved", "surface_sensebox": "unknown", "surface_sensebox_probability": 0.0, "match": "Unknown" }, "geometry": { "type": "Point", "coordinates": [ 8.778340399259163, 47.201582930215963 ] } },
{ "type": "Feature", "properties": { "timestamp": "2026-05-02T11:50:22.997Z", "latitude": 47.201561435924631, "longitude": 8.7783076458146923, "BELAGSART": 100, "surface_classification_asphalt": null, "surface_classification_compacted": null, "surface_classification_paving": null, "surface_classification_sett": null, "surface_classification_standing": null, "surface_swisstopo": "paved", "surface_sensebox": "unknown", "surface_sensebox_probability": 0.0, "match": "Unknown" }, "geometry": { "type": "Point", "coordinates": [ 8.778307654489211, 47.201561445961154 ] } },
{ "type": "Feature", "properties": { "timestamp": "2026-05-02T11:50:23.997Z", "latitude": 47.201524390369592, "longitude": 8.7783196123686693, "BELAGSART": 100, "surface_classification_asphalt": null, "surface_classification_compacted": null, "surface_classification_paving": null, "surface_classification_sett": null, "surface_classification_standing": null, "surface_swisstopo": "paved", "surface_sensebox": "unknown", "surface_sensebox_probability": 0.0, "match": "Unknown" }, "geometry": { "type": "Point", "coordinates": [ 8.778319621043211, 47.201524400406122 ] } },
{ "type": "Feature", "properties": { "timestamp": "2026-05-02T11:50:24.997Z", "latitude": 47.201524648446984, "longitude": 8.7783217752585987, "BELAGSART": 100, "surface_classification_asphalt": null, "surface_classification_compacted": null, "surface_classification_paving": null, "surface_classification_sett": null, "surface_classification_standing": null, "surface_swisstopo": "paved", "surface_sensebox": "unknown", "surface_sensebox_probability": 0.0, "match": "Unknown" }, "geometry": { "type": "Point", "coordinates": [ 8.778321783933137, 47.2015246584835 ] } },
{ "type": "Feature", "properties": { "timestamp": "2026-05-02T11:50:25.997Z", "latitude": 47.201524648446984, "longitude": 8.7783217752585987, "BELAGSART": 100, "surface_classification_asphalt": null, "surface_classification_compacted": null, "surface_classification_paving": null, "surface_classification_sett": null, "surface_classification_standing": null, "surface_swisstopo": "paved", "surface_sensebox": "unknown", "surface_sensebox_probability": 0.0, "match": "Unknown" }, "geometry": { "type": "Point", "coordinates": [ 8.778321783933137, 47.2015246584835 ] } },
{ "type": "Feature", "properties": { "timestamp": "2026-05-02T11:50:26.997Z", "latitude": 47.201524648446984, "longitude": 8.7783217752585987, "BELAGSART": 100, "surface_classification_asphalt": null, "surface_classification_compacted": null, "surface_classification_paving": null, "surface_classification_sett": null, "surface_classification_standing": null, "surface_swisstopo": "paved", "surface_sensebox": "unknown", "surface_sensebox_probability": 0.0, "match": "Unknown" }, "geometry": { "type": "Point", "coordinates": [ 8.778321783933137, 47.2015246584835 ] } },
{ "type": "Feature", "properties": { "timestamp": "2026-05-02T11:50:29.997Z", "latitude": 47.201479638491655, "longitude": 8.7783269715590109, "BELAGSART": 100, "surface_classification_asphalt": null, "surface_classification_compacted": null, "surface_classification_paving": null, "surface_classification_sett": null, "surface_classification_standing": null, "surface_swisstopo": "paved", "surface_sensebox": "unknown", "surface_sensebox_probability": 0.0, "match": "Unknown" }, "geometry": { "type": "Point", "coordinates": [ 8.778326980233571, 47.201479648528164 ] } },
{ "type": "Feature", "properties": { "timestamp": "2026-05-02T11:50:30.997Z", "latitude": 47.201481826786242, "longitude": 8.7783456264984849, "BELAGSART": 100, "surface_classification_asphalt": null, "surface_classification_compacted": null, "surface_classification_paving": null, "surface_classification_sett": null, "surface_classification_standing": null, "surface_swisstopo": "paved", "surface_sensebox": "unknown", "surface_sensebox_probability": 0.0, "match": "Unknown" }, "geometry": { "type": "Point", "coordinates": [ 8.778345635173059, 47.201481836822744 ] } },
{ "type": "Feature", "properties": { "timestamp": "2026-05-02T11:50:31.997Z", "latitude": 47.201476017803493, "longitude": 8.778337875383448, "BELAGSART": 100, "surface_classification_asphalt": null, "surface_classification_compacted": null, "surface_classification_paving": null, "surface_classification_sett": null, "surface_classification_standing": null, "surface_swisstopo": "paved", "surface_sensebox": "unknown", "surface_sensebox_probability": 0.0, "match": "Unknown" }, "geometry": { "type": "Point", "coordinates": [ 8.778337884058018, 47.201476027839973 ] } },
{ "type": "Feature", "properties": { "timestamp": "2026-05-02T11:50:32.997Z", "latitude": 47.201473339175372, "longitude": 8.778333187233418, "BELAGSART": 100, "surface_classification_asphalt": null, "surface_classification_compacted": null, "surface_classification_paving": null, "surface_classification_sett": null, "surface_classification_standing": null, "surface_swisstopo": "paved", "surface_sensebox": "unknown", "surface_sensebox_probability": 0.0, "match": "Unknown" }, "geometry": { "type": "Point", "coordinates": [ 8.778333195907985, 47.201473349211838 ] } },
{ "type": "Feature", "properties": { "timestamp": "2026-05-02T11:50:33.997Z", "latitude": 47.201456978243129, "longitude": 8.7783190044766162, "BELAGSART": 100, "surface_classification_asphalt": null, "surface_classification_compacted": null, "surface_classification_paving": null, "surface_classification_sett": null, "surface_classification_standing": null, "surface_swisstopo": "paved", "surface_sensebox": "unknown", "surface_sensebox_probability": 0.0, "match": "Unknown" }, "geometry": { "type": "Point", "coordinates": [ 8.778319013151179, 47.201456988279595 ] } },
{ "type": "Feature", "properties": { "timestamp": "2026-05-02T11:50:34.997Z", "latitude": 47.201450796847553, "longitude": 8.7783111366149029, "BELAGSART": 100, "surface_classification_asphalt": null, "surface_classification_compacted": null, "surface_classification_paving": null, "surface_classification_sett": null, "surface_classification_standing": null, "surface_swisstopo": "paved", "surface_sensebox": "unknown", "surface_sensebox_probability": 0.0, "match": "Unknown" }, "geometry": { "type": "Point", "coordinates": [ 8.778311145289457, 47.201450806884054 ] } },
{ "type": "Feature", "properties": { "timestamp": "2026-05-02T11:50:35.997Z", "latitude": 47.201447758297327, "longitude": 8.7783284776985582, "BELAGSART": 100, "surface_classification_asphalt": null, "surface_classification_compacted": null, "surface_classification_paving": null, "surface_classification_sett": null, "surface_classification_standing": null, "surface_swisstopo": "paved", "surface_sensebox": "unknown", "surface_sensebox_probability": 0.0, "match": "Unknown" }, "geometry": { "type": "Point", "coordinates": [ 8.77832848637313, 47.201447768333828 ] } },
{ "type": "Feature", "properties": { "timestamp": "2026-05-02T11:50:36.997Z", "latitude": 47.201460543387178, "longitude": 8.7783409787735884, "BELAGSART": 100, "surface_classification_asphalt": null, "surface_classification_compacted": null, "surface_classification_paving": null, "surface_classification_sett": null, "surface_classification_standing": null, "surface_swisstopo": "paved", "surface_sensebox": "unknown", "surface_sensebox_probability": 0.0, "match": "Unknown" }, "geometry": { "type": "Point", "coordinates": [ 8.778340987448164, 47.201460553423658 ] } },
{ "type": "Feature", "properties": { "timestamp": "2026-05-02T11:50:37.997Z", "latitude": 47.201461124034154, "longitude": 8.7783419544657555, "BELAGSART": 100, "surface_classification_asphalt": null, "surface_classification_compacted": null, "surface_classification_paving": null, "surface_classification_sett": null, "surface_classification_standing": null, "surface_swisstopo": "paved", "surface_sensebox": "unknown", "surface_sensebox_probability": 0.0, "match": "Unknown" }, "geometry": { "type": "Point", "coordinates": [ 8.778341963140335, 47.201461134070627 ] } },
{ "type": "Feature", "properties": { "timestamp": "2026-05-02T11:50:38.997Z", "latitude": 47.201461124034154, "longitude": 8.7783419544657555, "BELAGSART": 100, "surface_classification_asphalt": null, "surface_classification_compacted": null, "surface_classification_paving": null, "surface_classification_sett": null, "surface_classification_standing": null, "surface_swisstopo": "paved", "surface_sensebox": "unknown", "surface_sensebox_probability": 0.0, "match": "Unknown" }, "geometry": { "type": "Point", "coordinates": [ 8.778341963140335, 47.201461134070627 ] } },
{ "type": "Feature", "properties": { "timestamp": "2026-05-02T11:50:39.997Z", "latitude": 47.201439544476372, "longitude": 8.7783577075411046, "BELAGSART": 100, "surface_classification_asphalt": null, "surface_classification_compacted": null, "surface_classification_paving": null, "surface_classification_sett": null, "surface_classification_standing": null, "surface_swisstopo": "paved", "surface_sensebox": "unknown", "surface_sensebox_probability": 0.0, "match": "Unknown" }, "geometry": { "type": "Point", "coordinates": [ 8.778357716215703, 47.201439554512817 ] } },
{ "type": "Feature", "properties": { "timestamp": "2026-05-02T11:50:40.997Z", "latitude": 47.201451805711507, "longitude": 8.7783515095961508, "BELAGSART": 100, "surface_classification_asphalt": null, "surface_classification_compacted": null, "surface_classification_paving": null, "surface_classification_sett": null, "surface_classification_standing": null, "surface_swisstopo": "paved", "surface_sensebox": "unknown", "surface_sensebox_probability": 0.0, "match": "Unknown" }, "geometry": { "type": "Point", "coordinates": [ 8.778351518270743, 47.201451815748015 ] } },
{ "type": "Feature", "properties": { "timestamp": "2026-05-02T11:50:41.997Z", "latitude": 47.201459414379919, "longitude": 8.7783488603797686, "BELAGSART": 100, "surface_classification_asphalt": null, "surface_classification_compacted": null, "surface_classification_paving": null, "surface_classification_sett": null, "surface_classification_standing": null, "surface_swisstopo": "paved", "surface_sensebox": "unknown", "surface_sensebox_probability": 0.0, "match": "Unknown" }, "geometry": { "type": "Point", "coordinates": [ 8.778348869054355, 47.20145942441642 ] } },
{ "type": "Feature", "properties": { "timestamp": "2026-05-02T11:50:42.997Z", "latitude": 47.201460207829385, "longitude": 8.7783492159632388, "BELAGSART": 100, "surface_classification_asphalt": null, "surface_classification_compacted": null, "surface_classification_paving": null, "surface_classification_sett": null, "surface_classification_standing": null, "surface_swisstopo": "paved", "surface_sensebox": "unknown", "surface_sensebox_probability": 0.0, "match": "Unknown" }, "geometry": { "type": "Point", "coordinates": [ 8.778349224637831, 47.201460217865872 ] } },
{ "type": "Feature", "properties": { "timestamp": "2026-05-02T11:50:43.997Z", "latitude": 47.201460207829385, "longitude": 8.7783492159632388, "BELAGSART": 100, "surface_classification_asphalt": null, "surface_classification_compacted": null, "surface_classification_paving": null, "surface_classification_sett": null, "surface_classification_standing": null, "surface_swisstopo": "paved", "surface_sensebox": "unknown", "surface_sensebox_probability": 0.0, "match": "Unknown" }, "geometry": { "type": "Point", "coordinates": [ 8.778349224637831, 47.201460217865872 ] } },
{ "type": "Feature", "properties": { "timestamp": "2026-05-02T11:50:44.997Z", "latitude": 47.201460207829385, "longitude": 8.7783492159632388, "BELAGSART": 100, "surface_classification_asphalt": null, "surface_classification_compacted": null, "surface_classification_paving": null, "surface_classification_sett": null, "surface_classification_standing": null, "surface_swisstopo": "paved", "surface_sensebox": "unknown", "surface_sensebox_probability": 0.0, "match": "Unknown" }, "geometry": { "type": "Point", "coordinates": [ 8.778349224637831, 47.201460217865872 ] } },
{ "type": "Feature", "properties": { "timestamp": "2026-05-02T11:50:45.997Z", "latitude": 47.201419634086456, "longitude": 8.7783617772501898, "BELAGSART": 100, "surface_classification_asphalt": null, "surface_classification_compacted": null, "surface_classification_paving": null, "surface_classification_sett": null, "surface_classification_standing": null, "surface_swisstopo": "paved", "surface_sensebox": "unknown", "surface_sensebox_probability": 0.0, "match": "Unknown" }, "geometry": { "type": "Point", "coordinates": [ 8.778361785924803, 47.201419644122943 ] } },
{ "type": "Feature", "properties": { "timestamp": "2026-05-02T11:50:46.997Z", "latitude": 47.201419673922288, "longitude": 8.7783618532483292, "BELAGSART": 100, "surface_classification_asphalt": null, "surface_classification_compacted": null, "surface_classification_paving": null, "surface_classification_sett": null, "surface_classification_standing": null, "surface_swisstopo": "paved", "surface_sensebox": "unknown", "surface_sensebox_probability": 0.0, "match": "Unknown" }, "geometry": { "type": "Point", "coordinates": [ 8.778361861922946, 47.201419683958775 ] } },
{ "type": "Feature", "properties": { "timestamp": "2026-05-02T11:50:48.997Z", "latitude": 47.201454317261557, "longitude": 8.7783952868154422, "BELAGSART": 100, "surface_classification_asphalt": null, "surface_classification_compacted": null, "surface_classification_paving": null, "surface_classification_sett": null, "surface_classification_standing": null, "surface_swisstopo": "paved", "surface_sensebox": "unknown", "surface_sensebox_probability": 0.0, "match": "Unknown" }, "geometry": { "type": "Point", "coordinates": [ 8.778395295490077, 47.20145432729808 ] } },
{ "type": "Feature", "properties": { "timestamp": "2026-05-02T11:50:49.997Z", "latitude": 47.201459794947453, "longitude": 8.7783955551891726, "BELAGSART": 100, "surface_classification_asphalt": null, "surface_classification_compacted": null, "surface_classification_paving": null, "surface_classification_sett": null, "surface_classification_standing": null, "surface_swisstopo": "paved", "surface_sensebox": "unknown", "surface_sensebox_probability": 0.0, "match": "Unknown" }, "geometry": { "type": "Point", "coordinates": [ 8.778395563863807, 47.201459804983955 ] } },
{ "type": "Feature", "properties": { "timestamp": "2026-05-02T11:50:50.997Z", "latitude": 47.20146142351264, "longitude": 8.7783869401785495, "BELAGSART": 100, "surface_classification_asphalt": null, "surface_classification_compacted": null, "surface_classification_paving": null, "surface_classification_sett": null, "surface_classification_standing": null, "surface_swisstopo": "paved", "surface_sensebox": "unknown", "surface_sensebox_probability": 0.0, "match": "Unknown" }, "geometry": { "type": "Point", "coordinates": [ 8.778386948853173, 47.20146143354912 ] } },
{ "type": "Feature", "properties": { "timestamp": "2026-05-02T11:50:51.997Z", "latitude": 47.201458303019308, "longitude": 8.7783834482914163, "BELAGSART": 100, "surface_classification_asphalt": null, "surface_classification_compacted": null, "surface_classification_paving": null, "surface_classification_sett": null, "surface_classification_standing": null, "surface_swisstopo": "paved", "surface_sensebox": "unknown", "surface_sensebox_probability": 0.0, "match": "Unknown" }, "geometry": { "type": "Point", "coordinates": [ 8.778383456966042, 47.20145831305576 ] } },
{ "type": "Feature", "properties": { "timestamp": "2026-05-02T11:50:52.997Z", "latitude": 47.201459519015259, "longitude": 8.7783905241076479, "BELAGSART": 100, "surface_classification_asphalt": null, "surface_classification_compacted": null, "surface_classification_paving": null, "surface_classification_sett": null, "surface_classification_standing": null, "surface_swisstopo": "paved", "surface_sensebox": "unknown", "surface_sensebox_probability": 0.0, "match": "Unknown" }, "geometry": { "type": "Point", "coordinates": [ 8.778390532782277, 47.201459529051768 ] } },
{ "type": "Feature", "properties": { "timestamp": "2026-05-02T11:50:53.997Z", "latitude": 47.201459519015259, "longitude": 8.7783905241076479, "BELAGSART": 100, "surface_classification_asphalt": null, "surface_classification_compacted": null, "surface_classification_paving": null, "surface_classification_sett": null, "surface_classification_standing": null, "surface_swisstopo": "paved", "surface_sensebox": "unknown", "surface_sensebox_probability": 0.0, "match": "Unknown" }, "geometry": { "type": "Point", "coordinates": [ 8.778390532782277, 47.201459529051768 ] } }
]
}
