{
"type": "FeatureCollection",
"name": "Bike_2026-04-30_18-28_webapp",
"crs": { "type": "name", "properties": { "name": "urn:ogc:def:crs:OGC:1.3:CRS84" } },
"features": [
{ "type": "Feature", "properties": { "timestamp": "2026-04-30T16:28:33.996Z", "latitude": 47.203090170803989, "longitude": 8.7638498840772563, "BELAGSART": 100, "surface_classification_asphalt": null, "surface_classification_compacted": null, "surface_classification_paving": null, "surface_classification_sett": null, "surface_classification_standing": null, "surface_swisstopo": "paved", "surface_sensebox": "unknown", "surface_sensebox_probability": 0.0, "match": "unknown" }, "geometry": { "type": "Point", "coordinates": [ 8.763849892737408, 47.203090180845294 ] } },
{ "type": "Feature", "properties": { "timestamp": "2026-04-30T16:28:35.984Z", "latitude": 47.20309036211092, "longitude": 8.7638459791977752, "BELAGSART": 100, "surface_classification_asphalt": 0.0, "surface_classification_compacted": 0.0, "surface_classification_paving": 0.0, "surface_classification_sett": 0.0, "surface_classification_standing": 1.0, "surface_swisstopo": "paved", "surface_sensebox": "unknown", "surface_sensebox_probability": 0.0, "match": "unknown" }, "geometry": { "type": "Point", "coordinates": [ 8.763845987857923, 47.203090372152275 ] } },
{ "type": "Feature", "properties": { "timestamp": "2026-04-30T16:28:36.985Z", "latitude": 47.203080336326977, "longitude": 8.7638264202111351, "BELAGSART": 100, "surface_classification_asphalt": null, "surface_classification_compacted": null, "surface_classification_paving": null, "surface_classification_sett": null, "surface_classification_standing": null, "surface_swisstopo": "paved", "surface_sensebox": "unknown", "surface_sensebox_probability": 0.0, "match": "unknown" }, "geometry": { "type": "Point", "coordinates": [ 8.763826428871266, 47.203080346368317 ] } },
{ "type": "Feature", "properties": { "timestamp": "2026-04-30T16:28:37.986Z", "latitude": 47.203082160203692, "longitude": 8.763824922200719, "BELAGSART": 100, "surface_classification_asphalt": null, "surface_classification_compacted": null, "surface_classification_paving": null, "surface_classification_sett": null, "surface_classification_standing": null, "surface_swisstopo": "paved", "surface_sensebox": "unknown", "surface_sensebox_probability": 0.0, "match": "unknown" }, "geometry": { "type": "Point", "coordinates": [ 8.763824930860846, 47.203082170245054 ] } },
{ "type": "Feature", "properties": { "timestamp": "2026-04-30T16:28:38.987Z", "latitude": 47.203080878640137, "longitude": 8.7638262630353374, "BELAGSART": 100, "surface_classification_asphalt": 0.0, "surface_classification_compacted": 0.0, "surface_classification_paving": 0.0, "surface_classification_sett": 0.0, "surface_classification_standing": 1.0, "surface_swisstopo": "paved", "surface_sensebox": "unknown", "surface_sensebox_probability": 0.0, "match": "unknown" }, "geometry": { "type": "Point", "coordinates": [ 8.763826271695466, 47.203080888681498 ] } },
{ "type": "Feature", "properties": { "timestamp": "2026-04-30T16:28:39.988Z", "latitude": 47.203080901636561, "longitude": 8.7638238993763764, "BELAGSART": 100, "surface_classification_asphalt": null, "surface_classification_compacted": null, "surface_classification_paving": null, "surface_classification_sett": null, "surface_classification_standing": null, "surface_swisstopo": "paved", "surface_sensebox": "unknown", "surface_sensebox_probability": 0.0, "match": "unknown" }, "geometry": { "type": "Point", "coordinates": [ 8.763823908036503, 47.203080911677873 ] } },
{ "type": "Feature", "properties": { "timestamp": "2026-04-30T16:28:40.989Z", "latitude": 47.203081244224954, "longitude": 8.7638275847665081, "BELAGSART": 100, "surface_classification_asphalt": null, "surface_classification_compacted": null, "surface_classification_paving": null, "surface_classification_sett": null, "surface_classification_standing": null, "surface_swisstopo": "paved", "surface_sensebox": "unknown", "surface_sensebox_probability": 0.0, "match": "unknown" }, "geometry": { "type": "Point", "coordinates": [ 8.763827593426639, 47.20308125426628 ] } },
{ "type": "Feature", "properties": { "timestamp": "2026-04-30T16:28:41.990Z", "latitude": 47.203085043639575, "longitude": 8.7638291534261334, "BELAGSART": 100, "surface_classification_asphalt": 0.0, "surface_classification_compacted": 0.0, "surface_classification_paving": 0.0, "surface_classification_sett": 0.0, "surface_classification_standing": 1.0, "surface_swisstopo": "paved", "surface_sensebox": "unknown", "surface_sensebox_probability": 0.0, "match": "unknown" }, "geometry": { "type": "Point", "coordinates": [ 8.763829162086269, 47.203085053680908 ] } },
{ "type": "Feature", "properties": { "timestamp": "2026-04-30T16:28:42.990Z", "latitude": 47.203072939374493, "longitude": 8.7638317774874519, "BELAGSART": 100, "surface_classification_asphalt": null, "surface_classification_compacted": null, "surface_classification_paving": null, "surface_classification_sett": null, "surface_classification_standing": null, "surface_swisstopo": "paved", "surface_sensebox": "unknown", "surface_sensebox_probability": 0.0, "match": "unknown" }, "geometry": { "type": "Point", "coordinates": [ 8.763831786147595, 47.203072949415855 ] } },
{ "type": "Feature", "properties": { "timestamp": "2026-04-30T16:28:43.991Z", "latitude": 47.203069978858096, "longitude": 8.7638333504662977, "BELAGSART": 100, "surface_classification_asphalt": null, "surface_classification_compacted": null, "surface_classification_paving": null, "surface_classification_sett": null, "surface_classification_standing": null, "surface_swisstopo": "paved", "surface_sensebox": "unknown", "surface_sensebox_probability": 0.0, "match": "unknown" }, "geometry": { "type": "Point", "coordinates": [ 8.763833359126442, 47.203069988899408 ] } },
{ "type": "Feature", "properties": { "timestamp": "2026-04-30T16:28:44.991Z", "latitude": 47.203065224457333, "longitude": 8.7638337829174144, "BELAGSART": 100, "surface_classification_asphalt": 0.0, "surface_classification_compacted": 0.0, "surface_classification_paving": 0.0, "surface_classification_sett": 0.0, "surface_classification_standing": 1.0, "surface_swisstopo": "paved", "surface_sensebox": "unknown", "surface_sensebox_probability": 0.0, "match": "unknown" }, "geometry": { "type": "Point", "coordinates": [ 8.763833791577561, 47.203065234498681 ] } },
{ "type": "Feature", "properties": { "timestamp": "2026-04-30T16:28:45.992Z", "latitude": 47.203067048020245, "longitude": 8.7638367923864458, "BELAGSART": 100, "surface_classification_asphalt": null, "surface_classification_compacted": null, "surface_classification_paving": null, "surface_classification_sett": null, "surface_classification_standing": null, "surface_swisstopo": "paved", "surface_sensebox": "unknown", "surface_sensebox_probability": 0.0, "match": "unknown" }, "geometry": { "type": "Point", "coordinates": [ 8.763836801046592, 47.203067058061599 ] } },
{ "type": "Feature", "properties": { "timestamp": "2026-04-30T16:28:46.993Z", "latitude": 47.203064645056358, "longitude": 8.7638469168045408, "BELAGSART": 100, "surface_classification_asphalt": null, "surface_classification_compacted": null, "surface_classification_paving": null, "surface_classification_sett": null, "surface_classification_standing": null, "surface_swisstopo": "paved", "surface_sensebox": "unknown", "surface_sensebox_probability": 0.0, "match": "unknown" }, "geometry": { "type": "Point", "coordinates": [ 8.763846925464698, 47.203064655097712 ] } },
{ "type": "Feature", "properties": { "timestamp": "2026-04-30T16:28:47.993Z", "latitude": 47.203060234002422, "longitude": 8.7638294734495261, "BELAGSART": 100, "surface_classification_asphalt": 0.0, "surface_classification_compacted": 0.0, "surface_classification_paving": 0.0, "surface_classification_sett": 0.0, "surface_classification_standing": 1.0, "surface_swisstopo": "paved", "surface_sensebox": "unknown", "surface_sensebox_probability": 0.0, "match": "unknown" }, "geometry": { "type": "Point", "coordinates": [ 8.763829482109667, 47.203060244043762 ] } },
{ "type": "Feature", "properties": { "timestamp": "2026-04-30T16:28:48.994Z", "latitude": 47.203060379911776, "longitude": 8.7638315026369611, "BELAGSART": 100, "surface_classification_asphalt": null, "surface_classification_compacted": null, "surface_classification_paving": null, "surface_classification_sett": null, "surface_classification_standing": null, "surface_swisstopo": "paved", "surface_sensebox": "unknown", "surface_sensebox_probability": 0.0, "match": "unknown" }, "geometry": { "type": "Point", "coordinates": [ 8.763831511297106, 47.203060389953109 ] } },
{ "type": "Feature", "properties": { "timestamp": "2026-04-30T16:28:49.994Z", "latitude": 47.203052329406525, "longitude": 8.7638301152589815, "BELAGSART": 100, "surface_classification_asphalt": null, "surface_classification_compacted": null, "surface_classification_paving": null, "surface_classification_sett": null, "surface_classification_standing": null, "surface_swisstopo": "paved", "surface_sensebox": "unknown", "surface_sensebox_probability": 0.0, "match": "unknown" }, "geometry": { "type": "Point", "coordinates": [ 8.763830123919124, 47.203052339447851 ] } },
{ "type": "Feature", "properties": { "timestamp": "2026-04-30T16:28:50.994Z", "latitude": 47.203051357930981, "longitude": 8.7638272603370453, "BELAGSART": 100, "surface_classification_asphalt": 0.0, "surface_classification_compacted": 0.0, "surface_classification_paving": 0.0, "surface_classification_sett": 0.0, "surface_classification_standing": 1.0, "surface_swisstopo": "paved", "surface_sensebox": "unknown", "surface_sensebox_probability": 0.0, "match": "unknown" }, "geometry": { "type": "Point", "coordinates": [ 8.763827268997188, 47.203051367972293 ] } },
{ "type": "Feature", "properties": { "timestamp": "2026-04-30T16:28:51.995Z", "latitude": 47.2030516335074, "longitude": 8.7638315065686747, "BELAGSART": 100, "surface_classification_asphalt": null, "surface_classification_compacted": null, "surface_classification_paving": null, "surface_classification_sett": null, "surface_classification_standing": null, "surface_swisstopo": "paved", "surface_sensebox": "unknown", "surface_sensebox_probability": 0.0, "match": "unknown" }, "geometry": { "type": "Point", "coordinates": [ 8.763831515228825, 47.203051643548726 ] } },
{ "type": "Feature", "properties": { "timestamp": "2026-04-30T16:28:52.995Z", "latitude": 47.203045688070951, "longitude": 8.7638356150378058, "BELAGSART": 100, "surface_classification_asphalt": null, "surface_classification_compacted": null, "surface_classification_paving": null, "surface_classification_sett": null, "surface_classification_standing": null, "surface_swisstopo": "paved", "surface_sensebox": "unknown", "surface_sensebox_probability": 0.0, "match": "unknown" }, "geometry": { "type": "Point", "coordinates": [ 8.763835623697958, 47.203045698112255 ] } },
{ "type": "Feature", "properties": { "timestamp": "2026-04-30T16:28:53.996Z", "latitude": 47.203039926897496, "longitude": 8.7638416485059398, "BELAGSART": 100, "surface_classification_asphalt": 0.0, "surface_classification_compacted": 0.0, "surface_classification_paving": 0.0, "surface_classification_sett": 0.0, "surface_classification_standing": 1.0, "surface_swisstopo": "paved", "surface_sensebox": "unknown", "surface_sensebox_probability": 0.0, "match": "unknown" }, "geometry": { "type": "Point", "coordinates": [ 8.7638416571661, 47.203039936938829 ] } },
{ "type": "Feature", "properties": { "timestamp": "2026-04-30T16:28:54.996Z", "latitude": 47.203037204206176, "longitude": 8.7638418706179717, "BELAGSART": 100, "surface_classification_asphalt": null, "surface_classification_compacted": null, "surface_classification_paving": null, "surface_classification_sett": null, "surface_classification_standing": null, "surface_swisstopo": "paved", "surface_sensebox": "unknown", "surface_sensebox_probability": 0.0, "match": "unknown" }, "geometry": { "type": "Point", "coordinates": [ 8.763841879278136, 47.203037214247544 ] } },
{ "type": "Feature", "properties": { "timestamp": "2026-04-30T16:28:55.996Z", "latitude": 47.203036069950393, "longitude": 8.7638416650590489, "BELAGSART": 100, "surface_classification_asphalt": 0.0, "surface_classification_compacted": 0.0, "surface_classification_paving": 0.0, "surface_classification_sett": 0.0, "surface_classification_standing": 1.0, "surface_swisstopo": "paved", "surface_sensebox": "unknown", "surface_sensebox_probability": 0.0, "match": "unknown" }, "geometry": { "type": "Point", "coordinates": [ 8.76384167371921, 47.203036079991733 ] } },
{ "type": "Feature", "properties": { "timestamp": "2026-04-30T16:28:56.996Z", "latitude": 47.203036012593714, "longitude": 8.7638447530548955, "BELAGSART": 100, "surface_classification_asphalt": null, "surface_classification_compacted": null, "surface_classification_paving": null, "surface_classification_sett": null, "surface_classification_standing": null, "surface_swisstopo": "paved", "surface_sensebox": "unknown", "surface_sensebox_probability": 0.0, "match": "unknown" }, "geometry": { "type": "Point", "coordinates": [ 8.763844761715061, 47.203036022635018 ] } },
{ "type": "Feature", "properties": { "timestamp": "2026-04-30T16:28:57.997Z", "latitude": 47.203036022058512, "longitude": 8.7638441540379848, "BELAGSART": 100, "surface_classification_asphalt": null, "surface_classification_compacted": null, "surface_classification_paving": null, "surface_classification_sett": null, "surface_classification_standing": null, "surface_swisstopo": "paved", "surface_sensebox": "unknown", "surface_sensebox_probability": 0.0, "match": "unknown" }, "geometry": { "type": "Point", "coordinates": [ 8.763844162698149, 47.20303603209986 ] } },
{ "type": "Feature", "properties": { "timestamp": "2026-04-30T16:28:58.997Z", "latitude": 47.203035590858228, "longitude": 8.7638412346226264, "BELAGSART": 100, "surface_classification_asphalt": 0.0, "surface_classification_compacted": 0.0, "surface_classification_paving": 0.0, "surface_classification_sett": 0.0, "surface_classification_standing": 1.0, "surface_swisstopo": "paved", "surface_sensebox": "unknown", "surface_sensebox_probability": 0.0, "match": "unknown" }, "geometry": { "type": "Point", "coordinates": [ 8.763841243282789, 47.20303560089954 ] } },
{ "type": "Feature", "properties": { "timestamp": "2026-04-30T16:28:59.997Z", "latitude": 47.203035617830921, "longitude": 8.7638413231719827, "BELAGSART": 100, "surface_classification_asphalt": null, "surface_classification_compacted": null, "surface_classification_paving": null, "surface_classification_sett": null, "surface_classification_standing": null, "surface_swisstopo": "paved", "surface_sensebox": "unknown", "surface_sensebox_probability": 0.0, "match": "unknown" }, "geometry": { "type": "Point", "coordinates": [ 8.763841331832143, 47.203035627872246 ] } },
{ "type": "Feature", "properties": { "timestamp": "2026-04-30T16:29:00.997Z", "latitude": 47.203038522824471, "longitude": 8.7638472896401733, "BELAGSART": 100, "surface_classification_asphalt": null, "surface_classification_compacted": null, "surface_classification_paving": null, "surface_classification_sett": null, "surface_classification_standing": null, "surface_swisstopo": "paved", "surface_sensebox": "unknown", "surface_sensebox_probability": 0.0, "match": "unknown" }, "geometry": { "type": "Point", "coordinates": [ 8.763847298300339, 47.203038532865769 ] } },
{ "type": "Feature", "properties": { "timestamp": "2026-04-30T16:29:01.998Z", "latitude": 47.20303937605528, "longitude": 8.7638487148003659, "BELAGSART": 100, "surface_classification_asphalt": 0.01, "surface_classification_compacted": 0.0, "surface_classification_paving": 0.0, "surface_classification_sett": 0.0, "surface_classification_standing": 0.98, "surface_swisstopo": "paved", "surface_sensebox": "unknown", "surface_sensebox_probability": 0.0, "match": "unknown" }, "geometry": { "type": "Point", "coordinates": [ 8.763848723460534, 47.203039386096592 ] } },
{ "type": "Feature", "properties": { "timestamp": "2026-04-30T16:29:02.998Z", "latitude": 47.203040809290918, "longitude": 8.7638475913061082, "BELAGSART": 100, "surface_classification_asphalt": null, "surface_classification_compacted": null, "surface_classification_paving": null, "surface_classification_sett": null, "surface_classification_standing": null, "surface_swisstopo": "paved", "surface_sensebox": "unknown", "surface_sensebox_probability": 0.0, "match": "unknown" }, "geometry": { "type": "Point", "coordinates": [ 8.763847599966279, 47.203040819332223 ] } },
{ "type": "Feature", "properties": { "timestamp": "2026-04-30T16:29:03.998Z", "latitude": 47.203040804855632, "longitude": 8.7638475950614545, "BELAGSART": 100, "surface_classification_asphalt": null, "surface_classification_compacted": null, "surface_classification_paving": null, "surface_classification_sett": null, "surface_classification_standing": null, "surface_swisstopo": "paved", "surface_sensebox": "unknown", "surface_sensebox_probability": 0.0, "match": "unknown" }, "geometry": { "type": "Point", "coordinates": [ 8.763847603721624, 47.203040814896973 ] } },
{ "type": "Feature", "properties": { "timestamp": "2026-04-30T16:29:04.998Z", "latitude": 47.203040804855632, "longitude": 8.7638475950614545, "BELAGSART": 100, "surface_classification_asphalt": 0.77, "surface_classification_compacted": 0.01, "surface_classification_paving": 0.02, "surface_classification_sett": 0.01, "surface_classification_standing": 0.2, "surface_swisstopo": "paved", "surface_sensebox": "paved", "surface_sensebox_probability": 0.77, "match": "True" }, "geometry": { "type": "Point", "coordinates": [ 8.763847603721624, 47.203040814896973 ] } },
{ "type": "Feature", "properties": { "timestamp": "2026-04-30T16:29:07.999Z", "latitude": 47.203034275716497, "longitude": 8.763829748508206, "BELAGSART": 100, "surface_classification_asphalt": 0.13, "surface_classification_compacted": 0.0, "surface_classification_paving": 0.03, "surface_classification_sett": 0.0, "surface_classification_standing": 0.85, "surface_swisstopo": "paved", "surface_sensebox": "unknown", "surface_sensebox_probability": 0.13, "match": "unknown" }, "geometry": { "type": "Point", "coordinates": [ 8.763829757168361, 47.203034285757838 ] } },
{ "type": "Feature", "properties": { "timestamp": "2026-04-30T16:29:08.999Z", "latitude": 47.203031404418638, "longitude": 8.7638268392775025, "BELAGSART": 100, "surface_classification_asphalt": null, "surface_classification_compacted": null, "surface_classification_paving": null, "surface_classification_sett": null, "surface_classification_standing": null, "surface_swisstopo": "paved", "surface_sensebox": "unknown", "surface_sensebox_probability": 0.0, "match": "unknown" }, "geometry": { "type": "Point", "coordinates": [ 8.763826847937652, 47.203031414459957 ] } },
{ "type": "Feature", "properties": { "timestamp": "2026-04-30T16:29:09.999Z", "latitude": 47.203031274692307, "longitude": 8.7638290223264175, "BELAGSART": 100, "surface_classification_asphalt": null, "surface_classification_compacted": null, "surface_classification_paving": null, "surface_classification_sett": null, "surface_classification_standing": null, "surface_swisstopo": "paved", "surface_sensebox": "unknown", "surface_sensebox_probability": 0.0, "match": "unknown" }, "geometry": { "type": "Point", "coordinates": [ 8.763829030986569, 47.203031284733605 ] } },
{ "type": "Feature", "properties": { "timestamp": "2026-04-30T16:29:10.999Z", "latitude": 47.203030261494668, "longitude": 8.7638254775597737, "BELAGSART": 100, "surface_classification_asphalt": 0.55, "surface_classification_compacted": 0.09, "surface_classification_paving": 0.25, "surface_classification_sett": 0.03, "surface_classification_standing": 0.07, "surface_swisstopo": "paved", "surface_sensebox": "paved", "surface_sensebox_probability": 0.55, "match": "True" }, "geometry": { "type": "Point", "coordinates": [ 8.763825486219924, 47.203030271535965 ] } },
{ "type": "Feature", "properties": { "timestamp": "2026-04-30T16:29:11.999Z", "latitude": 47.203030589326211, "longitude": 8.7638248571800883, "BELAGSART": 100, "surface_classification_asphalt": null, "surface_classification_compacted": null, "surface_classification_paving": null, "surface_classification_sett": null, "surface_classification_standing": null, "surface_swisstopo": "paved", "surface_sensebox": "unknown", "surface_sensebox_probability": 0.0, "match": "unknown" }, "geometry": { "type": "Point", "coordinates": [ 8.763824865840235, 47.203030599367551 ] } },
{ "type": "Feature", "properties": { "timestamp": "2026-04-30T16:29:12.999Z", "latitude": 47.203034092163414, "longitude": 8.7638284725972611, "BELAGSART": 100, "surface_classification_asphalt": null, "surface_classification_compacted": null, "surface_classification_paving": null, "surface_classification_sett": null, "surface_classification_standing": null, "surface_swisstopo": "paved", "surface_sensebox": "unknown", "surface_sensebox_probability": 0.0, "match": "unknown" }, "geometry": { "type": "Point", "coordinates": [ 8.763828481257411, 47.203034102204754 ] } },
{ "type": "Feature", "properties": { "timestamp": "2026-04-30T16:29:13.999Z", "latitude": 47.203026023687457, "longitude": 8.7638247273552725, "BELAGSART": 100, "surface_classification_asphalt": 0.89, "surface_classification_compacted": 0.01, "surface_classification_paving": 0.07, "surface_classification_sett": 0.0, "surface_classification_standing": 0.02, "surface_swisstopo": "paved", "surface_sensebox": "paved", "surface_sensebox_probability": 0.89, "match": "True" }, "geometry": { "type": "Point", "coordinates": [ 8.763824736015421, 47.203026033728761 ] } },
{ "type": "Feature", "properties": { "timestamp": "2026-04-30T16:29:14.999Z", "latitude": 47.203029643758747, "longitude": 8.7638236894970429, "BELAGSART": 100, "surface_classification_asphalt": null, "surface_classification_compacted": null, "surface_classification_paving": null, "surface_classification_sett": null, "surface_classification_standing": null, "surface_swisstopo": "paved", "surface_sensebox": "unknown", "surface_sensebox_probability": 0.0, "match": "unknown" }, "geometry": { "type": "Point", "coordinates": [ 8.763823698157189, 47.20302965380008 ] } },
{ "type": "Feature", "properties": { "timestamp": "2026-04-30T16:29:15.999Z", "latitude": 47.203030591765881, "longitude": 8.7638231919064822, "BELAGSART": 100, "surface_classification_asphalt": null, "surface_classification_compacted": null, "surface_classification_paving": null, "surface_classification_sett": null, "surface_classification_standing": null, "surface_swisstopo": "paved", "surface_sensebox": "unknown", "surface_sensebox_probability": 0.0, "match": "unknown" }, "geometry": { "type": "Point", "coordinates": [ 8.763823200566625, 47.203030601807185 ] } },
{ "type": "Feature", "properties": { "timestamp": "2026-04-30T16:29:17.000Z", "latitude": 47.203031702188589, "longitude": 8.7638249617409354, "BELAGSART": 100, "surface_classification_asphalt": 0.47, "surface_classification_compacted": 0.47, "surface_classification_paving": 0.03, "surface_classification_sett": 0.02, "surface_classification_standing": 0.0, "surface_swisstopo": "paved", "surface_sensebox": "unknown", "surface_sensebox_probability": 0.47, "match": "unknown" }, "geometry": { "type": "Point", "coordinates": [ 8.763824970401082, 47.203031712229922 ] } },
{ "type": "Feature", "properties": { "timestamp": "2026-04-30T16:29:18.000Z", "latitude": 47.203025961080563, "longitude": 8.7638263444457731, "BELAGSART": 100, "surface_classification_asphalt": null, "surface_classification_compacted": null, "surface_classification_paving": null, "surface_classification_sett": null, "surface_classification_standing": null, "surface_swisstopo": "paved", "surface_sensebox": "unknown", "surface_sensebox_probability": 0.0, "match": "unknown" }, "geometry": { "type": "Point", "coordinates": [ 8.763826353105921, 47.20302597112186 ] } },
{ "type": "Feature", "properties": { "timestamp": "2026-04-30T16:29:19.000Z", "latitude": 47.203024370475994, "longitude": 8.7638255276369517, "BELAGSART": 100, "surface_classification_asphalt": 0.88, "surface_classification_compacted": 0.07, "surface_classification_paving": 0.01, "surface_classification_sett": 0.04, "surface_classification_standing": 0.0, "surface_swisstopo": "paved", "surface_sensebox": "paved", "surface_sensebox_probability": 0.88, "match": "True" }, "geometry": { "type": "Point", "coordinates": [ 8.763825536297098, 47.203024380517341 ] } },
{ "type": "Feature", "properties": { "timestamp": "2026-04-30T16:29:20.000Z", "latitude": 47.203026978018777, "longitude": 8.7638246307427092, "BELAGSART": 100, "surface_classification_asphalt": null, "surface_classification_compacted": null, "surface_classification_paving": null, "surface_classification_sett": null, "surface_classification_standing": null, "surface_swisstopo": "paved", "surface_sensebox": "unknown", "surface_sensebox_probability": 0.0, "match": "unknown" }, "geometry": { "type": "Point", "coordinates": [ 8.763824639402852, 47.203026988060103 ] } },
{ "type": "Feature", "properties": { "timestamp": "2026-04-30T16:29:21.000Z", "latitude": 47.20302713824988, "longitude": 8.763824674773451, "BELAGSART": 100, "surface_classification_asphalt": null, "surface_classification_compacted": null, "surface_classification_paving": null, "surface_classification_sett": null, "surface_classification_standing": null, "surface_swisstopo": "paved", "surface_sensebox": "unknown", "surface_sensebox_probability": 0.0, "match": "unknown" }, "geometry": { "type": "Point", "coordinates": [ 8.763824683433597, 47.203027148291191 ] } },
{ "type": "Feature", "properties": { "timestamp": "2026-04-30T16:29:26.000Z", "latitude": 47.203022623944314, "longitude": 8.7638141023818754, "BELAGSART": 100, "surface_classification_asphalt": 0.0, "surface_classification_compacted": 0.0, "surface_classification_paving": 0.0, "surface_classification_sett": 0.0, "surface_classification_standing": 1.0, "surface_swisstopo": "paved", "surface_sensebox": "unknown", "surface_sensebox_probability": 0.0, "match": "unknown" }, "geometry": { "type": "Point", "coordinates": [ 8.76381411104202, 47.203022633985633 ] } },
{ "type": "Feature", "properties": { "timestamp": "2026-04-30T16:29:27.000Z", "latitude": 47.203017676043025, "longitude": 8.7638146478562948, "BELAGSART": 100, "surface_classification_asphalt": null, "surface_classification_compacted": null, "surface_classification_paving": null, "surface_classification_sett": null, "surface_classification_standing": null, "surface_swisstopo": "paved", "surface_sensebox": "unknown", "surface_sensebox_probability": 0.0, "match": "unknown" }, "geometry": { "type": "Point", "coordinates": [ 8.763814656516438, 47.203017686084323 ] } },
{ "type": "Feature", "properties": { "timestamp": "2026-04-30T16:29:28.000Z", "latitude": 47.203015113711437, "longitude": 8.7638120970305149, "BELAGSART": 100, "surface_classification_asphalt": 0.47, "surface_classification_compacted": 0.47, "surface_classification_paving": 0.01, "surface_classification_sett": 0.05, "surface_classification_standing": 0.0, "surface_swisstopo": "paved", "surface_sensebox": "unknown", "surface_sensebox_probability": 0.47, "match": "unknown" }, "geometry": { "type": "Point", "coordinates": [ 8.763812105690659, 47.203015123752756 ] } },
{ "type": "Feature", "properties": { "timestamp": "2026-04-30T16:29:29.000Z", "latitude": 47.203017130845993, "longitude": 8.7638060003197165, "BELAGSART": 100, "surface_classification_asphalt": null, "surface_classification_compacted": null, "surface_classification_paving": null, "surface_classification_sett": null, "surface_classification_standing": null, "surface_swisstopo": "paved", "surface_sensebox": "unknown", "surface_sensebox_probability": 0.0, "match": "unknown" }, "geometry": { "type": "Point", "coordinates": [ 8.763806008979849, 47.203017140887283 ] } },
{ "type": "Feature", "properties": { "timestamp": "2026-04-30T16:29:30.000Z", "latitude": 47.203005057361914, "longitude": 8.7637886559451523, "BELAGSART": 100, "surface_classification_asphalt": null, "surface_classification_compacted": null, "surface_classification_paving": null, "surface_classification_sett": null, "surface_classification_standing": null, "surface_swisstopo": "paved", "surface_sensebox": "unknown", "surface_sensebox_probability": 0.0, "match": "unknown" }, "geometry": { "type": "Point", "coordinates": [ 8.763788664605274, 47.203005067403254 ] } },
{ "type": "Feature", "properties": { "timestamp": "2026-04-30T16:29:31.000Z", "latitude": 47.202984465891262, "longitude": 8.7637598629913693, "BELAGSART": 100, "surface_classification_asphalt": 0.59, "surface_classification_compacted": 0.34, "surface_classification_paving": 0.08, "surface_classification_sett": 0.0, "surface_classification_standing": 0.0, "surface_swisstopo": "paved", "surface_sensebox": "paved", "surface_sensebox_probability": 0.59, "match": "True" }, "geometry": { "type": "Point", "coordinates": [ 8.76375987165147, 47.202984475932567 ] } },
{ "type": "Feature", "properties": { "timestamp": "2026-04-30T16:29:32.000Z", "latitude": 47.202986875711929, "longitude": 8.7637224927523576, "BELAGSART": 100, "surface_classification_asphalt": null, "surface_classification_compacted": null, "surface_classification_paving": null, "surface_classification_sett": null, "surface_classification_standing": null, "surface_swisstopo": "paved", "surface_sensebox": "unknown", "surface_sensebox_probability": 0.0, "match": "unknown" }, "geometry": { "type": "Point", "coordinates": [ 8.76372250141242, 47.202986885753269 ] } },
{ "type": "Feature", "properties": { "timestamp": "2026-04-30T16:29:33.000Z", "latitude": 47.203003840775864, "longitude": 8.763673171067957, "BELAGSART": 100, "surface_classification_asphalt": 0.9, "surface_classification_compacted": 0.02, "surface_classification_paving": 0.05, "surface_classification_sett": 0.0, "surface_classification_standing": 0.02, "surface_swisstopo": "paved", "surface_sensebox": "paved", "surface_sensebox_probability": 0.9, "match": "True" }, "geometry": { "type": "Point", "coordinates": [ 8.763673179727967, 47.203003850817197 ] } },
{ "type": "Feature", "properties": { "timestamp": "2026-04-30T16:29:34.000Z", "latitude": 47.203026944880875, "longitude": 8.7636177865065985, "BELAGSART": 100, "surface_classification_asphalt": null, "surface_classification_compacted": null, "surface_classification_paving": null, "surface_classification_sett": null, "surface_classification_standing": null, "surface_swisstopo": "paved", "surface_sensebox": "unknown", "surface_sensebox_probability": 0.0, "match": "unknown" }, "geometry": { "type": "Point", "coordinates": [ 8.763617795166542, 47.203026954922251 ] } },
{ "type": "Feature", "properties": { "timestamp": "2026-04-30T16:29:35.000Z", "latitude": 47.20304965092614, "longitude": 8.7635749160763563, "BELAGSART": 100, "surface_classification_asphalt": null, "surface_classification_compacted": null, "surface_classification_paving": null, "surface_classification_sett": null, "surface_classification_standing": null, "surface_swisstopo": "paved", "surface_sensebox": "unknown", "surface_sensebox_probability": 0.0, "match": "unknown" }, "geometry": { "type": "Point", "coordinates": [ 8.763574924736256, 47.203049660967537 ] } },
{ "type": "Feature", "properties": { "timestamp": "2026-04-30T16:29:36.000Z", "latitude": 47.203078625942851, "longitude": 8.7635458234560488, "BELAGSART": 100, "surface_classification_asphalt": 0.68, "surface_classification_compacted": 0.07, "surface_classification_paving": 0.25, "surface_classification_sett": 0.0, "surface_classification_standing": 0.0, "surface_swisstopo": "paved", "surface_sensebox": "paved", "surface_sensebox_probability": 0.68, "match": "True" }, "geometry": { "type": "Point", "coordinates": [ 8.763545832115913, 47.203078635984262 ] } },
{ "type": "Feature", "properties": { "timestamp": "2026-04-30T16:29:37.000Z", "latitude": 47.203114475841275, "longitude": 8.7635416699149573, "BELAGSART": 100, "surface_classification_asphalt": null, "surface_classification_compacted": null, "surface_classification_paving": null, "surface_classification_sett": null, "surface_classification_standing": null, "surface_swisstopo": "paved", "surface_sensebox": "unknown", "surface_sensebox_probability": 0.0, "match": "unknown" }, "geometry": { "type": "Point", "coordinates": [ 8.763541678574802, 47.203114485882686 ] } },
{ "type": "Feature", "properties": { "timestamp": "2026-04-30T16:29:38.000Z", "latitude": 47.203148965002349, "longitude": 8.763564816199036, "BELAGSART": 100, "surface_classification_asphalt": null, "surface_classification_compacted": null, "surface_classification_paving": null, "surface_classification_sett": null, "surface_classification_standing": null, "surface_swisstopo": "paved", "surface_sensebox": "unknown", "surface_sensebox_probability": 0.0, "match": "unknown" }, "geometry": { "type": "Point", "coordinates": [ 8.763564824858896, 47.203148975043838 ] } },
{ "type": "Feature", "properties": { "timestamp": "2026-04-30T16:29:39.001Z", "latitude": 47.203180925288109, "longitude": 8.7636036406805697, "BELAGSART": 100, "surface_classification_asphalt": 0.88, "surface_classification_compacted": 0.04, "surface_classification_paving": 0.07, "surface_classification_sett": 0.0, "surface_classification_standing": 0.0, "surface_swisstopo": "paved", "surface_sensebox": "paved", "surface_sensebox_probability": 0.88, "match": "True" }, "geometry": { "type": "Point", "coordinates": [ 8.763603649340459, 47.203180935329542 ] } },
{ "type": "Feature", "properties": { "timestamp": "2026-04-30T16:29:40.001Z", "latitude": 47.203207902931965, "longitude": 8.7636464730896666, "BELAGSART": 100, "surface_classification_asphalt": null, "surface_classification_compacted": null, "surface_classification_paving": null, "surface_classification_sett": null, "surface_classification_standing": null, "surface_swisstopo": "paved", "surface_sensebox": "unknown", "surface_sensebox_probability": 0.0, "match": "unknown" }, "geometry": { "type": "Point", "coordinates": [ 8.763646481749587, 47.20320791297344 ] } },
{ "type": "Feature", "properties": { "timestamp": "2026-04-30T16:29:41.001Z", "latitude": 47.203233167223708, "longitude": 8.7636918832672581, "BELAGSART": 100, "surface_classification_asphalt": null, "surface_classification_compacted": null, "surface_classification_paving": null, "surface_classification_sett": null, "surface_classification_standing": null, "surface_swisstopo": "paved", "surface_sensebox": "unknown", "surface_sensebox_probability": 0.0, "match": "unknown" }, "geometry": { "type": "Point", "coordinates": [ 8.763691891927216, 47.203233177265126 ] } },
{ "type": "Feature", "properties": { "timestamp": "2026-04-30T16:29:42.001Z", "latitude": 47.203264840756539, "longitude": 8.7637350048469038, "BELAGSART": 100, "surface_classification_asphalt": 0.91, "surface_classification_compacted": 0.01, "surface_classification_paving": 0.07, "surface_classification_sett": 0.0, "surface_classification_standing": 0.01, "surface_swisstopo": "paved", "surface_sensebox": "paved", "surface_sensebox_probability": 0.91, "match": "True" }, "geometry": { "type": "Point", "coordinates": [ 8.76373501350689, 47.203264850797964 ] } },
{ "type": "Feature", "properties": { "timestamp": "2026-04-30T16:29:43.001Z", "latitude": 47.203297298916588, "longitude": 8.7637790983033597, "BELAGSART": 100, "surface_classification_asphalt": null, "surface_classification_compacted": null, "surface_classification_paving": null, "surface_classification_sett": null, "surface_classification_standing": null, "surface_swisstopo": "paved", "surface_sensebox": "unknown", "surface_sensebox_probability": 0.0, "match": "unknown" }, "geometry": { "type": "Point", "coordinates": [ 8.763779106963378, 47.203297308958 ] } },
{ "type": "Feature", "properties": { "timestamp": "2026-04-30T16:29:44.001Z", "latitude": 47.203334133937624, "longitude": 8.7638147494816945, "BELAGSART": 100, "surface_classification_asphalt": null, "surface_classification_compacted": null, "surface_classification_paving": null, "surface_classification_sett": null, "surface_classification_standing": null, "surface_swisstopo": "paved", "surface_sensebox": "unknown", "surface_sensebox_probability": 0.0, "match": "unknown" }, "geometry": { "type": "Point", "coordinates": [ 8.763814758141741, 47.203334143979056 ] } },
{ "type": "Feature", "properties": { "timestamp": "2026-04-30T16:29:45.001Z", "latitude": 47.203372104507778, "longitude": 8.763861366368765, "BELAGSART": 100, "surface_classification_asphalt": 0.66, "surface_classification_compacted": 0.01, "surface_classification_paving": 0.27, "surface_classification_sett": 0.0, "surface_classification_standing": 0.06, "surface_swisstopo": "paved", "surface_sensebox": "paved", "surface_sensebox_probability": 0.66, "match": "True" }, "geometry": { "type": "Point", "coordinates": [ 8.76386137502884, 47.203372114549246 ] } },
{ "type": "Feature", "properties": { "timestamp": "2026-04-30T16:29:46.001Z", "latitude": 47.203411229008793, "longitude": 8.7639009466724964, "BELAGSART": 100, "surface_classification_asphalt": null, "surface_classification_compacted": null, "surface_classification_paving": null, "surface_classification_sett": null, "surface_classification_standing": null, "surface_swisstopo": "paved", "surface_sensebox": "unknown", "surface_sensebox_probability": 0.0, "match": "unknown" }, "geometry": { "type": "Point", "coordinates": [ 8.763900955332602, 47.203411239050247 ] } },
{ "type": "Feature", "properties": { "timestamp": "2026-04-30T16:29:47.001Z", "latitude": 47.203448573301721, "longitude": 8.763942385303789, "BELAGSART": 100, "surface_classification_asphalt": 0.89, "surface_classification_compacted": 0.04, "surface_classification_paving": 0.07, "surface_classification_sett": 0.0, "surface_classification_standing": 0.0, "surface_swisstopo": "paved", "surface_sensebox": "paved", "surface_sensebox_probability": 0.89, "match": "True" }, "geometry": { "type": "Point", "coordinates": [ 8.763942393963921, 47.203448583343153 ] } },
{ "type": "Feature", "properties": { "timestamp": "2026-04-30T16:29:48.001Z", "latitude": 47.203482101328824, "longitude": 8.7639875281081174, "BELAGSART": 100, "surface_classification_asphalt": null, "surface_classification_compacted": null, "surface_classification_paving": null, "surface_classification_sett": null, "surface_classification_standing": null, "surface_swisstopo": "paved", "surface_sensebox": "unknown", "surface_sensebox_probability": 0.0, "match": "unknown" }, "geometry": { "type": "Point", "coordinates": [ 8.76398753676828, 47.203482111370249 ] } },
{ "type": "Feature", "properties": { "timestamp": "2026-04-30T16:29:49.001Z", "latitude": 47.203513811563965, "longitude": 8.7640333442523257, "BELAGSART": 100, "surface_classification_asphalt": null, "surface_classification_compacted": null, "surface_classification_paving": null, "surface_classification_sett": null, "surface_classification_standing": null, "surface_swisstopo": "paved", "surface_sensebox": "unknown", "surface_sensebox_probability": 0.0, "match": "unknown" }, "geometry": { "type": "Point", "coordinates": [ 8.76403335291252, 47.203513821605405 ] } },
{ "type": "Feature", "properties": { "timestamp": "2026-04-30T16:29:50.001Z", "latitude": 47.203544454960536, "longitude": 8.7640830375263228, "BELAGSART": 100, "surface_classification_asphalt": 0.85, "surface_classification_compacted": 0.02, "surface_classification_paving": 0.05, "surface_classification_sett": 0.01, "surface_classification_standing": 0.06, "surface_swisstopo": "paved", "surface_sensebox": "paved", "surface_sensebox_probability": 0.85, "match": "True" }, "geometry": { "type": "Point", "coordinates": [ 8.764083046186556, 47.203544465001997 ] } },
{ "type": "Feature", "properties": { "timestamp": "2026-04-30T16:29:51.001Z", "latitude": 47.203575893490601, "longitude": 8.7641330294024034, "BELAGSART": 100, "surface_classification_asphalt": null, "surface_classification_compacted": null, "surface_classification_paving": null, "surface_classification_sett": null, "surface_classification_standing": null, "surface_swisstopo": "paved", "surface_sensebox": "unknown", "surface_sensebox_probability": 0.0, "match": "unknown" }, "geometry": { "type": "Point", "coordinates": [ 8.764133038062676, 47.203575903532005 ] } },
{ "type": "Feature", "properties": { "timestamp": "2026-04-30T16:29:52.001Z", "latitude": 47.203603557893466, "longitude": 8.7641695544912164, "BELAGSART": 100, "surface_classification_asphalt": null, "surface_classification_compacted": null, "surface_classification_paving": null, "surface_classification_sett": null, "surface_classification_standing": null, "surface_swisstopo": "paved", "surface_sensebox": "unknown", "surface_sensebox_probability": 0.0, "match": "unknown" }, "geometry": { "type": "Point", "coordinates": [ 8.764169563151519, 47.203603567934898 ] } },
{ "type": "Feature", "properties": { "timestamp": "2026-04-30T16:29:53.001Z", "latitude": 47.203630368889989, "longitude": 8.7642220270388922, "BELAGSART": 100, "surface_classification_asphalt": 0.38, "surface_classification_compacted": 0.27, "surface_classification_paving": 0.34, "surface_classification_sett": 0.01, "surface_classification_standing": 0.0, "surface_swisstopo": "paved", "surface_sensebox": "unknown", "surface_sensebox_probability": 0.38, "match": "unknown" }, "geometry": { "type": "Point", "coordinates": [ 8.764222035699236, 47.203630378931379 ] } },
{ "type": "Feature", "properties": { "timestamp": "2026-04-30T16:29:54.001Z", "latitude": 47.203661215259402, "longitude": 8.7642769657785795, "BELAGSART": 100, "surface_classification_asphalt": null, "surface_classification_compacted": null, "surface_classification_paving": null, "surface_classification_sett": null, "surface_classification_standing": null, "surface_swisstopo": "paved", "surface_sensebox": "unknown", "surface_sensebox_probability": 0.0, "match": "unknown" }, "geometry": { "type": "Point", "coordinates": [ 8.764276974438964, 47.203661225300799 ] } },
{ "type": "Feature", "properties": { "timestamp": "2026-04-30T16:29:55.001Z", "latitude": 47.203683841221391, "longitude": 8.7643156808270266, "BELAGSART": 100, "surface_classification_asphalt": null, "surface_classification_compacted": null, "surface_classification_paving": null, "surface_classification_sett": null, "surface_classification_standing": null, "surface_swisstopo": "paved", "surface_sensebox": "unknown", "surface_sensebox_probability": 0.0, "match": "unknown" }, "geometry": { "type": "Point", "coordinates": [ 8.764315689487441, 47.203683851262788 ] } },
{ "type": "Feature", "properties": { "timestamp": "2026-04-30T16:29:56.001Z", "latitude": 47.203702578570045, "longitude": 8.7643498038355787, "BELAGSART": 100, "surface_classification_asphalt": 0.85, "surface_classification_compacted": 0.05, "surface_classification_paving": 0.09, "surface_classification_sett": 0.0, "surface_classification_standing": 0.01, "surface_swisstopo": "paved", "surface_sensebox": "paved", "surface_sensebox_probability": 0.85, "match": "True" }, "geometry": { "type": "Point", "coordinates": [ 8.76434981249602, 47.203702588611442 ] } },
{ "type": "Feature", "properties": { "timestamp": "2026-04-30T16:29:57.001Z", "latitude": 47.203716834758517, "longitude": 8.7643748787997406, "BELAGSART": 100, "surface_classification_asphalt": null, "surface_classification_compacted": null, "surface_classification_paving": null, "surface_classification_sett": null, "surface_classification_standing": null, "surface_swisstopo": "paved", "surface_sensebox": "unknown", "surface_sensebox_probability": 0.0, "match": "unknown" }, "geometry": { "type": "Point", "coordinates": [ 8.764374887460201, 47.203716844799878 ] } },
{ "type": "Feature", "properties": { "timestamp": "2026-04-30T16:29:58.001Z", "latitude": 47.203725740068442, "longitude": 8.7644053760889005, "BELAGSART": 100, "surface_classification_asphalt": null, "surface_classification_compacted": null, "surface_classification_paving": null, "surface_classification_sett": null, "surface_classification_standing": null, "surface_swisstopo": "paved", "surface_sensebox": "unknown", "surface_sensebox_probability": 0.0, "match": "unknown" }, "geometry": { "type": "Point", "coordinates": [ 8.764405384749388, 47.203725750109818 ] } },
{ "type": "Feature", "properties": { "timestamp": "2026-04-30T16:29:59.001Z", "latitude": 47.203726565711612, "longitude": 8.7644414264143542, "BELAGSART": 100, "surface_classification_asphalt": 0.13, "surface_classification_compacted": 0.09, "surface_classification_paving": 0.23, "surface_classification_sett": 0.55, "surface_classification_standing": 0.0, "surface_swisstopo": "paved", "surface_sensebox": "paved", "surface_sensebox_probability": 0.55, "match": "True" }, "geometry": { "type": "Point", "coordinates": [ 8.764441435074879, 47.203726575753002 ] } },
{ "type": "Feature", "properties": { "timestamp": "2026-04-30T16:30:00.001Z", "latitude": 47.203713399850308, "longitude": 8.7644805621419568, "BELAGSART": 100, "surface_classification_asphalt": null, "surface_classification_compacted": null, "surface_classification_paving": null, "surface_classification_sett": null, "surface_classification_standing": null, "surface_swisstopo": "paved", "surface_sensebox": "unknown", "surface_sensebox_probability": 0.0, "match": "unknown" }, "geometry": { "type": "Point", "coordinates": [ 8.764480570802524, 47.203713409891684 ] } },
{ "type": "Feature", "properties": { "timestamp": "2026-04-30T16:30:01.001Z", "latitude": 47.203701590317472, "longitude": 8.7645202879017461, "BELAGSART": 100, "surface_classification_asphalt": 0.1, "surface_classification_compacted": 0.75, "surface_classification_paving": 0.04, "surface_classification_sett": 0.11, "surface_classification_standing": 0.0, "surface_swisstopo": "paved", "surface_sensebox": "nature", "surface_sensebox_probability": 0.75, "match": "False" }, "geometry": { "type": "Point", "coordinates": [ 8.764520296562353, 47.203701600358812 ] } },
{ "type": "Feature", "properties": { "timestamp": "2026-04-30T16:30:02.001Z", "latitude": 47.203693002275074, "longitude": 8.7645538013903828, "BELAGSART": 100, "surface_classification_asphalt": null, "surface_classification_compacted": null, "surface_classification_paving": null, "surface_classification_sett": null, "surface_classification_standing": null, "surface_swisstopo": "paved", "surface_sensebox": "unknown", "surface_sensebox_probability": 0.0, "match": "unknown" }, "geometry": { "type": "Point", "coordinates": [ 8.764553810051028, 47.203693012316435 ] } },
{ "type": "Feature", "properties": { "timestamp": "2026-04-30T16:30:03.001Z", "latitude": 47.203687081451385, "longitude": 8.7645827294637382, "BELAGSART": 100, "surface_classification_asphalt": null, "surface_classification_compacted": null, "surface_classification_paving": null, "surface_classification_sett": null, "surface_classification_standing": null, "surface_swisstopo": "paved", "surface_sensebox": "unknown", "surface_sensebox_probability": 0.0, "match": "unknown" }, "geometry": { "type": "Point", "coordinates": [ 8.76458273812441, 47.203687091492711 ] } },
{ "type": "Feature", "properties": { "timestamp": "2026-04-30T16:30:04.001Z", "latitude": 47.203681979799512, "longitude": 8.7646137883282158, "BELAGSART": 100, "surface_classification_asphalt": 0.02, "surface_classification_compacted": 0.96, "surface_classification_paving": 0.02, "surface_classification_sett": 0.0, "surface_classification_standing": 0.0, "surface_swisstopo": "paved", "surface_sensebox": "nature", "surface_sensebox_probability": 0.96, "match": "False" }, "geometry": { "type": "Point", "coordinates": [ 8.764613796988916, 47.203681989840824 ] } },
{ "type": "Feature", "properties": { "timestamp": "2026-04-30T16:30:05.001Z", "latitude": 47.203675161513473, "longitude": 8.7646470023404408, "BELAGSART": 100, "surface_classification_asphalt": null, "surface_classification_compacted": null, "surface_classification_paving": null, "surface_classification_sett": null, "surface_classification_standing": null, "surface_swisstopo": "paved", "surface_sensebox": "unknown", "surface_sensebox_probability": 0.0, "match": "unknown" }, "geometry": { "type": "Point", "coordinates": [ 8.764647011001179, 47.203675171554771 ] } },
{ "type": "Feature", "properties": { "timestamp": "2026-04-30T16:30:06.001Z", "latitude": 47.203668937798703, "longitude": 8.7646824782353239, "BELAGSART": 100, "surface_classification_asphalt": null, "surface_classification_compacted": null, "surface_classification_paving": null, "surface_classification_sett": null, "surface_classification_standing": null, "surface_swisstopo": "paved", "surface_sensebox": "unknown", "surface_sensebox_probability": 0.0, "match": "unknown" }, "geometry": { "type": "Point", "coordinates": [ 8.764682486896099, 47.203668947839951 ] } },
{ "type": "Feature", "properties": { "timestamp": "2026-04-30T16:30:07.001Z", "latitude": 47.203663693504623, "longitude": 8.764714309011266, "BELAGSART": 100, "surface_classification_asphalt": 0.54, "surface_classification_compacted": 0.01, "surface_classification_paving": 0.39, "surface_classification_sett": 0.0, "surface_classification_standing": 0.06, "surface_swisstopo": "paved", "surface_sensebox": "paved", "surface_sensebox_probability": 0.54, "match": "True" }, "geometry": { "type": "Point", "coordinates": [ 8.764714317672073, 47.203663703545892 ] } },
{ "type": "Feature", "properties": { "timestamp": "2026-04-30T16:30:08.001Z", "latitude": 47.203665783869134, "longitude": 8.7647220868367928, "BELAGSART": 100, "surface_classification_asphalt": null, "surface_classification_compacted": null, "surface_classification_paving": null, "surface_classification_sett": null, "surface_classification_standing": null, "surface_swisstopo": "paved", "surface_sensebox": "unknown", "surface_sensebox_probability": 0.0, "match": "unknown" }, "geometry": { "type": "Point", "coordinates": [ 8.764722095497607, 47.203665793910417 ] } },
{ "type": "Feature", "properties": { "timestamp": "2026-04-30T16:30:09.001Z", "latitude": 47.203666946529815, "longitude": 8.7647233279341084, "BELAGSART": 100, "surface_classification_asphalt": null, "surface_classification_compacted": null, "surface_classification_paving": null, "surface_classification_sett": null, "surface_classification_standing": null, "surface_swisstopo": "paved", "surface_sensebox": "unknown", "surface_sensebox_probability": 0.0, "match": "unknown" }, "geometry": { "type": "Point", "coordinates": [ 8.764723336594924, 47.203666956571105 ] } },
{ "type": "Feature", "properties": { "timestamp": "2026-04-30T16:30:10.001Z", "latitude": 47.203669029622922, "longitude": 8.7647359361040227, "BELAGSART": 100, "surface_classification_asphalt": 0.58, "surface_classification_compacted": 0.01, "surface_classification_paving": 0.37, "surface_classification_sett": 0.0, "surface_classification_standing": 0.04, "surface_swisstopo": "paved", "surface_sensebox": "paved", "surface_sensebox_probability": 0.58, "match": "True" }, "geometry": { "type": "Point", "coordinates": [ 8.764735944764846, 47.203669039664156 ] } },
{ "type": "Feature", "properties": { "timestamp": "2026-04-30T16:30:11.001Z", "latitude": 47.20367416452013, "longitude": 8.7647603484563188, "BELAGSART": 100, "surface_classification_asphalt": null, "surface_classification_compacted": null, "surface_classification_paving": null, "surface_classification_sett": null, "surface_classification_standing": null, "surface_swisstopo": "paved", "surface_sensebox": "unknown", "surface_sensebox_probability": 0.0, "match": "unknown" }, "geometry": { "type": "Point", "coordinates": [ 8.764760357117167, 47.203674174561392 ] } },
{ "type": "Feature", "properties": { "timestamp": "2026-04-30T16:30:12.001Z", "latitude": 47.203702606463438, "longitude": 8.7647759735866266, "BELAGSART": 100, "surface_classification_asphalt": null, "surface_classification_compacted": null, "surface_classification_paving": null, "surface_classification_sett": null, "surface_classification_standing": null, "surface_swisstopo": "paved", "surface_sensebox": "unknown", "surface_sensebox_probability": 0.0, "match": "unknown" }, "geometry": { "type": "Point", "coordinates": [ 8.764775982247473, 47.203702616504707 ] } },
{ "type": "Feature", "properties": { "timestamp": "2026-04-30T16:30:13.001Z", "latitude": 47.203732387930714, "longitude": 8.7647984345394168, "BELAGSART": 100, "surface_classification_asphalt": 0.39, "surface_classification_compacted": 0.55, "surface_classification_paving": 0.04, "surface_classification_sett": 0.02, "surface_classification_standing": 0.0, "surface_swisstopo": "paved", "surface_sensebox": "nature", "surface_sensebox_probability": 0.55, "match": "False" }, "geometry": { "type": "Point", "coordinates": [ 8.764798443200284, 47.203732397971997 ] } },
{ "type": "Feature", "properties": { "timestamp": "2026-04-30T16:30:14.001Z", "latitude": 47.203752936993496, "longitude": 8.7648265475838354, "BELAGSART": 100, "surface_classification_asphalt": null, "surface_classification_compacted": null, "surface_classification_paving": null, "surface_classification_sett": null, "surface_classification_standing": null, "surface_swisstopo": "paved", "surface_sensebox": "unknown", "surface_sensebox_probability": 0.0, "match": "unknown" }, "geometry": { "type": "Point", "coordinates": [ 8.764826556244724, 47.203752947034744 ] } },
{ "type": "Feature", "properties": { "timestamp": "2026-04-30T16:30:15.001Z", "latitude": 47.20374607529606, "longitude": 8.7648739581688808, "BELAGSART": 100, "surface_classification_asphalt": null, "surface_classification_compacted": null, "surface_classification_paving": null, "surface_classification_sett": null, "surface_classification_standing": null, "surface_swisstopo": "paved", "surface_sensebox": "unknown", "surface_sensebox_probability": 0.0, "match": "unknown" }, "geometry": { "type": "Point", "coordinates": [ 8.764873966829814, 47.20374608533735 ] } },
{ "type": "Feature", "properties": { "timestamp": "2026-04-30T16:30:16.001Z", "latitude": 47.20372202153456, "longitude": 8.7649271380551053, "BELAGSART": 100, "surface_classification_asphalt": 0.07, "surface_classification_compacted": 0.78, "surface_classification_paving": 0.13, "surface_classification_sett": 0.01, "surface_classification_standing": 0.0, "surface_swisstopo": "paved", "surface_sensebox": "nature", "surface_sensebox_probability": 0.78, "match": "False" }, "geometry": { "type": "Point", "coordinates": [ 8.764927146716101, 47.203722031575737 ] } },
{ "type": "Feature", "properties": { "timestamp": "2026-04-30T16:30:17.001Z", "latitude": 47.203702463709504, "longitude": 8.7649784092935619, "BELAGSART": 100, "surface_classification_asphalt": null, "surface_classification_compacted": null, "surface_classification_paving": null, "surface_classification_sett": null, "surface_classification_standing": null, "surface_swisstopo": "paved", "surface_sensebox": "unknown", "surface_sensebox_probability": 0.0, "match": "unknown" }, "geometry": { "type": "Point", "coordinates": [ 8.764978417954611, 47.203702473750674 ] } },
{ "type": "Feature", "properties": { "timestamp": "2026-04-30T16:30:18.001Z", "latitude": 47.203688607697075, "longitude": 8.7650368935318586, "BELAGSART": 100, "surface_classification_asphalt": 0.77, "surface_classification_compacted": 0.0, "surface_classification_paving": 0.2, "surface_classification_sett": 0.0, "surface_classification_standing": 0.02, "surface_swisstopo": "paved", "surface_sensebox": "paved", "surface_sensebox_probability": 0.77, "match": "True" }, "geometry": { "type": "Point", "coordinates": [ 8.765036902192968, 47.20368861773828 ] } },
{ "type": "Feature", "properties": { "timestamp": "2026-04-30T16:30:19.001Z", "latitude": 47.203668089282736, "longitude": 8.7650951962929948, "BELAGSART": 100, "surface_classification_asphalt": null, "surface_classification_compacted": null, "surface_classification_paving": null, "surface_classification_sett": null, "surface_classification_standing": null, "surface_swisstopo": "paved", "surface_sensebox": "unknown", "surface_sensebox_probability": 0.0, "match": "unknown" }, "geometry": { "type": "Point", "coordinates": [ 8.765095204954166, 47.20366809932392 ] } },
{ "type": "Feature", "properties": { "timestamp": "2026-04-30T16:30:20.001Z", "latitude": 47.203652472292688, "longitude": 8.7651575793433913, "BELAGSART": 100, "surface_classification_asphalt": null, "surface_classification_compacted": null, "surface_classification_paving": null, "surface_classification_sett": null, "surface_classification_standing": null, "surface_swisstopo": "paved", "surface_sensebox": "unknown", "surface_sensebox_probability": 0.0, "match": "unknown" }, "geometry": { "type": "Point", "coordinates": [ 8.765157588004628, 47.203652482333879 ] } },
{ "type": "Feature", "properties": { "timestamp": "2026-04-30T16:30:21.001Z", "latitude": 47.203632810360261, "longitude": 8.7652197562765455, "BELAGSART": 100, "surface_classification_asphalt": 0.75, "surface_classification_compacted": 0.08, "surface_classification_paving": 0.16, "surface_classification_sett": 0.0, "surface_classification_standing": 0.0, "surface_swisstopo": "paved", "surface_sensebox": "paved", "surface_sensebox_probability": 0.75, "match": "True" }, "geometry": { "type": "Point", "coordinates": [ 8.76521976493785, 47.20363282040141 ] } },
{ "type": "Feature", "properties": { "timestamp": "2026-04-30T16:30:22.001Z", "latitude": 47.203621089668374, "longitude": 8.7652852065055189, "BELAGSART": 100, "surface_classification_asphalt": null, "surface_classification_compacted": null, "surface_classification_paving": null, "surface_classification_sett": null, "surface_classification_standing": null, "surface_swisstopo": "paved", "surface_sensebox": "unknown", "surface_sensebox_probability": 0.0, "match": "unknown" }, "geometry": { "type": "Point", "coordinates": [ 8.765285215166884, 47.203621099709494 ] } },
{ "type": "Feature", "properties": { "timestamp": "2026-04-30T16:30:23.001Z", "latitude": 47.203606769766694, "longitude": 8.7653427829715049, "BELAGSART": 100, "surface_classification_asphalt": null, "surface_classification_compacted": null, "surface_classification_paving": null, "surface_classification_sett": null, "surface_classification_standing": null, "surface_swisstopo": "paved", "surface_sensebox": "unknown", "surface_sensebox_probability": 0.0, "match": "unknown" }, "geometry": { "type": "Point", "coordinates": [ 8.765342791632937, 47.203606779807757 ] } },
{ "type": "Feature", "properties": { "timestamp": "2026-04-30T16:30:24.001Z", "latitude": 47.203592830868459, "longitude": 8.7653969412452231, "BELAGSART": 100, "surface_classification_asphalt": 0.93, "surface_classification_compacted": 0.02, "surface_classification_paving": 0.03, "surface_classification_sett": 0.0, "surface_classification_standing": 0.02, "surface_swisstopo": "paved", "surface_sensebox": "paved", "surface_sensebox_probability": 0.93, "match": "True" }, "geometry": { "type": "Point", "coordinates": [ 8.765396949906707, 47.203592840909522 ] } },
{ "type": "Feature", "properties": { "timestamp": "2026-04-30T16:30:25.001Z", "latitude": 47.203584969425343, "longitude": 8.7654477150369257, "BELAGSART": 100, "surface_classification_asphalt": null, "surface_classification_compacted": null, "surface_classification_paving": null, "surface_classification_sett": null, "surface_classification_standing": null, "surface_swisstopo": "paved", "surface_sensebox": "unknown", "surface_sensebox_probability": 0.0, "match": "unknown" }, "geometry": { "type": "Point", "coordinates": [ 8.765447723698463, 47.203584979466392 ] } },
{ "type": "Feature", "properties": { "timestamp": "2026-04-30T16:30:26.001Z", "latitude": 47.203578302669598, "longitude": 8.7654933791436527, "BELAGSART": 100, "surface_classification_asphalt": null, "surface_classification_compacted": null, "surface_classification_paving": null, "surface_classification_sett": null, "surface_classification_standing": null, "surface_swisstopo": "paved", "surface_sensebox": "unknown", "surface_sensebox_probability": 0.0, "match": "unknown" }, "geometry": { "type": "Point", "coordinates": [ 8.765493387805231, 47.20357831271059 ] } },
{ "type": "Feature", "properties": { "timestamp": "2026-04-30T16:30:27.001Z", "latitude": 47.203567638890142, "longitude": 8.7655285119597082, "BELAGSART": 100, "surface_classification_asphalt": 0.78, "surface_classification_compacted": 0.02, "surface_classification_paving": 0.03, "surface_classification_sett": 0.02, "surface_classification_standing": 0.16, "surface_swisstopo": "paved", "surface_sensebox": "paved", "surface_sensebox_probability": 0.78, "match": "True" }, "geometry": { "type": "Point", "coordinates": [ 8.765528520621331, 47.203567648931156 ] } },
{ "type": "Feature", "properties": { "timestamp": "2026-04-30T16:30:28.001Z", "latitude": 47.203558486336327, "longitude": 8.7655659400769519, "BELAGSART": 100, "surface_classification_asphalt": null, "surface_classification_compacted": null, "surface_classification_paving": null, "surface_classification_sett": null, "surface_classification_standing": null, "surface_swisstopo": "paved", "surface_sensebox": "unknown", "surface_sensebox_probability": 0.0, "match": "unknown" }, "geometry": { "type": "Point", "coordinates": [ 8.765565948738608, 47.203558496377298 ] } },
{ "type": "Feature", "properties": { "timestamp": "2026-04-30T16:30:29.001Z", "latitude": 47.203553774720604, "longitude": 8.7656005885160688, "BELAGSART": 100, "surface_classification_asphalt": null, "surface_classification_compacted": null, "surface_classification_paving": null, "surface_classification_sett": null, "surface_classification_standing": null, "surface_swisstopo": "paved", "surface_sensebox": "unknown", "surface_sensebox_probability": 0.0, "match": "unknown" }, "geometry": { "type": "Point", "coordinates": [ 8.765600597177761, 47.203553784761581 ] } },
{ "type": "Feature", "properties": { "timestamp": "2026-04-30T16:30:30.001Z", "latitude": 47.20354979074191, "longitude": 8.7656308959413192, "BELAGSART": 100, "surface_classification_asphalt": 0.29, "surface_classification_compacted": 0.0, "surface_classification_paving": 0.16, "surface_classification_sett": 0.0, "surface_classification_standing": 0.55, "surface_swisstopo": "paved", "surface_sensebox": "unknown", "surface_sensebox_probability": 0.29, "match": "unknown" }, "geometry": { "type": "Point", "coordinates": [ 8.765630904603041, 47.203549800782852 ] } },
{ "type": "Feature", "properties": { "timestamp": "2026-04-30T16:30:31.001Z", "latitude": 47.203561102283757, "longitude": 8.7656596507855955, "BELAGSART": 100, "surface_classification_asphalt": null, "surface_classification_compacted": null, "surface_classification_paving": null, "surface_classification_sett": null, "surface_classification_standing": null, "surface_swisstopo": "paved", "surface_sensebox": "unknown", "surface_sensebox_probability": 0.0, "match": "unknown" }, "geometry": { "type": "Point", "coordinates": [ 8.765659659447341, 47.203561112324678 ] } },
{ "type": "Feature", "properties": { "timestamp": "2026-04-30T16:30:32.001Z", "latitude": 47.203581116532717, "longitude": 8.7656822160436612, "BELAGSART": 100, "surface_classification_asphalt": 0.79, "surface_classification_compacted": 0.0, "surface_classification_paving": 0.16, "surface_classification_sett": 0.0, "surface_classification_standing": 0.04, "surface_swisstopo": "paved", "surface_sensebox": "paved", "surface_sensebox_probability": 0.79, "match": "True" }, "geometry": { "type": "Point", "coordinates": [ 8.765682224705419, 47.20358112657371 ] } },
{ "type": "Feature", "properties": { "timestamp": "2026-04-30T16:30:33.001Z", "latitude": 47.203609044719549, "longitude": 8.7656992365308177, "BELAGSART": 100, "surface_classification_asphalt": null, "surface_classification_compacted": null, "surface_classification_paving": null, "surface_classification_sett": null, "surface_classification_standing": null, "surface_swisstopo": "paved", "surface_sensebox": "unknown", "surface_sensebox_probability": 0.0, "match": "unknown" }, "geometry": { "type": "Point", "coordinates": [ 8.765699245192588, 47.203609054760534 ] } },
{ "type": "Feature", "properties": { "timestamp": "2026-04-30T16:30:34.001Z", "latitude": 47.203637652463584, "longitude": 8.7657232295368726, "BELAGSART": 100, "surface_classification_asphalt": null, "surface_classification_compacted": null, "surface_classification_paving": null, "surface_classification_sett": null, "surface_classification_standing": null, "surface_swisstopo": "paved", "surface_sensebox": "unknown", "surface_sensebox_probability": 0.0, "match": "unknown" }, "geometry": { "type": "Point", "coordinates": [ 8.765723238198657, 47.203637662504562 ] } },
{ "type": "Feature", "properties": { "timestamp": "2026-04-30T16:30:35.001Z", "latitude": 47.203669774515049, "longitude": 8.7657557316176629, "BELAGSART": 100, "surface_classification_asphalt": 0.89, "surface_classification_compacted": 0.04, "surface_classification_paving": 0.06, "surface_classification_sett": 0.0, "surface_classification_standing": 0.0, "surface_swisstopo": "paved", "surface_sensebox": "paved", "surface_sensebox_probability": 0.89, "match": "True" }, "geometry": { "type": "Point", "coordinates": [ 8.765755740279467, 47.203669784556027 ] } },
{ "type": "Feature", "properties": { "timestamp": "2026-04-30T16:30:36.001Z", "latitude": 47.203704595121216, "longitude": 8.7657850631042535, "BELAGSART": 100, "surface_classification_asphalt": null, "surface_classification_compacted": null, "surface_classification_paving": null, "surface_classification_sett": null, "surface_classification_standing": null, "surface_swisstopo": "paved", "surface_sensebox": "unknown", "surface_sensebox_probability": 0.0, "match": "unknown" }, "geometry": { "type": "Point", "coordinates": [ 8.765785071766075, 47.203704605162201 ] } },
{ "type": "Feature", "properties": { "timestamp": "2026-04-30T16:30:37.001Z", "latitude": 47.203736655349424, "longitude": 8.7658177275372946, "BELAGSART": 100, "surface_classification_asphalt": null, "surface_classification_compacted": null, "surface_classification_paving": null, "surface_classification_sett": null, "surface_classification_standing": null, "surface_swisstopo": "paved", "surface_sensebox": "unknown", "surface_sensebox_probability": 0.0, "match": "unknown" }, "geometry": { "type": "Point", "coordinates": [ 8.765817736199145, 47.20373666539038 ] } },
{ "type": "Feature", "properties": { "timestamp": "2026-04-30T16:30:38.001Z", "latitude": 47.203771673549703, "longitude": 8.7658533102720408, "BELAGSART": 100, "surface_classification_asphalt": 0.47, "surface_classification_compacted": 0.47, "surface_classification_paving": 0.05, "surface_classification_sett": 0.0, "surface_classification_standing": 0.0, "surface_swisstopo": "paved", "surface_sensebox": "unknown", "surface_sensebox_probability": 0.47, "match": "unknown" }, "geometry": { "type": "Point", "coordinates": [ 8.765853318933912, 47.203771683590702 ] } },
{ "type": "Feature", "properties": { "timestamp": "2026-04-30T16:30:39.001Z", "latitude": 47.203807284236589, "longitude": 8.7658841281009341, "BELAGSART": 100, "surface_classification_asphalt": null, "surface_classification_compacted": null, "surface_classification_paving": null, "surface_classification_sett": null, "surface_classification_standing": null, "surface_swisstopo": "paved", "surface_sensebox": "unknown", "surface_sensebox_probability": 0.0, "match": "unknown" }, "geometry": { "type": "Point", "coordinates": [ 8.765884136762821, 47.203807294277595 ] } },
{ "type": "Feature", "properties": { "timestamp": "2026-04-30T16:30:40.001Z", "latitude": 47.20384558777787, "longitude": 8.7659133499386535, "BELAGSART": 100, "surface_classification_asphalt": null, "surface_classification_compacted": null, "surface_classification_paving": null, "surface_classification_sett": null, "surface_classification_standing": null, "surface_swisstopo": "paved", "surface_sensebox": "unknown", "surface_sensebox_probability": 0.0, "match": "unknown" }, "geometry": { "type": "Point", "coordinates": [ 8.765913358600558, 47.203845597818884 ] } },
{ "type": "Feature", "properties": { "timestamp": "2026-04-30T16:30:41.001Z", "latitude": 47.203883826697066, "longitude": 8.7659475162239211, "BELAGSART": 100, "surface_classification_asphalt": 0.0, "surface_classification_compacted": 0.0, "surface_classification_paving": 0.0, "surface_classification_sett": 1.0, "surface_classification_standing": 0.0, "surface_swisstopo": "paved", "surface_sensebox": "paved", "surface_sensebox_probability": 1.0, "match": "True" }, "geometry": { "type": "Point", "coordinates": [ 8.765947524885844, 47.203883836738029 ] } },
{ "type": "Feature", "properties": { "timestamp": "2026-04-30T16:30:42.001Z", "latitude": 47.203922264600074, "longitude": 8.7659787121593755, "BELAGSART": 100, "surface_classification_asphalt": null, "surface_classification_compacted": null, "surface_classification_paving": null, "surface_classification_sett": null, "surface_classification_standing": null, "surface_swisstopo": "paved", "surface_sensebox": "unknown", "surface_sensebox_probability": 0.0, "match": "unknown" }, "geometry": { "type": "Point", "coordinates": [ 8.765978720821316, 47.203922274641037 ] } },
{ "type": "Feature", "properties": { "timestamp": "2026-04-30T16:30:43.001Z", "latitude": 47.203965307264355, "longitude": 8.7660037361415402, "BELAGSART": 100, "surface_classification_asphalt": null, "surface_classification_compacted": null, "surface_classification_paving": null, "surface_classification_sett": null, "surface_classification_standing": null, "surface_swisstopo": "paved", "surface_sensebox": "unknown", "surface_sensebox_probability": 0.0, "match": "unknown" }, "geometry": { "type": "Point", "coordinates": [ 8.766003744803493, 47.203965317305382 ] } },
{ "type": "Feature", "properties": { "timestamp": "2026-04-30T16:30:44.001Z", "latitude": 47.204005415519788, "longitude": 8.7660323811324883, "BELAGSART": 100, "surface_classification_asphalt": 0.09, "surface_classification_compacted": 0.02, "surface_classification_paving": 0.16, "surface_classification_sett": 0.74, "surface_classification_standing": 0.0, "surface_swisstopo": "paved", "surface_sensebox": "paved", "surface_sensebox_probability": 0.74, "match": "True" }, "geometry": { "type": "Point", "coordinates": [ 8.766032389794457, 47.204005425560808 ] } },
{ "type": "Feature", "properties": { "timestamp": "2026-04-30T16:30:45.001Z", "latitude": 47.204042462093305, "longitude": 8.7660685026280039, "BELAGSART": 100, "surface_classification_asphalt": null, "surface_classification_compacted": null, "surface_classification_paving": null, "surface_classification_sett": null, "surface_classification_standing": null, "surface_swisstopo": "paved", "surface_sensebox": "unknown", "surface_sensebox_probability": 0.0, "match": "unknown" }, "geometry": { "type": "Point", "coordinates": [ 8.766068511289998, 47.204042472134326 ] } },
{ "type": "Feature", "properties": { "timestamp": "2026-04-30T16:30:46.001Z", "latitude": 47.204086464539976, "longitude": 8.7660978195300672, "BELAGSART": 100, "surface_classification_asphalt": null, "surface_classification_compacted": null, "surface_classification_paving": null, "surface_classification_sett": null, "surface_classification_standing": null, "surface_swisstopo": "paved", "surface_sensebox": "unknown", "surface_sensebox_probability": 0.0, "match": "unknown" }, "geometry": { "type": "Point", "coordinates": [ 8.76609782819207, 47.204086474580997 ] } },
{ "type": "Feature", "properties": { "timestamp": "2026-04-30T16:30:47.001Z", "latitude": 47.204130887239089, "longitude": 8.7661232028796423, "BELAGSART": 100, "surface_classification_asphalt": 0.27, "surface_classification_compacted": 0.66, "surface_classification_paving": 0.06, "surface_classification_sett": 0.01, "surface_classification_standing": 0.0, "surface_swisstopo": "paved", "surface_sensebox": "nature", "surface_sensebox_probability": 0.66, "match": "False" }, "geometry": { "type": "Point", "coordinates": [ 8.766123211541656, 47.204130897280095 ] } },
{ "type": "Feature", "properties": { "timestamp": "2026-04-30T16:30:48.001Z", "latitude": 47.204175541945936, "longitude": 8.7661520023060255, "BELAGSART": 100, "surface_classification_asphalt": null, "surface_classification_compacted": null, "surface_classification_paving": null, "surface_classification_sett": null, "surface_classification_standing": null, "surface_swisstopo": "paved", "surface_sensebox": "unknown", "surface_sensebox_probability": 0.0, "match": "unknown" }, "geometry": { "type": "Point", "coordinates": [ 8.766152010968051, 47.204175551986985 ] } },
{ "type": "Feature", "properties": { "timestamp": "2026-04-30T16:30:49.001Z", "latitude": 47.204220662290744, "longitude": 8.766185727878911, "BELAGSART": 100, "surface_classification_asphalt": 0.87, "surface_classification_compacted": 0.07, "surface_classification_paving": 0.04, "surface_classification_sett": 0.02, "surface_classification_standing": 0.0, "surface_swisstopo": "paved", "surface_sensebox": "paved", "surface_sensebox_probability": 0.87, "match": "True" }, "geometry": { "type": "Point", "coordinates": [ 8.766185736540956, 47.204220672331793 ] } },
{ "type": "Feature", "properties": { "timestamp": "2026-04-30T16:30:50.001Z", "latitude": 47.204265468531581, "longitude": 8.7662173279772215, "BELAGSART": 100, "surface_classification_asphalt": null, "surface_classification_compacted": null, "surface_classification_paving": null, "surface_classification_sett": null, "surface_classification_standing": null, "surface_swisstopo": "paved", "surface_sensebox": "unknown", "surface_sensebox_probability": 0.0, "match": "unknown" }, "geometry": { "type": "Point", "coordinates": [ 8.766217336639285, 47.204265478572594 ] } },
{ "type": "Feature", "properties": { "timestamp": "2026-04-30T16:30:51.001Z", "latitude": 47.204310918537509, "longitude": 8.7662467338448273, "BELAGSART": 100, "surface_classification_asphalt": null, "surface_classification_compacted": null, "surface_classification_paving": null, "surface_classification_sett": null, "surface_classification_standing": null, "surface_swisstopo": "paved", "surface_sensebox": "unknown", "surface_sensebox_probability": 0.0, "match": "unknown" }, "geometry": { "type": "Point", "coordinates": [ 8.766246742506908, 47.204310928578558 ] } },
{ "type": "Feature", "properties": { "timestamp": "2026-04-30T16:30:52.001Z", "latitude": 47.204357504710046, "longitude": 8.7662737877979673, "BELAGSART": 100, "surface_classification_asphalt": 0.93, "surface_classification_compacted": 0.01, "surface_classification_paving": 0.06, "surface_classification_sett": 0.0, "surface_classification_standing": 0.0, "surface_swisstopo": "paved", "surface_sensebox": "paved", "surface_sensebox_probability": 0.93, "match": "True" }, "geometry": { "type": "Point", "coordinates": [ 8.766273796460057, 47.204357514751088 ] } },
{ "type": "Feature", "properties": { "timestamp": "2026-04-30T16:30:53.001Z", "latitude": 47.2043988868989, "longitude": 8.766303246078305, "BELAGSART": 100, "surface_classification_asphalt": null, "surface_classification_compacted": null, "surface_classification_paving": null, "surface_classification_sett": null, "surface_classification_standing": null, "surface_swisstopo": "paved", "surface_sensebox": "unknown", "surface_sensebox_probability": 0.0, "match": "unknown" }, "geometry": { "type": "Point", "coordinates": [ 8.766303254740407, 47.204398896939949 ] } },
{ "type": "Feature", "properties": { "timestamp": "2026-04-30T16:30:54.001Z", "latitude": 47.204446032338033, "longitude": 8.7663253649470612, "BELAGSART": 100, "surface_classification_asphalt": null, "surface_classification_compacted": null, "surface_classification_paving": null, "surface_classification_sett": null, "surface_classification_standing": null, "surface_swisstopo": "paved", "surface_sensebox": "unknown", "surface_sensebox_probability": 0.0, "match": "unknown" }, "geometry": { "type": "Point", "coordinates": [ 8.766325373609172, 47.204446042379097 ] } },
{ "type": "Feature", "properties": { "timestamp": "2026-04-30T16:30:55.001Z", "latitude": 47.204493528972648, "longitude": 8.7663440593420265, "BELAGSART": 100, "surface_classification_asphalt": 0.66, "surface_classification_compacted": 0.02, "surface_classification_paving": 0.27, "surface_classification_sett": 0.02, "surface_classification_standing": 0.03, "surface_swisstopo": "paved", "surface_sensebox": "paved", "surface_sensebox_probability": 0.66, "match": "True" }, "geometry": { "type": "Point", "coordinates": [ 8.766344068004141, 47.204493539013733 ] } },
{ "type": "Feature", "properties": { "timestamp": "2026-04-30T16:30:56.001Z", "latitude": 47.204546334004533, "longitude": 8.7663552182899593, "BELAGSART": 100, "surface_classification_asphalt": null, "surface_classification_compacted": null, "surface_classification_paving": null, "surface_classification_sett": null, "surface_classification_standing": null, "surface_swisstopo": "paved", "surface_sensebox": "unknown", "surface_sensebox_probability": 0.0, "match": "unknown" }, "geometry": { "type": "Point", "coordinates": [ 8.76635522695207, 47.204546344045653 ] } },
{ "type": "Feature", "properties": { "timestamp": "2026-04-30T16:30:57.001Z", "latitude": 47.204599378102401, "longitude": 8.766362050875367, "BELAGSART": 100, "surface_classification_asphalt": null, "surface_classification_compacted": null, "surface_classification_paving": null, "surface_classification_sett": null, "surface_classification_standing": null, "surface_swisstopo": "paved", "surface_sensebox": "unknown", "surface_sensebox_probability": 0.0, "match": "unknown" }, "geometry": { "type": "Point", "coordinates": [ 8.766362059537467, 47.204599388143507 ] } },
{ "type": "Feature", "properties": { "timestamp": "2026-04-30T16:30:58.001Z", "latitude": 47.204646141963202, "longitude": 8.7663736504723691, "BELAGSART": 100, "surface_classification_asphalt": 0.09, "surface_classification_compacted": 0.88, "surface_classification_paving": 0.02, "surface_classification_sett": 0.0, "surface_classification_standing": 0.0, "surface_swisstopo": "paved", "surface_sensebox": "nature", "surface_sensebox_probability": 0.88, "match": "False" }, "geometry": { "type": "Point", "coordinates": [ 8.766373659134464, 47.20464615200428 ] } },
{ "type": "Feature", "properties": { "timestamp": "2026-04-30T16:30:59.001Z", "latitude": 47.20468984766481, "longitude": 8.7663778668937056, "BELAGSART": 100, "surface_classification_asphalt": null, "surface_classification_compacted": null, "surface_classification_paving": null, "surface_classification_sett": null, "surface_classification_standing": null, "surface_swisstopo": "paved", "surface_sensebox": "unknown", "surface_sensebox_probability": 0.0, "match": "unknown" }, "geometry": { "type": "Point", "coordinates": [ 8.766377875555795, 47.204689857705958 ] } },
{ "type": "Feature", "properties": { "timestamp": "2026-04-30T16:31:00.001Z", "latitude": 47.204735826164359, "longitude": 8.7663762860847303, "BELAGSART": 100, "surface_classification_asphalt": null, "surface_classification_compacted": null, "surface_classification_paving": null, "surface_classification_sett": null, "surface_classification_standing": null, "surface_swisstopo": "paved", "surface_sensebox": "unknown", "surface_sensebox_probability": 0.0, "match": "unknown" }, "geometry": { "type": "Point", "coordinates": [ 8.7663762947468, 47.20473583620555 ] } },
{ "type": "Feature", "properties": { "timestamp": "2026-04-30T16:31:01.001Z", "latitude": 47.204763410921437, "longitude": 8.7663915791619242, "BELAGSART": 100, "surface_classification_asphalt": 0.95, "surface_classification_compacted": 0.01, "surface_classification_paving": 0.04, "surface_classification_sett": 0.0, "surface_classification_standing": 0.01, "surface_swisstopo": "paved", "surface_sensebox": "paved", "surface_sensebox_probability": 0.95, "match": "True" }, "geometry": { "type": "Point", "coordinates": [ 8.766391587823998, 47.204763420962607 ] } },
{ "type": "Feature", "properties": { "timestamp": "2026-04-30T16:31:02.001Z", "latitude": 47.204793443724064, "longitude": 8.7664058151671238, "BELAGSART": 100, "surface_classification_asphalt": null, "surface_classification_compacted": null, "surface_classification_paving": null, "surface_classification_sett": null, "surface_classification_standing": null, "surface_swisstopo": "paved", "surface_sensebox": "unknown", "surface_sensebox_probability": 0.0, "match": "unknown" }, "geometry": { "type": "Point", "coordinates": [ 8.766405823829201, 47.204793453765255 ] } },
{ "type": "Feature", "properties": { "timestamp": "2026-04-30T16:31:03.001Z", "latitude": 47.204826078670145, "longitude": 8.7664325854172809, "BELAGSART": 100, "surface_classification_asphalt": 0.41, "surface_classification_compacted": 0.46, "surface_classification_paving": 0.09, "surface_classification_sett": 0.04, "surface_classification_standing": 0.0, "surface_swisstopo": "paved", "surface_sensebox": "unknown", "surface_sensebox_probability": 0.46, "match": "unknown" }, "geometry": { "type": "Point", "coordinates": [ 8.766432594079374, 47.204826088711336 ] } },
{ "type": "Feature", "properties": { "timestamp": "2026-04-30T16:31:04.001Z", "latitude": 47.204850861666003, "longitude": 8.7664763754425277, "BELAGSART": 100, "surface_classification_asphalt": null, "surface_classification_compacted": null, "surface_classification_paving": null, "surface_classification_sett": null, "surface_classification_standing": null, "surface_swisstopo": "paved", "surface_sensebox": "unknown", "surface_sensebox_probability": 0.0, "match": "unknown" }, "geometry": { "type": "Point", "coordinates": [ 8.766476384104658, 47.204850871707137 ] } },
{ "type": "Feature", "properties": { "timestamp": "2026-04-30T16:31:05.001Z", "latitude": 47.204859072678509, "longitude": 8.7665359725555394, "BELAGSART": 100, "surface_classification_asphalt": null, "surface_classification_compacted": null, "surface_classification_paving": null, "surface_classification_sett": null, "surface_classification_standing": null, "surface_swisstopo": "paved", "surface_sensebox": "unknown", "surface_sensebox_probability": 0.0, "match": "unknown" }, "geometry": { "type": "Point", "coordinates": [ 8.766535981217721, 47.204859082719672 ] } },
{ "type": "Feature", "properties": { "timestamp": "2026-04-30T16:31:06.001Z", "latitude": 47.204855752257728, "longitude": 8.7665979377350318, "BELAGSART": 100, "surface_classification_asphalt": 0.27, "surface_classification_compacted": 0.48, "surface_classification_paving": 0.2, "surface_classification_sett": 0.05, "surface_classification_standing": 0.0, "surface_swisstopo": "paved", "surface_sensebox": "unknown", "surface_sensebox_probability": 0.48, "match": "unknown" }, "geometry": { "type": "Point", "coordinates": [ 8.766597946397278, 47.20485576229887 ] } },
{ "type": "Feature", "properties": { "timestamp": "2026-04-30T16:31:07.001Z", "latitude": 47.204849376670083, "longitude": 8.7666613018797275, "BELAGSART": 100, "surface_classification_asphalt": null, "surface_classification_compacted": null, "surface_classification_paving": null, "surface_classification_sett": null, "surface_classification_standing": null, "surface_swisstopo": "paved", "surface_sensebox": "unknown", "surface_sensebox_probability": 0.0, "match": "unknown" }, "geometry": { "type": "Point", "coordinates": [ 8.766661310542034, 47.204849386711189 ] } },
{ "type": "Feature", "properties": { "timestamp": "2026-04-30T16:31:08.001Z", "latitude": 47.204838585525096, "longitude": 8.7667287866595345, "BELAGSART": 100, "surface_classification_asphalt": null, "surface_classification_compacted": null, "surface_classification_paving": null, "surface_classification_sett": null, "surface_classification_standing": null, "surface_swisstopo": "paved", "surface_sensebox": "unknown", "surface_sensebox_probability": 0.0, "match": "unknown" }, "geometry": { "type": "Point", "coordinates": [ 8.766728795321916, 47.204838595566208 ] } },
{ "type": "Feature", "properties": { "timestamp": "2026-04-30T16:31:09.001Z", "latitude": 47.204828468156897, "longitude": 8.7667970086746099, "BELAGSART": 100, "surface_classification_asphalt": 0.91, "surface_classification_compacted": 0.02, "surface_classification_paving": 0.06, "surface_classification_sett": 0.0, "surface_classification_standing": 0.01, "surface_swisstopo": "paved", "surface_sensebox": "paved", "surface_sensebox_probability": 0.91, "match": "True" }, "geometry": { "type": "Point", "coordinates": [ 8.766797017337055, 47.204828478197925 ] } },
{ "type": "Feature", "properties": { "timestamp": "2026-04-30T16:31:10.001Z", "latitude": 47.204817080967906, "longitude": 8.7668654308524552, "BELAGSART": 100, "surface_classification_asphalt": null, "surface_classification_compacted": null, "surface_classification_paving": null, "surface_classification_sett": null, "surface_classification_standing": null, "surface_swisstopo": "paved", "surface_sensebox": "unknown", "surface_sensebox_probability": 0.0, "match": "unknown" }, "geometry": { "type": "Point", "coordinates": [ 8.766865439514971, 47.204817091009005 ] } },
{ "type": "Feature", "properties": { "timestamp": "2026-04-30T16:31:11.001Z", "latitude": 47.204804090969233, "longitude": 8.7669316228353509, "BELAGSART": 100, "surface_classification_asphalt": null, "surface_classification_compacted": null, "surface_classification_paving": null, "surface_classification_sett": null, "surface_classification_standing": null, "surface_swisstopo": "paved", "surface_sensebox": "unknown", "surface_sensebox_probability": 0.0, "match": "unknown" }, "geometry": { "type": "Point", "coordinates": [ 8.766931631497934, 47.204804101010268 ] } },
{ "type": "Feature", "properties": { "timestamp": "2026-04-30T16:31:12.001Z", "latitude": 47.204791056513699, "longitude": 8.7669922800908839, "BELAGSART": 100, "surface_classification_asphalt": 0.85, "surface_classification_compacted": 0.01, "surface_classification_paving": 0.13, "surface_classification_sett": 0.0, "surface_classification_standing": 0.01, "surface_swisstopo": "paved", "surface_sensebox": "paved", "surface_sensebox_probability": 0.85, "match": "True" }, "geometry": { "type": "Point", "coordinates": [ 8.766992288753528, 47.204791066554733 ] } },
{ "type": "Feature", "properties": { "timestamp": "2026-04-30T16:31:13.001Z", "latitude": 47.204780761173033, "longitude": 8.7670646682217122, "BELAGSART": 100, "surface_classification_asphalt": null, "surface_classification_compacted": null, "surface_classification_paving": null, "surface_classification_sett": null, "surface_classification_standing": null, "surface_swisstopo": "paved", "surface_sensebox": "unknown", "surface_sensebox_probability": 0.0, "match": "unknown" }, "geometry": { "type": "Point", "coordinates": [ 8.767064676884429, 47.204780771213997 ] } },
{ "type": "Feature", "properties": { "timestamp": "2026-04-30T16:31:14.001Z", "latitude": 47.204771776889949, "longitude": 8.7671317574789089, "BELAGSART": 100, "surface_classification_asphalt": null, "surface_classification_compacted": null, "surface_classification_paving": null, "surface_classification_sett": null, "surface_classification_standing": null, "surface_swisstopo": "paved", "surface_sensebox": "unknown", "surface_sensebox_probability": 0.0, "match": "unknown" }, "geometry": { "type": "Point", "coordinates": [ 8.767131766141695, 47.204771786930912 ] } },
{ "type": "Feature", "properties": { "timestamp": "2026-04-30T16:31:15.001Z", "latitude": 47.204759401262677, "longitude": 8.7671963669308184, "BELAGSART": 100, "surface_classification_asphalt": 0.21, "surface_classification_compacted": 0.57, "surface_classification_paving": 0.21, "surface_classification_sett": 0.01, "surface_classification_standing": 0.0, "surface_swisstopo": "paved", "surface_sensebox": "nature", "surface_sensebox_probability": 0.57, "match": "False" }, "geometry": { "type": "Point", "coordinates": [ 8.767196375593667, 47.204759411303584 ] } },
{ "type": "Feature", "properties": { "timestamp": "2026-04-30T16:31:16.001Z", "latitude": 47.204745180994571, "longitude": 8.7672620700886252, "BELAGSART": 100, "surface_classification_asphalt": null, "surface_classification_compacted": null, "surface_classification_paving": null, "surface_classification_sett": null, "surface_classification_standing": null, "surface_swisstopo": "paved", "surface_sensebox": "unknown", "surface_sensebox_probability": 0.0, "match": "unknown" }, "geometry": { "type": "Point", "coordinates": [ 8.767262078751545, 47.204745191035471 ] } },
{ "type": "Feature", "properties": { "timestamp": "2026-04-30T16:31:17.001Z", "latitude": 47.204733671177074, "longitude": 8.7673310512592746, "BELAGSART": 100, "surface_classification_asphalt": null, "surface_classification_compacted": null, "surface_classification_paving": null, "surface_classification_sett": null, "surface_classification_standing": null, "surface_swisstopo": "paved", "surface_sensebox": "unknown", "surface_sensebox_probability": 0.0, "match": "unknown" }, "geometry": { "type": "Point", "coordinates": [ 8.76733105992226, 47.204733681217938 ] } },
{ "type": "Feature", "properties": { "timestamp": "2026-04-30T16:31:18.001Z", "latitude": 47.204723782750428, "longitude": 8.7673992216939727, "BELAGSART": 100, "surface_classification_asphalt": 0.09, "surface_classification_compacted": 0.78, "surface_classification_paving": 0.11, "surface_classification_sett": 0.02, "surface_classification_standing": 0.0, "surface_swisstopo": "paved", "surface_sensebox": "nature", "surface_sensebox_probability": 0.78, "match": "False" }, "geometry": { "type": "Point", "coordinates": [ 8.767399230357034, 47.204723792791285 ] } },
{ "type": "Feature", "properties": { "timestamp": "2026-04-30T16:31:19.001Z", "latitude": 47.204710244143619, "longitude": 8.767469027002889, "BELAGSART": 100, "surface_classification_asphalt": null, "surface_classification_compacted": null, "surface_classification_paving": null, "surface_classification_sett": null, "surface_classification_standing": null, "surface_swisstopo": "paved", "surface_sensebox": "unknown", "surface_sensebox_probability": 0.0, "match": "unknown" }, "geometry": { "type": "Point", "coordinates": [ 8.767469035666016, 47.204710254184448 ] } },
{ "type": "Feature", "properties": { "timestamp": "2026-04-30T16:31:20.001Z", "latitude": 47.2046905184217, "longitude": 8.7675409569065117, "BELAGSART": 100, "surface_classification_asphalt": 0.41, "surface_classification_compacted": 0.26, "surface_classification_paving": 0.32, "surface_classification_sett": 0.01, "surface_classification_standing": 0.0, "surface_swisstopo": "paved", "surface_sensebox": "unknown", "surface_sensebox_probability": 0.41, "match": "unknown" }, "geometry": { "type": "Point", "coordinates": [ 8.767540965569713, 47.204690528462493 ] } },
{ "type": "Feature", "properties": { "timestamp": "2026-04-30T16:31:21.001Z", "latitude": 47.204677609699033, "longitude": 8.7676048782396574, "BELAGSART": 100, "surface_classification_asphalt": null, "surface_classification_compacted": null, "surface_classification_paving": null, "surface_classification_sett": null, "surface_classification_standing": null, "surface_swisstopo": "paved", "surface_sensebox": "unknown", "surface_sensebox_probability": 0.0, "match": "unknown" }, "geometry": { "type": "Point", "coordinates": [ 8.767604886902928, 47.204677619739783 ] } },
{ "type": "Feature", "properties": { "timestamp": "2026-04-30T16:31:22.001Z", "latitude": 47.204662651123471, "longitude": 8.7676687897104166, "BELAGSART": 100, "surface_classification_asphalt": null, "surface_classification_compacted": null, "surface_classification_paving": null, "surface_classification_sett": null, "surface_classification_standing": null, "surface_swisstopo": "paved", "surface_sensebox": "unknown", "surface_sensebox_probability": 0.0, "match": "unknown" }, "geometry": { "type": "Point", "coordinates": [ 8.767668798373753, 47.204662661164207 ] } },
{ "type": "Feature", "properties": { "timestamp": "2026-04-30T16:31:23.001Z", "latitude": 47.204646384175192, "longitude": 8.7677341608704218, "BELAGSART": 100, "surface_classification_asphalt": 0.05, "surface_classification_compacted": 0.84, "surface_classification_paving": 0.1, "surface_classification_sett": 0.0, "surface_classification_standing": 0.0, "surface_swisstopo": "paved", "surface_sensebox": "nature", "surface_sensebox_probability": 0.84, "match": "False" }, "geometry": { "type": "Point", "coordinates": [ 8.767734169533826, 47.204646394215935 ] } },
{ "type": "Feature", "properties": { "timestamp": "2026-04-30T16:31:24.001Z", "latitude": 47.204634669175853, "longitude": 8.767792808068533, "BELAGSART": 100, "surface_classification_asphalt": null, "surface_classification_compacted": null, "surface_classification_paving": null, "surface_classification_sett": null, "surface_classification_standing": null, "surface_swisstopo": "paved", "surface_sensebox": "unknown", "surface_sensebox_probability": 0.0, "match": "unknown" }, "geometry": { "type": "Point", "coordinates": [ 8.767792816731999, 47.204634679216561 ] } },
{ "type": "Feature", "properties": { "timestamp": "2026-04-30T16:31:25.001Z", "latitude": 47.204626464672245, "longitude": 8.7678507244555295, "BELAGSART": 100, "surface_classification_asphalt": null, "surface_classification_compacted": null, "surface_classification_paving": null, "surface_classification_sett": null, "surface_classification_standing": null, "surface_swisstopo": "paved", "surface_sensebox": "unknown", "surface_sensebox_probability": 0.0, "match": "unknown" }, "geometry": { "type": "Point", "coordinates": [ 8.767850733119053, 47.204626474712903 ] } },
{ "type": "Feature", "properties": { "timestamp": "2026-04-30T16:31:26.001Z", "latitude": 47.204624208422722, "longitude": 8.7679146917344362, "BELAGSART": 100, "surface_classification_asphalt": 0.39, "surface_classification_compacted": 0.2, "surface_classification_paving": 0.39, "surface_classification_sett": 0.0, "surface_classification_standing": 0.0, "surface_swisstopo": "paved", "surface_sensebox": "unknown", "surface_sensebox_probability": 0.39, "match": "unknown" }, "geometry": { "type": "Point", "coordinates": [ 8.767914700398022, 47.20462421846338 ] } },
{ "type": "Feature", "properties": { "timestamp": "2026-04-30T16:31:27.001Z", "latitude": 47.20461747361788, "longitude": 8.7679857857811854, "BELAGSART": 100, "surface_classification_asphalt": null, "surface_classification_compacted": null, "surface_classification_paving": null, "surface_classification_sett": null, "surface_classification_standing": null, "surface_swisstopo": "paved", "surface_sensebox": "unknown", "surface_sensebox_probability": 0.0, "match": "unknown" }, "geometry": { "type": "Point", "coordinates": [ 8.767985794444835, 47.204617483658517 ] } },
{ "type": "Feature", "properties": { "timestamp": "2026-04-30T16:31:28.001Z", "latitude": 47.204601279546566, "longitude": 8.7680436715345635, "BELAGSART": 100, "surface_classification_asphalt": null, "surface_classification_compacted": null, "surface_classification_paving": null, "surface_classification_sett": null, "surface_classification_standing": null, "surface_swisstopo": "paved", "surface_sensebox": "unknown", "surface_sensebox_probability": 0.0, "match": "unknown" }, "geometry": { "type": "Point", "coordinates": [ 8.768043680198277, 47.204601289587167 ] } },
{ "type": "Feature", "properties": { "timestamp": "2026-04-30T16:31:29.001Z", "latitude": 47.204582780046778, "longitude": 8.7681093656004805, "BELAGSART": 100, "surface_classification_asphalt": 0.91, "surface_classification_compacted": 0.01, "surface_classification_paving": 0.06, "surface_classification_sett": 0.0, "surface_classification_standing": 0.03, "surface_swisstopo": "paved", "surface_sensebox": "paved", "surface_sensebox_probability": 0.91, "match": "True" }, "geometry": { "type": "Point", "coordinates": [ 8.76810937426426, 47.204582790087358 ] } },
{ "type": "Feature", "properties": { "timestamp": "2026-04-30T16:31:30.001Z", "latitude": 47.204571865409186, "longitude": 8.7681717033544651, "BELAGSART": 100, "surface_classification_asphalt": null, "surface_classification_compacted": null, "surface_classification_paving": null, "surface_classification_sett": null, "surface_classification_standing": null, "surface_swisstopo": "paved", "surface_sensebox": "unknown", "surface_sensebox_probability": 0.0, "match": "unknown" }, "geometry": { "type": "Point", "coordinates": [ 8.768171712018312, 47.204571875449737 ] } },
{ "type": "Feature", "properties": { "timestamp": "2026-04-30T16:31:31.001Z", "latitude": 47.204553224493793, "longitude": 8.7682265734010176, "BELAGSART": 100, "surface_classification_asphalt": null, "surface_classification_compacted": null, "surface_classification_paving": null, "surface_classification_sett": null, "surface_classification_standing": null, "surface_swisstopo": "paved", "surface_sensebox": "unknown", "surface_sensebox_probability": 0.0, "match": "unknown" }, "geometry": { "type": "Point", "coordinates": [ 8.768226582064925, 47.20455323453438 ] } },
{ "type": "Feature", "properties": { "timestamp": "2026-04-30T16:31:32.001Z", "latitude": 47.204536611156598, "longitude": 8.768289701150076, "BELAGSART": 100, "surface_classification_asphalt": 0.62, "surface_classification_compacted": 0.02, "surface_classification_paving": 0.36, "surface_classification_sett": 0.0, "surface_classification_standing": 0.01, "surface_swisstopo": "paved", "surface_sensebox": "paved", "surface_sensebox_probability": 0.62, "match": "True" }, "geometry": { "type": "Point", "coordinates": [ 8.768289709814047, 47.204536621197107 ] } },
{ "type": "Feature", "properties": { "timestamp": "2026-04-30T16:31:33.001Z", "latitude": 47.204523178961971, "longitude": 8.7683536901937451, "BELAGSART": 100, "surface_classification_asphalt": null, "surface_classification_compacted": null, "surface_classification_paving": null, "surface_classification_sett": null, "surface_classification_standing": null, "surface_swisstopo": "paved", "surface_sensebox": "unknown", "surface_sensebox_probability": 0.0, "match": "unknown" }, "geometry": { "type": "Point", "coordinates": [ 8.768353698857782, 47.204523189002458 ] } },
{ "type": "Feature", "properties": { "timestamp": "2026-04-30T16:31:34.001Z", "latitude": 47.204505363315647, "longitude": 8.7684193394892844, "BELAGSART": 100, "surface_classification_asphalt": 0.41, "surface_classification_compacted": 0.03, "surface_classification_paving": 0.52, "surface_classification_sett": 0.01, "surface_classification_standing": 0.03, "surface_swisstopo": "paved", "surface_sensebox": "paved", "surface_sensebox_probability": 0.52, "match": "True" }, "geometry": { "type": "Point", "coordinates": [ 8.76841934815339, 47.20450537335612 ] } },
{ "type": "Feature", "properties": { "timestamp": "2026-04-30T16:31:35.001Z", "latitude": 47.20448829597121, "longitude": 8.7684864136790086, "BELAGSART": 100, "surface_classification_asphalt": null, "surface_classification_compacted": null, "surface_classification_paving": null, "surface_classification_sett": null, "surface_classification_standing": null, "surface_swisstopo": "paved", "surface_sensebox": "unknown", "surface_sensebox_probability": 0.0, "match": "unknown" }, "geometry": { "type": "Point", "coordinates": [ 8.768486422343184, 47.20448830601164 ] } },
{ "type": "Feature", "properties": { "timestamp": "2026-04-30T16:31:36.001Z", "latitude": 47.204470534771936, "longitude": 8.7685489479331888, "BELAGSART": 100, "surface_classification_asphalt": null, "surface_classification_compacted": null, "surface_classification_paving": null, "surface_classification_sett": null, "surface_classification_standing": null, "surface_swisstopo": "paved", "surface_sensebox": "unknown", "surface_sensebox_probability": 0.0, "match": "unknown" }, "geometry": { "type": "Point", "coordinates": [ 8.768548956597431, 47.204470544812338 ] } },
{ "type": "Feature", "properties": { "timestamp": "2026-04-30T16:31:37.001Z", "latitude": 47.204455443501224, "longitude": 8.7686221363829038, "BELAGSART": 100, "surface_classification_asphalt": 0.86, "surface_classification_compacted": 0.05, "surface_classification_paving": 0.08, "surface_classification_sett": 0.0, "surface_classification_standing": 0.0, "surface_swisstopo": "paved", "surface_sensebox": "paved", "surface_sensebox_probability": 0.86, "match": "True" }, "geometry": { "type": "Point", "coordinates": [ 8.768622145047216, 47.204455453541648 ] } },
{ "type": "Feature", "properties": { "timestamp": "2026-04-30T16:31:38.001Z", "latitude": 47.204442924915547, "longitude": 8.7686942593329373, "BELAGSART": 100, "surface_classification_asphalt": null, "surface_classification_compacted": null, "surface_classification_paving": null, "surface_classification_sett": null, "surface_classification_standing": null, "surface_swisstopo": "paved", "surface_sensebox": "unknown", "surface_sensebox_probability": 0.0, "match": "unknown" }, "geometry": { "type": "Point", "coordinates": [ 8.768694267997326, 47.204442934955942 ] } },
{ "type": "Feature", "properties": { "timestamp": "2026-04-30T16:31:39.001Z", "latitude": 47.204430414744174, "longitude": 8.7687628872348053, "BELAGSART": 100, "surface_classification_asphalt": null, "surface_classification_compacted": null, "surface_classification_paving": null, "surface_classification_sett": null, "surface_classification_standing": null, "surface_swisstopo": "paved", "surface_sensebox": "unknown", "surface_sensebox_probability": 0.0, "match": "unknown" }, "geometry": { "type": "Point", "coordinates": [ 8.768762895899265, 47.204430424784526 ] } },
{ "type": "Feature", "properties": { "timestamp": "2026-04-30T16:31:40.001Z", "latitude": 47.204417119092, "longitude": 8.7688326949605901, "BELAGSART": 100, "surface_classification_asphalt": 0.75, "surface_classification_compacted": 0.02, "surface_classification_paving": 0.22, "surface_classification_sett": 0.0, "surface_classification_standing": 0.0, "surface_swisstopo": "paved", "surface_sensebox": "paved", "surface_sensebox_probability": 0.75, "match": "True" }, "geometry": { "type": "Point", "coordinates": [ 8.768832703625119, 47.204417129132324 ] } },
{ "type": "Feature", "properties": { "timestamp": "2026-04-30T16:31:41.001Z", "latitude": 47.204400093900261, "longitude": 8.7689037129396716, "BELAGSART": 100, "surface_classification_asphalt": null, "surface_classification_compacted": null, "surface_classification_paving": null, "surface_classification_sett": null, "surface_classification_standing": null, "surface_swisstopo": "paved", "surface_sensebox": "unknown", "surface_sensebox_probability": 0.0, "match": "unknown" }, "geometry": { "type": "Point", "coordinates": [ 8.768903721604273, 47.204400103940515 ] } },
{ "type": "Feature", "properties": { "timestamp": "2026-04-30T16:31:42.001Z", "latitude": 47.204386031530433, "longitude": 8.7689733942070003, "BELAGSART": 100, "surface_classification_asphalt": null, "surface_classification_compacted": null, "surface_classification_paving": null, "surface_classification_sett": null, "surface_classification_standing": null, "surface_swisstopo": "paved", "surface_sensebox": "unknown", "surface_sensebox_probability": 0.0, "match": "unknown" }, "geometry": { "type": "Point", "coordinates": [ 8.768973402871671, 47.204386041570658 ] } },
{ "type": "Feature", "properties": { "timestamp": "2026-04-30T16:31:43.001Z", "latitude": 47.204370483540657, "longitude": 8.7690447084119132, "BELAGSART": 100, "surface_classification_asphalt": 0.95, "surface_classification_compacted": 0.0, "surface_classification_paving": 0.05, "surface_classification_sett": 0.0, "surface_classification_standing": 0.0, "surface_swisstopo": "paved", "surface_sensebox": "paved", "surface_sensebox_probability": 0.95, "match": "True" }, "geometry": { "type": "Point", "coordinates": [ 8.76904471707666, 47.204370493580917 ] } },
{ "type": "Feature", "properties": { "timestamp": "2026-04-30T16:31:44.001Z", "latitude": 47.204353966991057, "longitude": 8.7691165549282832, "BELAGSART": 100, "surface_classification_asphalt": null, "surface_classification_compacted": null, "surface_classification_paving": null, "surface_classification_sett": null, "surface_classification_standing": null, "surface_swisstopo": "paved", "surface_sensebox": "unknown", "surface_sensebox_probability": 0.0, "match": "unknown" }, "geometry": { "type": "Point", "coordinates": [ 8.769116563593105, 47.204353977031303 ] } },
{ "type": "Feature", "properties": { "timestamp": "2026-04-30T16:31:45.001Z", "latitude": 47.20433695087786, "longitude": 8.7691838186797213, "BELAGSART": 100, "surface_classification_asphalt": null, "surface_classification_compacted": null, "surface_classification_paving": null, "surface_classification_sett": null, "surface_classification_standing": null, "surface_swisstopo": "paved", "surface_sensebox": "unknown", "surface_sensebox_probability": 0.0, "match": "unknown" }, "geometry": { "type": "Point", "coordinates": [ 8.769183827344616, 47.204336960918027 ] } },
{ "type": "Feature", "properties": { "timestamp": "2026-04-30T16:31:46.001Z", "latitude": 47.204321914637859, "longitude": 8.769258382760718, "BELAGSART": 100, "surface_classification_asphalt": 0.91, "surface_classification_compacted": 0.04, "surface_classification_paving": 0.05, "surface_classification_sett": 0.0, "surface_classification_standing": 0.0, "surface_swisstopo": "paved", "surface_sensebox": "paved", "surface_sensebox_probability": 0.91, "match": "True" }, "geometry": { "type": "Point", "coordinates": [ 8.769258391425687, 47.204321924678062 ] } },
{ "type": "Feature", "properties": { "timestamp": "2026-04-30T16:31:47.001Z", "latitude": 47.204306806864373, "longitude": 8.7693315018493507, "BELAGSART": 100, "surface_classification_asphalt": null, "surface_classification_compacted": null, "surface_classification_paving": null, "surface_classification_sett": null, "surface_classification_standing": null, "surface_swisstopo": "paved", "surface_sensebox": "unknown", "surface_sensebox_probability": 0.0, "match": "unknown" }, "geometry": { "type": "Point", "coordinates": [ 8.769331510514393, 47.20430681690452 ] } },
{ "type": "Feature", "properties": { "timestamp": "2026-04-30T16:31:48.001Z", "latitude": 47.204292487038629, "longitude": 8.7694049791801287, "BELAGSART": 100, "surface_classification_asphalt": null, "surface_classification_compacted": null, "surface_classification_paving": null, "surface_classification_sett": null, "surface_classification_standing": null, "surface_swisstopo": "paved", "surface_sensebox": "unknown", "surface_sensebox_probability": 0.0, "match": "unknown" }, "geometry": { "type": "Point", "coordinates": [ 8.769404987845249, 47.204292497078733 ] } },
{ "type": "Feature", "properties": { "timestamp": "2026-04-30T16:31:49.001Z", "latitude": 47.204277083206335, "longitude": 8.7694756725681717, "BELAGSART": 100, "surface_classification_asphalt": 0.88, "surface_classification_compacted": 0.01, "surface_classification_paving": 0.09, "surface_classification_sett": 0.0, "surface_classification_standing": 0.02, "surface_swisstopo": "paved", "surface_sensebox": "paved", "surface_sensebox_probability": 0.88, "match": "True" }, "geometry": { "type": "Point", "coordinates": [ 8.769475681233361, 47.204277093246432 ] } },
{ "type": "Feature", "properties": { "timestamp": "2026-04-30T16:31:50.001Z", "latitude": 47.204260717382361, "longitude": 8.7695460151938338, "BELAGSART": 100, "surface_classification_asphalt": null, "surface_classification_compacted": null, "surface_classification_paving": null, "surface_classification_sett": null, "surface_classification_standing": null, "surface_swisstopo": "paved", "surface_sensebox": "unknown", "surface_sensebox_probability": 0.0, "match": "unknown" }, "geometry": { "type": "Point", "coordinates": [ 8.769546023859094, 47.204260727422415 ] } },
{ "type": "Feature", "properties": { "timestamp": "2026-04-30T16:31:51.001Z", "latitude": 47.20424480915608, "longitude": 8.7696164686001268, "BELAGSART": 100, "surface_classification_asphalt": 0.89, "surface_classification_compacted": 0.02, "surface_classification_paving": 0.09, "surface_classification_sett": 0.0, "surface_classification_standing": 0.0, "surface_swisstopo": "paved", "surface_sensebox": "paved", "surface_sensebox_probability": 0.89, "match": "True" }, "geometry": { "type": "Point", "coordinates": [ 8.769616477265462, 47.20424481919612 ] } },
{ "type": "Feature", "properties": { "timestamp": "2026-04-30T16:31:52.001Z", "latitude": 47.204223071640129, "longitude": 8.7696891855759151, "BELAGSART": 100, "surface_classification_asphalt": null, "surface_classification_compacted": null, "surface_classification_paving": null, "surface_classification_sett": null, "surface_classification_standing": null, "surface_swisstopo": "paved", "surface_sensebox": "unknown", "surface_sensebox_probability": 0.0, "match": "unknown" }, "geometry": { "type": "Point", "coordinates": [ 8.769689194241325, 47.204223081680126 ] } },
{ "type": "Feature", "properties": { "timestamp": "2026-04-30T16:31:53.001Z", "latitude": 47.204211283928366, "longitude": 8.7697584657740641, "BELAGSART": 100, "surface_classification_asphalt": null, "surface_classification_compacted": null, "surface_classification_paving": null, "surface_classification_sett": null, "surface_classification_standing": null, "surface_swisstopo": "paved", "surface_sensebox": "unknown", "surface_sensebox_probability": 0.0, "match": "unknown" }, "geometry": { "type": "Point", "coordinates": [ 8.76975847443955, 47.204211293968392 ] } },
{ "type": "Feature", "properties": { "timestamp": "2026-04-30T16:31:54.001Z", "latitude": 47.204193026492057, "longitude": 8.7698292744739579, "BELAGSART": 100, "surface_classification_asphalt": 0.85, "surface_classification_compacted": 0.0, "surface_classification_paving": 0.14, "surface_classification_sett": 0.0, "surface_classification_standing": 0.0, "surface_swisstopo": "paved", "surface_sensebox": "paved", "surface_sensebox_probability": 0.85, "match": "True" }, "geometry": { "type": "Point", "coordinates": [ 8.769829283139513, 47.20419303653199 ] } },
{ "type": "Feature", "properties": { "timestamp": "2026-04-30T16:31:55.001Z", "latitude": 47.204174728992882, "longitude": 8.7699012523189843, "BELAGSART": 100, "surface_classification_asphalt": null, "surface_classification_compacted": null, "surface_classification_paving": null, "surface_classification_sett": null, "surface_classification_standing": null, "surface_swisstopo": "paved", "surface_sensebox": "unknown", "surface_sensebox_probability": 0.0, "match": "unknown" }, "geometry": { "type": "Point", "coordinates": [ 8.769901260984614, 47.204174739032808 ] } },
{ "type": "Feature", "properties": { "timestamp": "2026-04-30T16:31:56.001Z", "latitude": 47.204156781612475, "longitude": 8.7699740768977534, "BELAGSART": 100, "surface_classification_asphalt": null, "surface_classification_compacted": null, "surface_classification_paving": null, "surface_classification_sett": null, "surface_classification_standing": null, "surface_swisstopo": "paved", "surface_sensebox": "unknown", "surface_sensebox_probability": 0.0, "match": "unknown" }, "geometry": { "type": "Point", "coordinates": [ 8.769974085563458, 47.204156791652352 ] } },
{ "type": "Feature", "properties": { "timestamp": "2026-04-30T16:31:57.001Z", "latitude": 47.20414102099933, "longitude": 8.7700478322564006, "BELAGSART": 100, "surface_classification_asphalt": 0.84, "surface_classification_compacted": 0.04, "surface_classification_paving": 0.11, "surface_classification_sett": 0.0, "surface_classification_standing": 0.0, "surface_swisstopo": "paved", "surface_sensebox": "paved", "surface_sensebox_probability": 0.84, "match": "True" }, "geometry": { "type": "Point", "coordinates": [ 8.770047840922183, 47.204141031039185 ] } },
{ "type": "Feature", "properties": { "timestamp": "2026-04-30T16:31:58.001Z", "latitude": 47.204125979776428, "longitude": 8.7701230406629804, "BELAGSART": 100, "surface_classification_asphalt": null, "surface_classification_compacted": null, "surface_classification_paving": null, "surface_classification_sett": null, "surface_classification_standing": null, "surface_swisstopo": "paved", "surface_sensebox": "unknown", "surface_sensebox_probability": 0.0, "match": "unknown" }, "geometry": { "type": "Point", "coordinates": [ 8.77012304932884, 47.204125989816234 ] } },
{ "type": "Feature", "properties": { "timestamp": "2026-04-30T16:31:59.001Z", "latitude": 47.204109544593415, "longitude": 8.7701958074093813, "BELAGSART": 100, "surface_classification_asphalt": null, "surface_classification_compacted": null, "surface_classification_paving": null, "surface_classification_sett": null, "surface_classification_standing": null, "surface_swisstopo": "paved", "surface_sensebox": "unknown", "surface_sensebox_probability": 0.0, "match": "unknown" }, "geometry": { "type": "Point", "coordinates": [ 8.770195816075315, 47.20410955463322 ] } },
{ "type": "Feature", "properties": { "timestamp": "2026-04-30T16:32:00.001Z", "latitude": 47.204093973881257, "longitude": 8.7702665341675523, "BELAGSART": 100, "surface_classification_asphalt": 0.94, "surface_classification_compacted": 0.01, "surface_classification_paving": 0.04, "surface_classification_sett": 0.0, "surface_classification_standing": 0.01, "surface_swisstopo": "paved", "surface_sensebox": "paved", "surface_sensebox_probability": 0.94, "match": "True" }, "geometry": { "type": "Point", "coordinates": [ 8.770266542833559, 47.20409398392102 ] } },
{ "type": "Feature", "properties": { "timestamp": "2026-04-30T16:32:01.001Z", "latitude": 47.204077025406868, "longitude": 8.7703362024755158, "BELAGSART": 100, "surface_classification_asphalt": null, "surface_classification_compacted": null, "surface_classification_paving": null, "surface_classification_sett": null, "surface_classification_standing": null, "surface_swisstopo": "paved", "surface_sensebox": "unknown", "surface_sensebox_probability": 0.0, "match": "unknown" }, "geometry": { "type": "Point", "coordinates": [ 8.770336211141592, 47.204077035446637 ] } },
{ "type": "Feature", "properties": { "timestamp": "2026-04-30T16:32:02.001Z", "latitude": 47.204059475905382, "longitude": 8.770408373090067, "BELAGSART": 100, "surface_classification_asphalt": null, "surface_classification_compacted": null, "surface_classification_paving": null, "surface_classification_sett": null, "surface_classification_standing": null, "surface_swisstopo": "paved", "surface_sensebox": "unknown", "surface_sensebox_probability": 0.0, "match": "unknown" }, "geometry": { "type": "Point", "coordinates": [ 8.770408381756226, 47.204059485945137 ] } },
{ "type": "Feature", "properties": { "timestamp": "2026-04-30T16:32:03.001Z", "latitude": 47.204043307183163, "longitude": 8.7704796893548593, "BELAGSART": 100, "surface_classification_asphalt": 0.67, "surface_classification_compacted": 0.2, "surface_classification_paving": 0.13, "surface_classification_sett": 0.0, "surface_classification_standing": 0.0, "surface_swisstopo": "paved", "surface_sensebox": "paved", "surface_sensebox_probability": 0.67, "match": "True" }, "geometry": { "type": "Point", "coordinates": [ 8.770479698021083, 47.204043317222876 ] } },
{ "type": "Feature", "properties": { "timestamp": "2026-04-30T16:32:04.001Z", "latitude": 47.204026688076652, "longitude": 8.7705477702004426, "BELAGSART": 100, "surface_classification_asphalt": null, "surface_classification_compacted": null, "surface_classification_paving": null, "surface_classification_sett": null, "surface_classification_standing": null, "surface_swisstopo": "paved", "surface_sensebox": "unknown", "surface_sensebox_probability": 0.0, "match": "unknown" }, "geometry": { "type": "Point", "coordinates": [ 8.770547778866739, 47.20402669811633 ] } },
{ "type": "Feature", "properties": { "timestamp": "2026-04-30T16:32:05.001Z", "latitude": 47.204008136465063, "longitude": 8.7706173906400267, "BELAGSART": 100, "surface_classification_asphalt": 0.96, "surface_classification_compacted": 0.0, "surface_classification_paving": 0.02, "surface_classification_sett": 0.0, "surface_classification_standing": 0.0, "surface_swisstopo": "paved", "surface_sensebox": "paved", "surface_sensebox_probability": 0.96, "match": "True" }, "geometry": { "type": "Point", "coordinates": [ 8.770617399306397, 47.204008146504712 ] } },
{ "type": "Feature", "properties": { "timestamp": "2026-04-30T16:32:06.001Z", "latitude": 47.203992084534349, "longitude": 8.7706865083406775, "BELAGSART": 100, "surface_classification_asphalt": null, "surface_classification_compacted": null, "surface_classification_paving": null, "surface_classification_sett": null, "surface_classification_standing": null, "surface_swisstopo": "paved", "surface_sensebox": "unknown", "surface_sensebox_probability": 0.0, "match": "unknown" }, "geometry": { "type": "Point", "coordinates": [ 8.770686517007118, 47.203992094573977 ] } },
{ "type": "Feature", "properties": { "timestamp": "2026-04-30T16:32:07.001Z", "latitude": 47.203976254717531, "longitude": 8.7707594004972211, "BELAGSART": 100, "surface_classification_asphalt": null, "surface_classification_compacted": null, "surface_classification_paving": null, "surface_classification_sett": null, "surface_classification_standing": null, "surface_swisstopo": "paved", "surface_sensebox": "unknown", "surface_sensebox_probability": 0.0, "match": "unknown" }, "geometry": { "type": "Point", "coordinates": [ 8.770759409163746, 47.203976264757145 ] } },
{ "type": "Feature", "properties": { "timestamp": "2026-04-30T16:32:08.001Z", "latitude": 47.203961242429251, "longitude": 8.7708330071597338, "BELAGSART": 100, "surface_classification_asphalt": 0.65, "surface_classification_compacted": 0.04, "surface_classification_paving": 0.3, "surface_classification_sett": 0.0, "surface_classification_standing": 0.01, "surface_swisstopo": "paved", "surface_sensebox": "paved", "surface_sensebox_probability": 0.65, "match": "True" }, "geometry": { "type": "Point", "coordinates": [ 8.770833015826328, 47.203961252468829 ] } },
{ "type": "Feature", "properties": { "timestamp": "2026-04-30T16:32:09.001Z", "latitude": 47.203946587406797, "longitude": 8.7709069500089019, "BELAGSART": 100, "surface_classification_asphalt": null, "surface_classification_compacted": null, "surface_classification_paving": null, "surface_classification_sett": null, "surface_classification_standing": null, "surface_swisstopo": "paved", "surface_sensebox": "unknown", "surface_sensebox_probability": 0.0, "match": "unknown" }, "geometry": { "type": "Point", "coordinates": [ 8.770906958675573, 47.20394659744634 ] } },
{ "type": "Feature", "properties": { "timestamp": "2026-04-30T16:32:10.001Z", "latitude": 47.203926414045533, "longitude": 8.7709774697822702, "BELAGSART": 100, "surface_classification_asphalt": null, "surface_classification_compacted": null, "surface_classification_paving": null, "surface_classification_sett": null, "surface_classification_standing": null, "surface_swisstopo": "paved", "surface_sensebox": "unknown", "surface_sensebox_probability": 0.0, "match": "unknown" }, "geometry": { "type": "Point", "coordinates": [ 8.770977478449018, 47.203926424085019 ] } },
{ "type": "Feature", "properties": { "timestamp": "2026-04-30T16:32:11.001Z", "latitude": 47.203907803874323, "longitude": 8.7710468778870982, "BELAGSART": 100, "surface_classification_asphalt": 0.72, "surface_classification_compacted": 0.17, "surface_classification_paving": 0.11, "surface_classification_sett": 0.0, "surface_classification_standing": 0.0, "surface_swisstopo": "paved", "surface_sensebox": "paved", "surface_sensebox_probability": 0.72, "match": "True" }, "geometry": { "type": "Point", "coordinates": [ 8.771046886553915, 47.203907813913823 ] } },
{ "type": "Feature", "properties": { "timestamp": "2026-04-30T16:32:12.001Z", "latitude": 47.203890155339877, "longitude": 8.7711180835970506, "BELAGSART": 100, "surface_classification_asphalt": null, "surface_classification_compacted": null, "surface_classification_paving": null, "surface_classification_sett": null, "surface_classification_standing": null, "surface_swisstopo": "paved", "surface_sensebox": "unknown", "surface_sensebox_probability": 0.0, "match": "unknown" }, "geometry": { "type": "Point", "coordinates": [ 8.771118092263938, 47.203890165379349 ] } },
{ "type": "Feature", "properties": { "timestamp": "2026-04-30T16:32:13.001Z", "latitude": 47.203871973430054, "longitude": 8.7711909603485108, "BELAGSART": 100, "surface_classification_asphalt": null, "surface_classification_compacted": null, "surface_classification_paving": null, "surface_classification_sett": null, "surface_classification_standing": null, "surface_swisstopo": "paved", "surface_sensebox": "unknown", "surface_sensebox_probability": 0.0, "match": "unknown" }, "geometry": { "type": "Point", "coordinates": [ 8.771190969015475, 47.203871983469476 ] } },
{ "type": "Feature", "properties": { "timestamp": "2026-04-30T16:32:14.001Z", "latitude": 47.203851240699599, "longitude": 8.7712573291687228, "BELAGSART": 100, "surface_classification_asphalt": 0.89, "surface_classification_compacted": 0.02, "surface_classification_paving": 0.09, "surface_classification_sett": 0.0, "surface_classification_standing": 0.0, "surface_swisstopo": "paved", "surface_sensebox": "paved", "surface_sensebox_probability": 0.89, "match": "True" }, "geometry": { "type": "Point", "coordinates": [ 8.771257337835753, 47.203851250739014 ] } },
{ "type": "Feature", "properties": { "timestamp": "2026-04-30T16:32:15.001Z", "latitude": 47.203833370833443, "longitude": 8.7713230531701321, "BELAGSART": 100, "surface_classification_asphalt": null, "surface_classification_compacted": null, "surface_classification_paving": null, "surface_classification_sett": null, "surface_classification_standing": null, "surface_swisstopo": "paved", "surface_sensebox": "unknown", "surface_sensebox_probability": 0.0, "match": "unknown" }, "geometry": { "type": "Point", "coordinates": [ 8.771323061837235, 47.203833380872858 ] } },
{ "type": "Feature", "properties": { "timestamp": "2026-04-30T16:32:16.001Z", "latitude": 47.20381607698959, "longitude": 8.7713928629327675, "BELAGSART": 100, "surface_classification_asphalt": null, "surface_classification_compacted": null, "surface_classification_paving": null, "surface_classification_sett": null, "surface_classification_standing": null, "surface_swisstopo": "paved", "surface_sensebox": "unknown", "surface_sensebox_probability": 0.0, "match": "unknown" }, "geometry": { "type": "Point", "coordinates": [ 8.771392871599945, 47.203816087028926 ] } },
{ "type": "Feature", "properties": { "timestamp": "2026-04-30T16:32:17.001Z", "latitude": 47.203799408468107, "longitude": 8.7714632332719447, "BELAGSART": 100, "surface_classification_asphalt": 0.96, "surface_classification_compacted": 0.0, "surface_classification_paving": 0.03, "surface_classification_sett": 0.0, "surface_classification_standing": 0.0, "surface_swisstopo": "paved", "surface_sensebox": "paved", "surface_sensebox_probability": 0.96, "match": "True" }, "geometry": { "type": "Point", "coordinates": [ 8.771463241939188, 47.203799418507451 ] } },
{ "type": "Feature", "properties": { "timestamp": "2026-04-30T16:32:18.001Z", "latitude": 47.203783589248729, "longitude": 8.7715342379911512, "BELAGSART": 100, "surface_classification_asphalt": null, "surface_classification_compacted": null, "surface_classification_paving": null, "surface_classification_sett": null, "surface_classification_standing": null, "surface_swisstopo": "paved", "surface_sensebox": "unknown", "surface_sensebox_probability": 0.0, "match": "unknown" }, "geometry": { "type": "Point", "coordinates": [ 8.77153424665847, 47.20378359928803 ] } },
{ "type": "Feature", "properties": { "timestamp": "2026-04-30T16:32:19.001Z", "latitude": 47.203770604690824, "longitude": 8.7716002151940966, "BELAGSART": 100, "surface_classification_asphalt": null, "surface_classification_compacted": null, "surface_classification_paving": null, "surface_classification_sett": null, "surface_classification_standing": null, "surface_swisstopo": "paved", "surface_sensebox": "unknown", "surface_sensebox_probability": 0.0, "match": "unknown" }, "geometry": { "type": "Point", "coordinates": [ 8.771600223861485, 47.203770614730075 ] } },
{ "type": "Feature", "properties": { "timestamp": "2026-04-30T16:32:20.001Z", "latitude": 47.203752017539024, "longitude": 8.7716733679138148, "BELAGSART": 100, "surface_classification_asphalt": 0.79, "surface_classification_compacted": 0.01, "surface_classification_paving": 0.18, "surface_classification_sett": 0.0, "surface_classification_standing": 0.02, "surface_swisstopo": "paved", "surface_sensebox": "paved", "surface_sensebox_probability": 0.79, "match": "True" }, "geometry": { "type": "Point", "coordinates": [ 8.771673376581282, 47.203752027578268 ] } },
{ "type": "Feature", "properties": { "timestamp": "2026-04-30T16:32:21.001Z", "latitude": 47.203735074213355, "longitude": 8.7717464835455807, "BELAGSART": 100, "surface_classification_asphalt": null, "surface_classification_compacted": null, "surface_classification_paving": null, "surface_classification_sett": null, "surface_classification_standing": null, "surface_swisstopo": "paved", "surface_sensebox": "unknown", "surface_sensebox_probability": 0.0, "match": "unknown" }, "geometry": { "type": "Point", "coordinates": [ 8.771746492213124, 47.2037350842526 ] } },
{ "type": "Feature", "properties": { "timestamp": "2026-04-30T16:32:22.001Z", "latitude": 47.203718644580029, "longitude": 8.771814837126291, "BELAGSART": 100, "surface_classification_asphalt": null, "surface_classification_compacted": null, "surface_classification_paving": null, "surface_classification_sett": null, "surface_classification_standing": null, "surface_swisstopo": "paved", "surface_sensebox": "unknown", "surface_sensebox_probability": 0.0, "match": "unknown" }, "geometry": { "type": "Point", "coordinates": [ 8.771814845793905, 47.203718654619216 ] } },
{ "type": "Feature", "properties": { "timestamp": "2026-04-30T16:32:23.001Z", "latitude": 47.203702816399208, "longitude": 8.7718821932672721, "BELAGSART": 100, "surface_classification_asphalt": 0.96, "surface_classification_compacted": 0.01, "surface_classification_paving": 0.02, "surface_classification_sett": 0.0, "surface_classification_standing": 0.0, "surface_swisstopo": "paved", "surface_sensebox": "paved", "surface_sensebox_probability": 0.96, "match": "True" }, "geometry": { "type": "Point", "coordinates": [ 8.771882201934954, 47.203702826438338 ] } },
{ "type": "Feature", "properties": { "timestamp": "2026-04-30T16:32:24.001Z", "latitude": 47.203687045942026, "longitude": 8.7719511266869308, "BELAGSART": 100, "surface_classification_asphalt": null, "surface_classification_compacted": null, "surface_classification_paving": null, "surface_classification_sett": null, "surface_classification_standing": null, "surface_swisstopo": "paved", "surface_sensebox": "unknown", "surface_sensebox_probability": 0.0, "match": "unknown" }, "geometry": { "type": "Point", "coordinates": [ 8.771951135354682, 47.203687055981163 ] } },
{ "type": "Feature", "properties": { "timestamp": "2026-04-30T16:32:25.001Z", "latitude": 47.203670352128569, "longitude": 8.7720216273553167, "BELAGSART": 100, "surface_classification_asphalt": 0.82, "surface_classification_compacted": 0.0, "surface_classification_paving": 0.14, "surface_classification_sett": 0.0, "surface_classification_standing": 0.03, "surface_swisstopo": "paved", "surface_sensebox": "paved", "surface_sensebox_probability": 0.82, "match": "True" }, "geometry": { "type": "Point", "coordinates": [ 8.77202163602314, 47.203670362167685 ] } },
{ "type": "Feature", "properties": { "timestamp": "2026-04-30T16:32:26.001Z", "latitude": 47.203654671178285, "longitude": 8.7720917826426152, "BELAGSART": 100, "surface_classification_asphalt": null, "surface_classification_compacted": null, "surface_classification_paving": null, "surface_classification_sett": null, "surface_classification_standing": null, "surface_swisstopo": "paved", "surface_sensebox": "unknown", "surface_sensebox_probability": 0.0, "match": "unknown" }, "geometry": { "type": "Point", "coordinates": [ 8.772091791310514, 47.203654681217436 ] } },
{ "type": "Feature", "properties": { "timestamp": "2026-04-30T16:32:27.001Z", "latitude": 47.203637651863353, "longitude": 8.7721592730826643, "BELAGSART": 100, "surface_classification_asphalt": null, "surface_classification_compacted": null, "surface_classification_paving": null, "surface_classification_sett": null, "surface_classification_standing": null, "surface_swisstopo": "paved", "surface_sensebox": "unknown", "surface_sensebox_probability": 0.0, "match": "unknown" }, "geometry": { "type": "Point", "coordinates": [ 8.77215928175063, 47.203637661902398 ] } },
{ "type": "Feature", "properties": { "timestamp": "2026-04-30T16:32:28.001Z", "latitude": 47.203621560277362, "longitude": 8.7722287616350894, "BELAGSART": 100, "surface_classification_asphalt": 0.89, "surface_classification_compacted": 0.0, "surface_classification_paving": 0.08, "surface_classification_sett": 0.0, "surface_classification_standing": 0.03, "surface_swisstopo": "paved", "surface_sensebox": "paved", "surface_sensebox_probability": 0.89, "match": "True" }, "geometry": { "type": "Point", "coordinates": [ 8.772228770303125, 47.203621570316415 ] } },
{ "type": "Feature", "properties": { "timestamp": "2026-04-30T16:32:29.001Z", "latitude": 47.203605425455343, "longitude": 8.7722990765769246, "BELAGSART": 100, "surface_classification_asphalt": null, "surface_classification_compacted": null, "surface_classification_paving": null, "surface_classification_sett": null, "surface_classification_standing": null, "surface_swisstopo": "paved", "surface_sensebox": "unknown", "surface_sensebox_probability": 0.0, "match": "unknown" }, "geometry": { "type": "Point", "coordinates": [ 8.772299085245042, 47.203605435494403 ] } },
{ "type": "Feature", "properties": { "timestamp": "2026-04-30T16:32:30.001Z", "latitude": 47.20359329436193, "longitude": 8.7723715072400772, "BELAGSART": 100, "surface_classification_asphalt": null, "surface_classification_compacted": null, "surface_classification_paving": null, "surface_classification_sett": null, "surface_classification_standing": null, "surface_swisstopo": "paved", "surface_sensebox": "unknown", "surface_sensebox_probability": 0.0, "match": "unknown" }, "geometry": { "type": "Point", "coordinates": [ 8.772371515908258, 47.203593304400897 ] } },
{ "type": "Feature", "properties": { "timestamp": "2026-04-30T16:32:31.001Z", "latitude": 47.203581628706935, "longitude": 8.7724431237887774, "BELAGSART": 100, "surface_classification_asphalt": 0.95, "surface_classification_compacted": 0.01, "surface_classification_paving": 0.04, "surface_classification_sett": 0.0, "surface_classification_standing": 0.0, "surface_swisstopo": "paved", "surface_sensebox": "paved", "surface_sensebox_probability": 0.95, "match": "True" }, "geometry": { "type": "Point", "coordinates": [ 8.772443132457035, 47.203581638745874 ] } },
{ "type": "Feature", "properties": { "timestamp": "2026-04-30T16:32:32.001Z", "latitude": 47.203570246863208, "longitude": 8.7725133732669534, "BELAGSART": 100, "surface_classification_asphalt": null, "surface_classification_compacted": null, "surface_classification_paving": null, "surface_classification_sett": null, "surface_classification_standing": null, "surface_swisstopo": "paved", "surface_sensebox": "unknown", "surface_sensebox_probability": 0.0, "match": "unknown" }, "geometry": { "type": "Point", "coordinates": [ 8.772513381935285, 47.203570256902132 ] } },
{ "type": "Feature", "properties": { "timestamp": "2026-04-30T16:32:33.001Z", "latitude": 47.203559094259127, "longitude": 8.7725809850382124, "BELAGSART": 100, "surface_classification_asphalt": null, "surface_classification_compacted": null, "surface_classification_paving": null, "surface_classification_sett": null, "surface_classification_standing": null, "surface_swisstopo": "paved", "surface_sensebox": "unknown", "surface_sensebox_probability": 0.0, "match": "unknown" }, "geometry": { "type": "Point", "coordinates": [ 8.77258099370661, 47.20355910429803 ] } },
{ "type": "Feature", "properties": { "timestamp": "2026-04-30T16:32:34.001Z", "latitude": 47.203550842668726, "longitude": 8.7726450497488955, "BELAGSART": 100, "surface_classification_asphalt": 0.95, "surface_classification_compacted": 0.01, "surface_classification_paving": 0.02, "surface_classification_sett": 0.0, "surface_classification_standing": 0.02, "surface_swisstopo": "paved", "surface_sensebox": "paved", "surface_sensebox_probability": 0.95, "match": "True" }, "geometry": { "type": "Point", "coordinates": [ 8.772645058417355, 47.203550852707615 ] } },
{ "type": "Feature", "properties": { "timestamp": "2026-04-30T16:32:35.001Z", "latitude": 47.203544059335186, "longitude": 8.7727066505719495, "BELAGSART": 100, "surface_classification_asphalt": null, "surface_classification_compacted": null, "surface_classification_paving": null, "surface_classification_sett": null, "surface_classification_standing": null, "surface_swisstopo": "paved", "surface_sensebox": "unknown", "surface_sensebox_probability": 0.0, "match": "unknown" }, "geometry": { "type": "Point", "coordinates": [ 8.77270665924047, 47.20354406937404 ] } },
{ "type": "Feature", "properties": { "timestamp": "2026-04-30T16:32:36.001Z", "latitude": 47.203537341314771, "longitude": 8.7727669855797181, "BELAGSART": 100, "surface_classification_asphalt": null, "surface_classification_compacted": null, "surface_classification_paving": null, "surface_classification_sett": null, "surface_classification_standing": null, "surface_swisstopo": "paved", "surface_sensebox": "unknown", "surface_sensebox_probability": 0.0, "match": "unknown" }, "geometry": { "type": "Point", "coordinates": [ 8.7727669942483, 47.203537351353667 ] } },
{ "type": "Feature", "properties": { "timestamp": "2026-04-30T16:32:37.001Z", "latitude": 47.203532457570709, "longitude": 8.7728274383591529, "BELAGSART": 100, "surface_classification_asphalt": 0.7, "surface_classification_compacted": 0.13, "surface_classification_paving": 0.11, "surface_classification_sett": 0.03, "surface_classification_standing": 0.04, "surface_swisstopo": "paved", "surface_sensebox": "paved", "surface_sensebox_probability": 0.7, "match": "True" }, "geometry": { "type": "Point", "coordinates": [ 8.772827447027796, 47.203532467609584 ] } },
{ "type": "Feature", "properties": { "timestamp": "2026-04-30T16:32:38.001Z", "latitude": 47.203529143023772, "longitude": 8.7728812316352656, "BELAGSART": 100, "surface_classification_asphalt": null, "surface_classification_compacted": null, "surface_classification_paving": null, "surface_classification_sett": null, "surface_classification_standing": null, "surface_swisstopo": "paved", "surface_sensebox": "unknown", "surface_sensebox_probability": 0.0, "match": "unknown" }, "geometry": { "type": "Point", "coordinates": [ 8.772881240303963, 47.203529153062576 ] } },
{ "type": "Feature", "properties": { "timestamp": "2026-04-30T16:32:39.002Z", "latitude": 47.203523023462189, "longitude": 8.7729319770899057, "BELAGSART": 100, "surface_classification_asphalt": 0.91, "surface_classification_compacted": 0.01, "surface_classification_paving": 0.07, "surface_classification_sett": 0.0, "surface_classification_standing": 0.01, "surface_swisstopo": "paved", "surface_sensebox": "paved", "surface_sensebox_probability": 0.91, "match": "True" }, "geometry": { "type": "Point", "coordinates": [ 8.77293198575865, 47.203523033501007 ] } },
{ "type": "Feature", "properties": { "timestamp": "2026-04-30T16:32:40.002Z", "latitude": 47.203514985911298, "longitude": 8.7729820440770858, "BELAGSART": 100, "surface_classification_asphalt": null, "surface_classification_compacted": null, "surface_classification_paving": null, "surface_classification_sett": null, "surface_classification_standing": null, "surface_swisstopo": "paved", "surface_sensebox": "unknown", "surface_sensebox_probability": 0.0, "match": "unknown" }, "geometry": { "type": "Point", "coordinates": [ 8.772982052745881, 47.203514995950087 ] } },
{ "type": "Feature", "properties": { "timestamp": "2026-04-30T16:32:41.002Z", "latitude": 47.20350767280619, "longitude": 8.7730302808642104, "BELAGSART": 100, "surface_classification_asphalt": null, "surface_classification_compacted": null, "surface_classification_paving": null, "surface_classification_sett": null, "surface_classification_standing": null, "surface_swisstopo": "paved", "surface_sensebox": "unknown", "surface_sensebox_probability": 0.0, "match": "unknown" }, "geometry": { "type": "Point", "coordinates": [ 8.773030289533056, 47.20350768284495 ] } },
{ "type": "Feature", "properties": { "timestamp": "2026-04-30T16:32:42.002Z", "latitude": 47.203500229743007, "longitude": 8.7730766552189472, "BELAGSART": 100, "surface_classification_asphalt": 0.86, "surface_classification_compacted": 0.02, "surface_classification_paving": 0.11, "surface_classification_sett": 0.0, "surface_classification_standing": 0.01, "surface_swisstopo": "paved", "surface_sensebox": "paved", "surface_sensebox_probability": 0.86, "match": "True" }, "geometry": { "type": "Point", "coordinates": [ 8.77307666388784, 47.203500239781754 ] } },
{ "type": "Feature", "properties": { "timestamp": "2026-04-30T16:32:43.002Z", "latitude": 47.203491414648298, "longitude": 8.7731257418290571, "BELAGSART": 100, "surface_classification_asphalt": null, "surface_classification_compacted": null, "surface_classification_paving": null, "surface_classification_sett": null, "surface_classification_standing": null, "surface_swisstopo": "paved", "surface_sensebox": "unknown", "surface_sensebox_probability": 0.0, "match": "unknown" }, "geometry": { "type": "Point", "coordinates": [ 8.773125750497998, 47.20349142468703 ] } },
{ "type": "Feature", "properties": { "timestamp": "2026-04-30T16:32:44.002Z", "latitude": 47.203481354681131, "longitude": 8.7731715271476212, "BELAGSART": 100, "surface_classification_asphalt": null, "surface_classification_compacted": null, "surface_classification_paving": null, "surface_classification_sett": null, "surface_classification_standing": null, "surface_swisstopo": "paved", "surface_sensebox": "unknown", "surface_sensebox_probability": 0.0, "match": "unknown" }, "geometry": { "type": "Point", "coordinates": [ 8.773171535816614, 47.203481364719821 ] } },
{ "type": "Feature", "properties": { "timestamp": "2026-04-30T16:32:45.002Z", "latitude": 47.203475528027781, "longitude": 8.7732190137451873, "BELAGSART": 100, "surface_classification_asphalt": 0.84, "surface_classification_compacted": 0.01, "surface_classification_paving": 0.13, "surface_classification_sett": 0.0, "surface_classification_standing": 0.03, "surface_swisstopo": "paved", "surface_sensebox": "paved", "surface_sensebox_probability": 0.84, "match": "True" }, "geometry": { "type": "Point", "coordinates": [ 8.773219022414223, 47.203475538066506 ] } },
{ "type": "Feature", "properties": { "timestamp": "2026-04-30T16:32:46.002Z", "latitude": 47.203468075063746, "longitude": 8.773265485858202, "BELAGSART": 100, "surface_classification_asphalt": null, "surface_classification_compacted": null, "surface_classification_paving": null, "surface_classification_sett": null, "surface_classification_standing": null, "surface_swisstopo": "paved", "surface_sensebox": "unknown", "surface_sensebox_probability": 0.0, "match": "unknown" }, "geometry": { "type": "Point", "coordinates": [ 8.77326549452728, 47.20346808510245 ] } },
{ "type": "Feature", "properties": { "timestamp": "2026-04-30T16:32:47.002Z", "latitude": 47.20345931929193, "longitude": 8.7733136306822566, "BELAGSART": 100, "surface_classification_asphalt": null, "surface_classification_compacted": null, "surface_classification_paving": null, "surface_classification_sett": null, "surface_classification_standing": null, "surface_swisstopo": "paved", "surface_sensebox": "unknown", "surface_sensebox_probability": 0.0, "match": "unknown" }, "geometry": { "type": "Point", "coordinates": [ 8.773313639351388, 47.203459329330592 ] } },
{ "type": "Feature", "properties": { "timestamp": "2026-04-30T16:32:48.002Z", "latitude": 47.203449854351739, "longitude": 8.7733620247029425, "BELAGSART": 100, "surface_classification_asphalt": 0.78, "surface_classification_compacted": 0.02, "surface_classification_paving": 0.12, "surface_classification_sett": 0.0, "surface_classification_standing": 0.08, "surface_swisstopo": "paved", "surface_sensebox": "paved", "surface_sensebox_probability": 0.78, "match": "True" }, "geometry": { "type": "Point", "coordinates": [ 8.773362033372125, 47.2034498643904 ] } },
{ "type": "Feature", "properties": { "timestamp": "2026-04-30T16:32:49.002Z", "latitude": 47.203440063859922, "longitude": 8.7734131781232794, "BELAGSART": 100, "surface_classification_asphalt": null, "surface_classification_compacted": null, "surface_classification_paving": null, "surface_classification_sett": null, "surface_classification_standing": null, "surface_swisstopo": "paved", "surface_sensebox": "unknown", "surface_sensebox_probability": 0.0, "match": "unknown" }, "geometry": { "type": "Point", "coordinates": [ 8.773413186792517, 47.203440073898562 ] } },
{ "type": "Feature", "properties": { "timestamp": "2026-04-30T16:32:50.002Z", "latitude": 47.203429376458843, "longitude": 8.7734618294122182, "BELAGSART": 100, "surface_classification_asphalt": null, "surface_classification_compacted": null, "surface_classification_paving": null, "surface_classification_sett": null, "surface_classification_standing": null, "surface_swisstopo": "paved", "surface_sensebox": "unknown", "surface_sensebox_probability": 0.0, "match": "unknown" }, "geometry": { "type": "Point", "coordinates": [ 8.773461838081504, 47.203429386497433 ] } },
{ "type": "Feature", "properties": { "timestamp": "2026-04-30T16:32:51.002Z", "latitude": 47.2034179559408, "longitude": 8.773512864817917, "BELAGSART": 100, "surface_classification_asphalt": 0.89, "surface_classification_compacted": 0.02, "surface_classification_paving": 0.09, "surface_classification_sett": 0.0, "surface_classification_standing": 0.0, "surface_swisstopo": "paved", "surface_sensebox": "paved", "surface_sensebox_probability": 0.89, "match": "True" }, "geometry": { "type": "Point", "coordinates": [ 8.773512873487253, 47.203417965979448 ] } },
{ "type": "Feature", "properties": { "timestamp": "2026-04-30T16:32:52.002Z", "latitude": 47.203407720752438, "longitude": 8.773565237333905, "BELAGSART": 100, "surface_classification_asphalt": null, "surface_classification_compacted": null, "surface_classification_paving": null, "surface_classification_sett": null, "surface_classification_standing": null, "surface_swisstopo": "paved", "surface_sensebox": "unknown", "surface_sensebox_probability": 0.0, "match": "unknown" }, "geometry": { "type": "Point", "coordinates": [ 8.773565246003292, 47.203407730791 ] } },
{ "type": "Feature", "properties": { "timestamp": "2026-04-30T16:32:53.002Z", "latitude": 47.203394393885304, "longitude": 8.7736171789638888, "BELAGSART": 100, "surface_classification_asphalt": 0.2, "surface_classification_compacted": 0.77, "surface_classification_paving": 0.03, "surface_classification_sett": 0.0, "surface_classification_standing": 0.0, "surface_swisstopo": "paved", "surface_sensebox": "nature", "surface_sensebox_probability": 0.77, "match": "False" }, "geometry": { "type": "Point", "coordinates": [ 8.773617187633334, 47.203394403923845 ] } },
{ "type": "Feature", "properties": { "timestamp": "2026-04-30T16:32:54.002Z", "latitude": 47.203384897738673, "longitude": 8.7736694110444979, "BELAGSART": 100, "surface_classification_asphalt": null, "surface_classification_compacted": null, "surface_classification_paving": null, "surface_classification_sett": null, "surface_classification_standing": null, "surface_swisstopo": "paved", "surface_sensebox": "unknown", "surface_sensebox_probability": 0.0, "match": "unknown" }, "geometry": { "type": "Point", "coordinates": [ 8.773669419713995, 47.20338490777722 ] } },
{ "type": "Feature", "properties": { "timestamp": "2026-04-30T16:32:55.002Z", "latitude": 47.203375939116661, "longitude": 8.7737233107015768, "BELAGSART": 100, "surface_classification_asphalt": null, "surface_classification_compacted": null, "surface_classification_paving": null, "surface_classification_sett": null, "surface_classification_standing": null, "surface_swisstopo": "paved", "surface_sensebox": "unknown", "surface_sensebox_probability": 0.0, "match": "unknown" }, "geometry": { "type": "Point", "coordinates": [ 8.773723319371124, 47.203375949155166 ] } },
{ "type": "Feature", "properties": { "timestamp": "2026-04-30T16:32:56.002Z", "latitude": 47.20336512937218, "longitude": 8.7737772037696136, "BELAGSART": 100, "surface_classification_asphalt": 0.95, "surface_classification_compacted": 0.02, "surface_classification_paving": 0.03, "surface_classification_sett": 0.0, "surface_classification_standing": 0.01, "surface_swisstopo": "paved", "surface_sensebox": "paved", "surface_sensebox_probability": 0.95, "match": "True" }, "geometry": { "type": "Point", "coordinates": [ 8.773777212439219, 47.2033651394107 ] } },
{ "type": "Feature", "properties": { "timestamp": "2026-04-30T16:32:57.002Z", "latitude": 47.203351713352092, "longitude": 8.7738336870830658, "BELAGSART": 100, "surface_classification_asphalt": null, "surface_classification_compacted": null, "surface_classification_paving": null, "surface_classification_sett": null, "surface_classification_standing": null, "surface_swisstopo": "paved", "surface_sensebox": "unknown", "surface_sensebox_probability": 0.0, "match": "unknown" }, "geometry": { "type": "Point", "coordinates": [ 8.77383369575273, 47.203351723390576 ] } },
{ "type": "Feature", "properties": { "timestamp": "2026-04-30T16:32:58.002Z", "latitude": 47.203339742328659, "longitude": 8.7738945489565303, "BELAGSART": 100, "surface_classification_asphalt": null, "surface_classification_compacted": null, "surface_classification_paving": null, "surface_classification_sett": null, "surface_classification_standing": null, "surface_swisstopo": "paved", "surface_sensebox": "unknown", "surface_sensebox_probability": 0.0, "match": "unknown" }, "geometry": { "type": "Point", "coordinates": [ 8.77389455762626, 47.203339752367143 ] } },
{ "type": "Feature", "properties": { "timestamp": "2026-04-30T16:32:59.002Z", "latitude": 47.20332775034732, "longitude": 8.7739553661293748, "BELAGSART": 100, "surface_classification_asphalt": 0.71, "surface_classification_compacted": 0.16, "surface_classification_paving": 0.12, "surface_classification_sett": 0.0, "surface_classification_standing": 0.01, "surface_swisstopo": "paved", "surface_sensebox": "paved", "surface_sensebox_probability": 0.71, "match": "True" }, "geometry": { "type": "Point", "coordinates": [ 8.773955374799169, 47.203327760385761 ] } },
{ "type": "Feature", "properties": { "timestamp": "2026-04-30T16:33:00.002Z", "latitude": 47.20331892333855, "longitude": 8.7740205928909454, "BELAGSART": 100, "surface_classification_asphalt": null, "surface_classification_compacted": null, "surface_classification_paving": null, "surface_classification_sett": null, "surface_classification_standing": null, "surface_swisstopo": "paved", "surface_sensebox": "unknown", "surface_sensebox_probability": 0.0, "match": "unknown" }, "geometry": { "type": "Point", "coordinates": [ 8.7740206015608, 47.203318933376927 ] } },
{ "type": "Feature", "properties": { "timestamp": "2026-04-30T16:33:01.002Z", "latitude": 47.203307168708669, "longitude": 8.7740831024035248, "BELAGSART": 100, "surface_classification_asphalt": null, "surface_classification_compacted": null, "surface_classification_paving": null, "surface_classification_sett": null, "surface_classification_standing": null, "surface_swisstopo": "paved", "surface_sensebox": "unknown", "surface_sensebox_probability": 0.0, "match": "unknown" }, "geometry": { "type": "Point", "coordinates": [ 8.774083111073438, 47.203307178747082 ] } },
{ "type": "Feature", "properties": { "timestamp": "2026-04-30T16:33:02.002Z", "latitude": 47.20329299353395, "longitude": 8.7741476049317626, "BELAGSART": 100, "surface_classification_asphalt": 0.9, "surface_classification_compacted": 0.0, "surface_classification_paving": 0.09, "surface_classification_sett": 0.0, "surface_classification_standing": 0.0, "surface_swisstopo": "paved", "surface_sensebox": "paved", "surface_sensebox_probability": 0.9, "match": "True" }, "geometry": { "type": "Point", "coordinates": [ 8.774147613601745, 47.203293003572291 ] } },
{ "type": "Feature", "properties": { "timestamp": "2026-04-30T16:33:03.002Z", "latitude": 47.203283712121355, "longitude": 8.7742104547286619, "BELAGSART": 100, "surface_classification_asphalt": null, "surface_classification_compacted": null, "surface_classification_paving": null, "surface_classification_sett": null, "surface_classification_standing": null, "surface_swisstopo": "paved", "surface_sensebox": "unknown", "surface_sensebox_probability": 0.0, "match": "unknown" }, "geometry": { "type": "Point", "coordinates": [ 8.774210463398711, 47.203283722159732 ] } },
{ "type": "Feature", "properties": { "timestamp": "2026-04-30T16:33:04.002Z", "latitude": 47.203276832431619, "longitude": 8.7742765465370809, "BELAGSART": 100, "surface_classification_asphalt": null, "surface_classification_compacted": null, "surface_classification_paving": null, "surface_classification_sett": null, "surface_classification_standing": null, "surface_swisstopo": "paved", "surface_sensebox": "unknown", "surface_sensebox_probability": 0.0, "match": "unknown" }, "geometry": { "type": "Point", "coordinates": [ 8.774276555207194, 47.203276842469897 ] } },
{ "type": "Feature", "properties": { "timestamp": "2026-04-30T16:33:05.002Z", "latitude": 47.20327090701155, "longitude": 8.7743414652028342, "BELAGSART": 100, "surface_classification_asphalt": 0.92, "surface_classification_compacted": 0.02, "surface_classification_paving": 0.06, "surface_classification_sett": 0.0, "surface_classification_standing": 0.0, "surface_swisstopo": "paved", "surface_sensebox": "paved", "surface_sensebox_probability": 0.92, "match": "True" }, "geometry": { "type": "Point", "coordinates": [ 8.77434147387301, 47.203270917049863 ] } },
{ "type": "Feature", "properties": { "timestamp": "2026-04-30T16:33:06.002Z", "latitude": 47.203259877991059, "longitude": 8.7744040787115356, "BELAGSART": 100, "surface_classification_asphalt": null, "surface_classification_compacted": null, "surface_classification_paving": null, "surface_classification_sett": null, "surface_classification_standing": null, "surface_swisstopo": "paved", "surface_sensebox": "unknown", "surface_sensebox_probability": 0.0, "match": "unknown" }, "geometry": { "type": "Point", "coordinates": [ 8.774404087381777, 47.203259888029329 ] } },
{ "type": "Feature", "properties": { "timestamp": "2026-04-30T16:33:07.002Z", "latitude": 47.20325075373178, "longitude": 8.7744660927405391, "BELAGSART": 100, "surface_classification_asphalt": null, "surface_classification_compacted": null, "surface_classification_paving": null, "surface_classification_sett": null, "surface_classification_standing": null, "surface_swisstopo": "paved", "surface_sensebox": "unknown", "surface_sensebox_probability": 0.0, "match": "unknown" }, "geometry": { "type": "Point", "coordinates": [ 8.774466101410843, 47.203250763770058 ] } },
{ "type": "Feature", "properties": { "timestamp": "2026-04-30T16:33:08.002Z", "latitude": 47.203244146586272, "longitude": 8.7745321106040937, "BELAGSART": 100, "surface_classification_asphalt": 0.93, "surface_classification_compacted": 0.01, "surface_classification_paving": 0.06, "surface_classification_sett": 0.0, "surface_classification_standing": 0.01, "surface_swisstopo": "paved", "surface_sensebox": "paved", "surface_sensebox_probability": 0.93, "match": "True" }, "geometry": { "type": "Point", "coordinates": [ 8.774532119274463, 47.203244156624528 ] } },
{ "type": "Feature", "properties": { "timestamp": "2026-04-30T16:33:09.002Z", "latitude": 47.203239738188891, "longitude": 8.7745981389331789, "BELAGSART": 100, "surface_classification_asphalt": null, "surface_classification_compacted": null, "surface_classification_paving": null, "surface_classification_sett": null, "surface_classification_standing": null, "surface_swisstopo": "paved", "surface_sensebox": "unknown", "surface_sensebox_probability": 0.0, "match": "unknown" }, "geometry": { "type": "Point", "coordinates": [ 8.774598147603609, 47.203239748227112 ] } },
{ "type": "Feature", "properties": { "timestamp": "2026-04-30T16:33:10.002Z", "latitude": 47.203237587057231, "longitude": 8.7746645682403308, "BELAGSART": 100, "surface_classification_asphalt": 0.93, "surface_classification_compacted": 0.02, "surface_classification_paving": 0.05, "surface_classification_sett": 0.0, "surface_classification_standing": 0.01, "surface_swisstopo": "paved", "surface_sensebox": "paved", "surface_sensebox_probability": 0.93, "match": "True" }, "geometry": { "type": "Point", "coordinates": [ 8.774664576910828, 47.203237597095431 ] } },
{ "type": "Feature", "properties": { "timestamp": "2026-04-30T16:33:11.002Z", "latitude": 47.203232638829647, "longitude": 8.7747258114400264, "BELAGSART": 100, "surface_classification_asphalt": null, "surface_classification_compacted": null, "surface_classification_paving": null, "surface_classification_sett": null, "surface_classification_standing": null, "surface_swisstopo": "paved", "surface_sensebox": "unknown", "surface_sensebox_probability": 0.0, "match": "unknown" }, "geometry": { "type": "Point", "coordinates": [ 8.774725820110582, 47.203232648867811 ] } },
{ "type": "Feature", "properties": { "timestamp": "2026-04-30T16:33:12.002Z", "latitude": 47.203229347039731, "longitude": 8.7747917036615313, "BELAGSART": 100, "surface_classification_asphalt": null, "surface_classification_compacted": null, "surface_classification_paving": null, "surface_classification_sett": null, "surface_classification_standing": null, "surface_swisstopo": "paved", "surface_sensebox": "unknown", "surface_sensebox_probability": 0.0, "match": "unknown" }, "geometry": { "type": "Point", "coordinates": [ 8.774791712332156, 47.203229357077859 ] } },
{ "type": "Feature", "properties": { "timestamp": "2026-04-30T16:33:13.002Z", "latitude": 47.203231806910452, "longitude": 8.7748557771585016, "BELAGSART": 100, "surface_classification_asphalt": 0.51, "surface_classification_compacted": 0.03, "surface_classification_paving": 0.46, "surface_classification_sett": 0.0, "surface_classification_standing": 0.0, "surface_swisstopo": "paved", "surface_sensebox": "paved", "surface_sensebox_probability": 0.51, "match": "True" }, "geometry": { "type": "Point", "coordinates": [ 8.774855785829187, 47.203231816948602 ] } },
{ "type": "Feature", "properties": { "timestamp": "2026-04-30T16:33:14.002Z", "latitude": 47.203229569665808, "longitude": 8.7749103229738772, "BELAGSART": 100, "surface_classification_asphalt": null, "surface_classification_compacted": null, "surface_classification_paving": null, "surface_classification_sett": null, "surface_classification_standing": null, "surface_swisstopo": "paved", "surface_sensebox": "unknown", "surface_sensebox_probability": 0.0, "match": "unknown" }, "geometry": { "type": "Point", "coordinates": [ 8.774910331644612, 47.203229579703951 ] } },
{ "type": "Feature", "properties": { "timestamp": "2026-04-30T16:33:15.002Z", "latitude": 47.203223368671225, "longitude": 8.7749695987121861, "BELAGSART": 100, "surface_classification_asphalt": null, "surface_classification_compacted": null, "surface_classification_paving": null, "surface_classification_sett": null, "surface_classification_standing": null, "surface_swisstopo": "paved", "surface_sensebox": "unknown", "surface_sensebox_probability": 0.0, "match": "unknown" }, "geometry": { "type": "Point", "coordinates": [ 8.77496960738298, 47.203223378709303 ] } },
{ "type": "Feature", "properties": { "timestamp": "2026-04-30T16:33:16.002Z", "latitude": 47.203217685537986, "longitude": 8.7750254672868131, "BELAGSART": 100, "surface_classification_asphalt": 0.95, "surface_classification_compacted": 0.02, "surface_classification_paving": 0.03, "surface_classification_sett": 0.0, "surface_classification_standing": 0.0, "surface_swisstopo": "paved", "surface_sensebox": "paved", "surface_sensebox_probability": 0.95, "match": "True" }, "geometry": { "type": "Point", "coordinates": [ 8.775025475957662, 47.203217695576043 ] } },
{ "type": "Feature", "properties": { "timestamp": "2026-04-30T16:33:17.002Z", "latitude": 47.20321380001473, "longitude": 8.7750851470924882, "BELAGSART": 100, "surface_classification_asphalt": null, "surface_classification_compacted": null, "surface_classification_paving": null, "surface_classification_sett": null, "surface_classification_standing": null, "surface_swisstopo": "paved", "surface_sensebox": "unknown", "surface_sensebox_probability": 0.0, "match": "unknown" }, "geometry": { "type": "Point", "coordinates": [ 8.775085155763399, 47.203213810052794 ] } },
{ "type": "Feature", "properties": { "timestamp": "2026-04-30T16:33:18.002Z", "latitude": 47.20320745451334, "longitude": 8.7751374056945899, "BELAGSART": 100, "surface_classification_asphalt": null, "surface_classification_compacted": null, "surface_classification_paving": null, "surface_classification_sett": null, "surface_classification_standing": null, "surface_swisstopo": "paved", "surface_sensebox": "unknown", "surface_sensebox_probability": 0.0, "match": "unknown" }, "geometry": { "type": "Point", "coordinates": [ 8.775137414365554, 47.203207464551355 ] } },
{ "type": "Feature", "properties": { "timestamp": "2026-04-30T16:33:19.002Z", "latitude": 47.203200212793149, "longitude": 8.7751994188430551, "BELAGSART": 100, "surface_classification_asphalt": 0.14, "surface_classification_compacted": 0.83, "surface_classification_paving": 0.02, "surface_classification_sett": 0.02, "surface_classification_standing": 0.0, "surface_swisstopo": "paved", "surface_sensebox": "nature", "surface_sensebox_probability": 0.83, "match": "False" }, "geometry": { "type": "Point", "coordinates": [ 8.77519942751408, 47.2032002228312 ] } },
{ "type": "Feature", "properties": { "timestamp": "2026-04-30T16:33:20.002Z", "latitude": 47.20318996312654, "longitude": 8.7752661337871061, "BELAGSART": 100, "surface_classification_asphalt": null, "surface_classification_compacted": null, "surface_classification_paving": null, "surface_classification_sett": null, "surface_classification_standing": null, "surface_swisstopo": "paved", "surface_sensebox": "unknown", "surface_sensebox_probability": 0.0, "match": "unknown" }, "geometry": { "type": "Point", "coordinates": [ 8.775266142458197, 47.20318997316452 ] } },
{ "type": "Feature", "properties": { "timestamp": "2026-04-30T16:33:21.002Z", "latitude": 47.203179796943431, "longitude": 8.7753280030127279, "BELAGSART": 100, "surface_classification_asphalt": null, "surface_classification_compacted": null, "surface_classification_paving": null, "surface_classification_sett": null, "surface_classification_standing": null, "surface_swisstopo": "paved", "surface_sensebox": "unknown", "surface_sensebox_probability": 0.0, "match": "unknown" }, "geometry": { "type": "Point", "coordinates": [ 8.775328011683881, 47.203179806981396 ] } },
{ "type": "Feature", "properties": { "timestamp": "2026-04-30T16:33:22.002Z", "latitude": 47.203168140041193, "longitude": 8.7753857805779294, "BELAGSART": 100, "surface_classification_asphalt": 0.09, "surface_classification_compacted": 0.77, "surface_classification_paving": 0.13, "surface_classification_sett": 0.0, "surface_classification_standing": 0.0, "surface_swisstopo": "paved", "surface_sensebox": "nature", "surface_sensebox_probability": 0.77, "match": "False" }, "geometry": { "type": "Point", "coordinates": [ 8.775385789249144, 47.203168150079151 ] } },
{ "type": "Feature", "properties": { "timestamp": "2026-04-30T16:33:23.002Z", "latitude": 47.203157770380351, "longitude": 8.7754351067152427, "BELAGSART": 100, "surface_classification_asphalt": null, "surface_classification_compacted": null, "surface_classification_paving": null, "surface_classification_sett": null, "surface_classification_standing": null, "surface_swisstopo": "paved", "surface_sensebox": "unknown", "surface_sensebox_probability": 0.0, "match": "unknown" }, "geometry": { "type": "Point", "coordinates": [ 8.775435115386507, 47.20315778041828 ] } },
{ "type": "Feature", "properties": { "timestamp": "2026-04-30T16:33:24.002Z", "latitude": 47.203147479936099, "longitude": 8.7754795682491693, "BELAGSART": 100, "surface_classification_asphalt": 0.5, "surface_classification_compacted": 0.45, "surface_classification_paving": 0.03, "surface_classification_sett": 0.02, "surface_classification_standing": 0.0, "surface_swisstopo": "paved", "surface_sensebox": "unknown", "surface_sensebox_probability": 0.5, "match": "unknown" }, "geometry": { "type": "Point", "coordinates": [ 8.775479576920473, 47.203147489974 ] } },
{ "type": "Feature", "properties": { "timestamp": "2026-04-30T16:33:25.002Z", "latitude": 47.20313943819253, "longitude": 8.7755137033203514, "BELAGSART": 100, "surface_classification_asphalt": null, "surface_classification_compacted": null, "surface_classification_paving": null, "surface_classification_sett": null, "surface_classification_standing": null, "surface_swisstopo": "paved", "surface_sensebox": "unknown", "surface_sensebox_probability": 0.0, "match": "unknown" }, "geometry": { "type": "Point", "coordinates": [ 8.775513711991694, 47.203139448230452 ] } },
{ "type": "Feature", "properties": { "timestamp": "2026-04-30T16:33:26.002Z", "latitude": 47.203135465450849, "longitude": 8.7755447325927225, "BELAGSART": 100, "surface_classification_asphalt": null, "surface_classification_compacted": null, "surface_classification_paving": null, "surface_classification_sett": null, "surface_classification_standing": null, "surface_swisstopo": "paved", "surface_sensebox": "unknown", "surface_sensebox_probability": 0.0, "match": "unknown" }, "geometry": { "type": "Point", "coordinates": [ 8.775544741264099, 47.203135475488807 ] } },
{ "type": "Feature", "properties": { "timestamp": "2026-04-30T16:33:27.002Z", "latitude": 47.20314218988603, "longitude": 8.7755670503659626, "BELAGSART": 100, "surface_classification_asphalt": 0.91, "surface_classification_compacted": 0.02, "surface_classification_paving": 0.06, "surface_classification_sett": 0.0, "surface_classification_standing": 0.0, "surface_swisstopo": "paved", "surface_sensebox": "paved", "surface_sensebox_probability": 0.91, "match": "True" }, "geometry": { "type": "Point", "coordinates": [ 8.775567059037359, 47.203142199923917 ] } },
{ "type": "Feature", "properties": { "timestamp": "2026-04-30T16:33:28.002Z", "latitude": 47.203152145489391, "longitude": 8.7755804008600222, "BELAGSART": 100, "surface_classification_asphalt": null, "surface_classification_compacted": null, "surface_classification_paving": null, "surface_classification_sett": null, "surface_classification_standing": null, "surface_swisstopo": "paved", "surface_sensebox": "unknown", "surface_sensebox_probability": 0.0, "match": "unknown" }, "geometry": { "type": "Point", "coordinates": [ 8.775580409531427, 47.203152155527278 ] } },
{ "type": "Feature", "properties": { "timestamp": "2026-04-30T16:33:29.002Z", "latitude": 47.203160044406708, "longitude": 8.7755914771600345, "BELAGSART": 100, "surface_classification_asphalt": null, "surface_classification_compacted": null, "surface_classification_paving": null, "surface_classification_sett": null, "surface_classification_standing": null, "surface_swisstopo": "paved", "surface_sensebox": "unknown", "surface_sensebox_probability": 0.0, "match": "unknown" }, "geometry": { "type": "Point", "coordinates": [ 8.775591485831445, 47.203160054444609 ] } },
{ "type": "Feature", "properties": { "timestamp": "2026-04-30T16:33:30.002Z", "latitude": 47.20318140546685, "longitude": 8.7755897251858404, "BELAGSART": 100, "surface_classification_asphalt": 0.8, "surface_classification_compacted": 0.02, "surface_classification_paving": 0.11, "surface_classification_sett": 0.0, "surface_classification_standing": 0.06, "surface_swisstopo": "paved", "surface_sensebox": "paved", "surface_sensebox_probability": 0.8, "match": "True" }, "geometry": { "type": "Point", "coordinates": [ 8.775589733857251, 47.203181415504773 ] } },
{ "type": "Feature", "properties": { "timestamp": "2026-04-30T16:33:31.002Z", "latitude": 47.2031950858945, "longitude": 8.7755813731215149, "BELAGSART": 100, "surface_classification_asphalt": null, "surface_classification_compacted": null, "surface_classification_paving": null, "surface_classification_sett": null, "surface_classification_standing": null, "surface_swisstopo": "paved", "surface_sensebox": "unknown", "surface_sensebox_probability": 0.0, "match": "unknown" }, "geometry": { "type": "Point", "coordinates": [ 8.775581381792907, 47.203195095932379 ] } },
{ "type": "Feature", "properties": { "timestamp": "2026-04-30T16:33:32.002Z", "latitude": 47.203221839567753, "longitude": 8.7755639127593756, "BELAGSART": 100, "surface_classification_asphalt": null, "surface_classification_compacted": null, "surface_classification_paving": null, "surface_classification_sett": null, "surface_classification_standing": null, "surface_swisstopo": "paved", "surface_sensebox": "unknown", "surface_sensebox_probability": 0.0, "match": "unknown" }, "geometry": { "type": "Point", "coordinates": [ 8.775563921430741, 47.203221849605718 ] } },
{ "type": "Feature", "properties": { "timestamp": "2026-04-30T16:33:33.002Z", "latitude": 47.203248257236616, "longitude": 8.7755645797474848, "BELAGSART": 100, "surface_classification_asphalt": 0.84, "surface_classification_compacted": 0.0, "surface_classification_paving": 0.1, "surface_classification_sett": 0.0, "surface_classification_standing": 0.06, "surface_swisstopo": "paved", "surface_sensebox": "paved", "surface_sensebox_probability": 0.84, "match": "True" }, "geometry": { "type": "Point", "coordinates": [ 8.775564588418847, 47.203248267274574 ] } },
{ "type": "Feature", "properties": { "timestamp": "2026-04-30T16:33:34.002Z", "latitude": 47.203265039597113, "longitude": 8.775562271903226, "BELAGSART": 100, "surface_classification_asphalt": null, "surface_classification_compacted": null, "surface_classification_paving": null, "surface_classification_sett": null, "surface_classification_standing": null, "surface_swisstopo": "paved", "surface_sensebox": "unknown", "surface_sensebox_probability": 0.0, "match": "unknown" }, "geometry": { "type": "Point", "coordinates": [ 8.775562280574576, 47.20326504963505 ] } },
{ "type": "Feature", "properties": { "timestamp": "2026-04-30T16:33:35.002Z", "latitude": 47.203254745149728, "longitude": 8.7755688126100857, "BELAGSART": 100, "surface_classification_asphalt": null, "surface_classification_compacted": null, "surface_classification_paving": null, "surface_classification_sett": null, "surface_classification_standing": null, "surface_swisstopo": "paved", "surface_sensebox": "unknown", "surface_sensebox_probability": 0.0, "match": "unknown" }, "geometry": { "type": "Point", "coordinates": [ 8.775568821281443, 47.20325475518765 ] } },
{ "type": "Feature", "properties": { "timestamp": "2026-04-30T16:33:36.002Z", "latitude": 47.203241428887544, "longitude": 8.7755772705058543, "BELAGSART": 100, "surface_classification_asphalt": 0.61, "surface_classification_compacted": 0.31, "surface_classification_paving": 0.08, "surface_classification_sett": 0.0, "surface_classification_standing": 0.0, "surface_swisstopo": "paved", "surface_sensebox": "paved", "surface_sensebox_probability": 0.61, "match": "True" }, "geometry": { "type": "Point", "coordinates": [ 8.775577279177229, 47.203241438925438 ] } },
{ "type": "Feature", "properties": { "timestamp": "2026-04-30T16:33:37.002Z", "latitude": 47.203243286184147, "longitude": 8.7755894106329215, "BELAGSART": 100, "surface_classification_asphalt": null, "surface_classification_compacted": null, "surface_classification_paving": null, "surface_classification_sett": null, "surface_classification_standing": null, "surface_swisstopo": "paved", "surface_sensebox": "unknown", "surface_sensebox_probability": 0.0, "match": "unknown" }, "geometry": { "type": "Point", "coordinates": [ 8.775589419304307, 47.203243296222055 ] } },
{ "type": "Feature", "properties": { "timestamp": "2026-04-30T16:33:38.002Z", "latitude": 47.203250841805016, "longitude": 8.7755623320229681, "BELAGSART": 100, "surface_classification_asphalt": null, "surface_classification_compacted": null, "surface_classification_paving": null, "surface_classification_sett": null, "surface_classification_standing": null, "surface_swisstopo": "paved", "surface_sensebox": "unknown", "surface_sensebox_probability": 0.0, "match": "unknown" }, "geometry": { "type": "Point", "coordinates": [ 8.77556234069432, 47.203250851842931 ] } },
{ "type": "Feature", "properties": { "timestamp": "2026-04-30T16:33:39.002Z", "latitude": 47.203316244629455, "longitude": 8.7755523868718619, "BELAGSART": 100, "surface_classification_asphalt": 0.74, "surface_classification_compacted": 0.1, "surface_classification_paving": 0.16, "surface_classification_sett": 0.0, "surface_classification_standing": 0.01, "surface_swisstopo": "paved", "surface_sensebox": "paved", "surface_sensebox_probability": 0.74, "match": "True" }, "geometry": { "type": "Point", "coordinates": [ 8.775552395543192, 47.203316254667371 ] } },
{ "type": "Feature", "properties": { "timestamp": "2026-04-30T16:33:40.002Z", "latitude": 47.203352548123483, "longitude": 8.7755049223112316, "BELAGSART": 100, "surface_classification_asphalt": null, "surface_classification_compacted": null, "surface_classification_paving": null, "surface_classification_sett": null, "surface_classification_standing": null, "surface_swisstopo": "paved", "surface_sensebox": "unknown", "surface_sensebox_probability": 0.0, "match": "unknown" }, "geometry": { "type": "Point", "coordinates": [ 8.775504930982498, 47.203352558161441 ] } },
{ "type": "Feature", "properties": { "timestamp": "2026-04-30T16:33:41.002Z", "latitude": 47.203393055807197, "longitude": 8.7755258455041982, "BELAGSART": 100, "surface_classification_asphalt": null, "surface_classification_compacted": null, "surface_classification_paving": null, "surface_classification_sett": null, "surface_classification_standing": null, "surface_swisstopo": "paved", "surface_sensebox": "unknown", "surface_sensebox_probability": 0.0, "match": "unknown" }, "geometry": { "type": "Point", "coordinates": [ 8.775525854175475, 47.203393065845198 ] } },
{ "type": "Feature", "properties": { "timestamp": "2026-04-30T16:33:42.002Z", "latitude": 47.20347566926673, "longitude": 8.7754842098775061, "BELAGSART": 100, "surface_classification_asphalt": 0.32, "surface_classification_compacted": 0.56, "surface_classification_paving": 0.06, "surface_classification_sett": 0.05, "surface_classification_standing": 0.0, "surface_swisstopo": "paved", "surface_sensebox": "nature", "surface_sensebox_probability": 0.56, "match": "False" }, "geometry": { "type": "Point", "coordinates": [ 8.775484218548717, 47.203475679304759 ] } },
{ "type": "Feature", "properties": { "timestamp": "2026-04-30T16:33:43.002Z", "latitude": 47.203534415845205, "longitude": 8.7754513589465457, "BELAGSART": 100, "surface_classification_asphalt": null, "surface_classification_compacted": null, "surface_classification_paving": null, "surface_classification_sett": null, "surface_classification_standing": null, "surface_swisstopo": "paved", "surface_sensebox": "unknown", "surface_sensebox_probability": 0.0, "match": "unknown" }, "geometry": { "type": "Point", "coordinates": [ 8.775451367617711, 47.203534425883277 ] } },
{ "type": "Feature", "properties": { "timestamp": "2026-04-30T16:33:44.002Z", "latitude": 47.203578844149661, "longitude": 8.7754549846999623, "BELAGSART": 100, "surface_classification_asphalt": null, "surface_classification_compacted": null, "surface_classification_paving": null, "surface_classification_sett": null, "surface_classification_standing": null, "surface_swisstopo": "paved", "surface_sensebox": "unknown", "surface_sensebox_probability": 0.0, "match": "unknown" }, "geometry": { "type": "Point", "coordinates": [ 8.77545499337112, 47.203578854187732 ] } },
{ "type": "Feature", "properties": { "timestamp": "2026-04-30T16:33:45.002Z", "latitude": 47.203615124932981, "longitude": 8.7754549006239486, "BELAGSART": 100, "surface_classification_asphalt": 0.85, "surface_classification_compacted": 0.08, "surface_classification_paving": 0.04, "surface_classification_sett": 0.02, "surface_classification_standing": 0.02, "surface_swisstopo": "paved", "surface_sensebox": "paved", "surface_sensebox_probability": 0.85, "match": "True" }, "geometry": { "type": "Point", "coordinates": [ 8.775454909295091, 47.203615134971066 ] } },
{ "type": "Feature", "properties": { "timestamp": "2026-04-30T16:33:46.002Z", "latitude": 47.20364728014453, "longitude": 8.7754443969471936, "BELAGSART": 100, "surface_classification_asphalt": null, "surface_classification_compacted": null, "surface_classification_paving": null, "surface_classification_sett": null, "surface_classification_standing": null, "surface_swisstopo": "paved", "surface_sensebox": "unknown", "surface_sensebox_probability": 0.0, "match": "unknown" }, "geometry": { "type": "Point", "coordinates": [ 8.775444405618311, 47.203647290182637 ] } },
{ "type": "Feature", "properties": { "timestamp": "2026-04-30T16:33:47.002Z", "latitude": 47.203674803752932, "longitude": 8.7754302585847874, "BELAGSART": 100, "surface_classification_asphalt": null, "surface_classification_compacted": null, "surface_classification_paving": null, "surface_classification_sett": null, "surface_classification_standing": null, "surface_swisstopo": "paved", "surface_sensebox": "unknown", "surface_sensebox_probability": 0.0, "match": "unknown" }, "geometry": { "type": "Point", "coordinates": [ 8.775430267255885, 47.203674813791054 ] } },
{ "type": "Feature", "properties": { "timestamp": "2026-04-30T16:33:48.002Z", "latitude": 47.203698630588306, "longitude": 8.7754125698404408, "BELAGSART": 100, "surface_classification_asphalt": 0.93, "surface_classification_compacted": 0.0, "surface_classification_paving": 0.05, "surface_classification_sett": 0.0, "surface_classification_standing": 0.02, "surface_swisstopo": "paved", "surface_sensebox": "paved", "surface_sensebox_probability": 0.93, "match": "True" }, "geometry": { "type": "Point", "coordinates": [ 8.775412578511514, 47.203698640626449 ] } },
{ "type": "Feature", "properties": { "timestamp": "2026-04-30T16:33:49.002Z", "latitude": 47.203726033676624, "longitude": 8.7754052555493569, "BELAGSART": 100, "surface_classification_asphalt": null, "surface_classification_compacted": null, "surface_classification_paving": null, "surface_classification_sett": null, "surface_classification_standing": null, "surface_swisstopo": "paved", "surface_sensebox": "unknown", "surface_sensebox_probability": 0.0, "match": "unknown" }, "geometry": { "type": "Point", "coordinates": [ 8.775405264220412, 47.203726043714781 ] } },
{ "type": "Feature", "properties": { "timestamp": "2026-04-30T16:33:50.002Z", "latitude": 47.203751533786416, "longitude": 8.7753958608257889, "BELAGSART": 100, "surface_classification_asphalt": null, "surface_classification_compacted": null, "surface_classification_paving": null, "surface_classification_sett": null, "surface_classification_standing": null, "surface_swisstopo": "paved", "surface_sensebox": "unknown", "surface_sensebox_probability": 0.0, "match": "unknown" }, "geometry": { "type": "Point", "coordinates": [ 8.775395869496833, 47.203751543824595 ] } },
{ "type": "Feature", "properties": { "timestamp": "2026-04-30T16:33:51.002Z", "latitude": 47.203779667098011, "longitude": 8.7753840773225722, "BELAGSART": 100, "surface_classification_asphalt": 0.81, "surface_classification_compacted": 0.1, "surface_classification_paving": 0.08, "surface_classification_sett": 0.01, "surface_classification_standing": 0.0, "surface_swisstopo": "paved", "surface_sensebox": "paved", "surface_sensebox_probability": 0.81, "match": "True" }, "geometry": { "type": "Point", "coordinates": [ 8.775384085993597, 47.203779677136154 ] } },
{ "type": "Feature", "properties": { "timestamp": "2026-04-30T16:33:52.002Z", "latitude": 47.203808189543047, "longitude": 8.7753800689981123, "BELAGSART": 100, "surface_classification_asphalt": null, "surface_classification_compacted": null, "surface_classification_paving": null, "surface_classification_sett": null, "surface_classification_standing": null, "surface_swisstopo": "paved", "surface_sensebox": "unknown", "surface_sensebox_probability": 0.0, "match": "unknown" }, "geometry": { "type": "Point", "coordinates": [ 8.775380077669119, 47.203808199581218 ] } },
{ "type": "Feature", "properties": { "timestamp": "2026-04-30T16:33:53.002Z", "latitude": 47.203838497089315, "longitude": 8.7753743234725761, "BELAGSART": 100, "surface_classification_asphalt": 0.91, "surface_classification_compacted": 0.0, "surface_classification_paving": 0.07, "surface_classification_sett": 0.0, "surface_classification_standing": 0.02, "surface_swisstopo": "paved", "surface_sensebox": "paved", "surface_sensebox_probability": 0.91, "match": "True" }, "geometry": { "type": "Point", "coordinates": [ 8.775374332143564, 47.203838507127493 ] } },
{ "type": "Feature", "properties": { "timestamp": "2026-04-30T16:33:54.002Z", "latitude": 47.203873441853453, "longitude": 8.7753820100899471, "BELAGSART": 100, "surface_classification_asphalt": null, "surface_classification_compacted": null, "surface_classification_paving": null, "surface_classification_sett": null, "surface_classification_standing": null, "surface_swisstopo": "paved", "surface_sensebox": "unknown", "surface_sensebox_probability": 0.0, "match": "unknown" }, "geometry": { "type": "Point", "coordinates": [ 8.775382018760938, 47.203873451891653 ] } },
{ "type": "Feature", "properties": { "timestamp": "2026-04-30T16:33:55.002Z", "latitude": 47.203902847997327, "longitude": 8.7754002042455284, "BELAGSART": 100, "surface_classification_asphalt": null, "surface_classification_compacted": null, "surface_classification_paving": null, "surface_classification_sett": null, "surface_classification_standing": null, "surface_swisstopo": "paved", "surface_sensebox": "unknown", "surface_sensebox_probability": 0.0, "match": "unknown" }, "geometry": { "type": "Point", "coordinates": [ 8.775400212916526, 47.203902858035526 ] } },
{ "type": "Feature", "properties": { "timestamp": "2026-04-30T16:33:56.002Z", "latitude": 47.203930401217143, "longitude": 8.7754053439889468, "BELAGSART": 100, "surface_classification_asphalt": 0.91, "surface_classification_compacted": 0.02, "surface_classification_paving": 0.06, "surface_classification_sett": 0.0, "surface_classification_standing": 0.0, "surface_swisstopo": "paved", "surface_sensebox": "paved", "surface_sensebox_probability": 0.91, "match": "True" }, "geometry": { "type": "Point", "coordinates": [ 8.775405352659943, 47.203930411255378 ] } },
{ "type": "Feature", "properties": { "timestamp": "2026-04-30T16:33:57.002Z", "latitude": 47.203957223324409, "longitude": 8.7754104217096813, "BELAGSART": 100, "surface_classification_asphalt": null, "surface_classification_compacted": null, "surface_classification_paving": null, "surface_classification_sett": null, "surface_classification_standing": null, "surface_swisstopo": "paved", "surface_sensebox": "unknown", "surface_sensebox_probability": 0.0, "match": "unknown" }, "geometry": { "type": "Point", "coordinates": [ 8.775410430380671, 47.203957233362608 ] } },
{ "type": "Feature", "properties": { "timestamp": "2026-04-30T16:33:58.002Z", "latitude": 47.203984557600428, "longitude": 8.7754198327079607, "BELAGSART": 100, "surface_classification_asphalt": null, "surface_classification_compacted": null, "surface_classification_paving": null, "surface_classification_sett": null, "surface_classification_standing": null, "surface_swisstopo": "paved", "surface_sensebox": "unknown", "surface_sensebox_probability": 0.0, "match": "unknown" }, "geometry": { "type": "Point", "coordinates": [ 8.775419841378952, 47.203984567638642 ] } },
{ "type": "Feature", "properties": { "timestamp": "2026-04-30T16:33:59.002Z", "latitude": 47.204014254328776, "longitude": 8.7754240094895071, "BELAGSART": 100, "surface_classification_asphalt": 0.87, "surface_classification_compacted": 0.01, "surface_classification_paving": 0.12, "surface_classification_sett": 0.0, "surface_classification_standing": 0.0, "surface_swisstopo": "paved", "surface_sensebox": "paved", "surface_sensebox_probability": 0.87, "match": "True" }, "geometry": { "type": "Point", "coordinates": [ 8.775424018160496, 47.204014264367011 ] } },
{ "type": "Feature", "properties": { "timestamp": "2026-04-30T16:34:00.002Z", "latitude": 47.204045254168712, "longitude": 8.7754183817383087, "BELAGSART": 100, "surface_classification_asphalt": null, "surface_classification_compacted": null, "surface_classification_paving": null, "surface_classification_sett": null, "surface_classification_standing": null, "surface_swisstopo": "paved", "surface_sensebox": "unknown", "surface_sensebox_probability": 0.0, "match": "unknown" }, "geometry": { "type": "Point", "coordinates": [ 8.77541839040928, 47.204045264206997 ] } },
{ "type": "Feature", "properties": { "timestamp": "2026-04-30T16:34:01.002Z", "latitude": 47.204075187996651, "longitude": 8.7754097930938482, "BELAGSART": 100, "surface_classification_asphalt": null, "surface_classification_compacted": null, "surface_classification_paving": null, "surface_classification_sett": null, "surface_classification_standing": null, "surface_swisstopo": "paved", "surface_sensebox": "unknown", "surface_sensebox_probability": 0.0, "match": "unknown" }, "geometry": { "type": "Point", "coordinates": [ 8.775409801764798, 47.204075198034907 ] } },
{ "type": "Feature", "properties": { "timestamp": "2026-04-30T16:34:02.002Z", "latitude": 47.204101382392153, "longitude": 8.775402819644972, "BELAGSART": 100, "surface_classification_asphalt": 0.85, "surface_classification_compacted": 0.02, "surface_classification_paving": 0.13, "surface_classification_sett": 0.0, "surface_classification_standing": 0.01, "surface_swisstopo": "paved", "surface_sensebox": "paved", "surface_sensebox_probability": 0.85, "match": "True" }, "geometry": { "type": "Point", "coordinates": [ 8.775402828315913, 47.204101392430431 ] } },
{ "type": "Feature", "properties": { "timestamp": "2026-04-30T16:34:03.002Z", "latitude": 47.204133227408235, "longitude": 8.7754028694267063, "BELAGSART": 100, "surface_classification_asphalt": null, "surface_classification_compacted": null, "surface_classification_paving": null, "surface_classification_sett": null, "surface_classification_standing": null, "surface_swisstopo": "paved", "surface_sensebox": "unknown", "surface_sensebox_probability": 0.0, "match": "unknown" }, "geometry": { "type": "Point", "coordinates": [ 8.775402878097637, 47.204133237446534 ] } },
{ "type": "Feature", "properties": { "timestamp": "2026-04-30T16:34:04.002Z", "latitude": 47.204161478837591, "longitude": 8.7753988609974662, "BELAGSART": 100, "surface_classification_asphalt": null, "surface_classification_compacted": null, "surface_classification_paving": null, "surface_classification_sett": null, "surface_classification_standing": null, "surface_swisstopo": "paved", "surface_sensebox": "unknown", "surface_sensebox_probability": 0.0, "match": "unknown" }, "geometry": { "type": "Point", "coordinates": [ 8.775398869668384, 47.204161488875904 ] } },
{ "type": "Feature", "properties": { "timestamp": "2026-04-30T16:34:05.002Z", "latitude": 47.204186313374322, "longitude": 8.7754109276547663, "BELAGSART": 100, "surface_classification_asphalt": 0.9, "surface_classification_compacted": 0.02, "surface_classification_paving": 0.07, "surface_classification_sett": 0.0, "surface_classification_standing": 0.02, "surface_swisstopo": "paved", "surface_sensebox": "paved", "surface_sensebox_probability": 0.9, "match": "True" }, "geometry": { "type": "Point", "coordinates": [ 8.775410936325683, 47.204186323412578 ] } },
{ "type": "Feature", "properties": { "timestamp": "2026-04-30T16:34:06.002Z", "latitude": 47.204206170818857, "longitude": 8.7754376395692155, "BELAGSART": 100, "surface_classification_asphalt": null, "surface_classification_compacted": null, "surface_classification_paving": null, "surface_classification_sett": null, "surface_classification_standing": null, "surface_swisstopo": "paved", "surface_sensebox": "unknown", "surface_sensebox_probability": 0.0, "match": "unknown" }, "geometry": { "type": "Point", "coordinates": [ 8.775437648240155, 47.20420618085717 ] } },
{ "type": "Feature", "properties": { "timestamp": "2026-04-30T16:34:07.002Z", "latitude": 47.204217422186019, "longitude": 8.7754778096429558, "BELAGSART": 100, "surface_classification_asphalt": 0.26, "surface_classification_compacted": 0.57, "surface_classification_paving": 0.04, "surface_classification_sett": 0.12, "surface_classification_standing": 0.0, "surface_swisstopo": "paved", "surface_sensebox": "nature", "surface_sensebox_probability": 0.57, "match": "False" }, "geometry": { "type": "Point", "coordinates": [ 8.775477818313931, 47.204217432224304 ] } },
{ "type": "Feature", "properties": { "timestamp": "2026-04-30T16:34:08.002Z", "latitude": 47.204215096323985, "longitude": 8.7755205129884217, "BELAGSART": 100, "surface_classification_asphalt": null, "surface_classification_compacted": null, "surface_classification_paving": null, "surface_classification_sett": null, "surface_classification_standing": null, "surface_swisstopo": "paved", "surface_sensebox": "unknown", "surface_sensebox_probability": 0.0, "match": "unknown" }, "geometry": { "type": "Point", "coordinates": [ 8.775520521659432, 47.204215106362312 ] } },
{ "type": "Feature", "properties": { "timestamp": "2026-04-30T16:34:09.002Z", "latitude": 47.204196722628573, "longitude": 8.7755678195174713, "BELAGSART": 100, "surface_classification_asphalt": null, "surface_classification_compacted": null, "surface_classification_paving": null, "surface_classification_sett": null, "surface_classification_standing": null, "surface_swisstopo": "paved", "surface_sensebox": "unknown", "surface_sensebox_probability": 0.0, "match": "unknown" }, "geometry": { "type": "Point", "coordinates": [ 8.775567828188533, 47.204196732666801 ] } },
{ "type": "Feature", "properties": { "timestamp": "2026-04-30T16:34:10.002Z", "latitude": 47.204172367996335, "longitude": 8.7756034435715922, "BELAGSART": 100, "surface_classification_asphalt": 0.64, "surface_classification_compacted": 0.12, "surface_classification_paving": 0.04, "surface_classification_sett": 0.19, "surface_classification_standing": 0.0, "surface_swisstopo": "paved", "surface_sensebox": "paved", "surface_sensebox_probability": 0.64, "match": "True" }, "geometry": { "type": "Point", "coordinates": [ 8.775603452242702, 47.204172378034599 ] } },
{ "type": "Feature", "properties": { "timestamp": "2026-04-30T16:34:11.002Z", "latitude": 47.204147281307762, "longitude": 8.775620124369933, "BELAGSART": 100, "surface_classification_asphalt": null, "surface_classification_compacted": null, "surface_classification_paving": null, "surface_classification_sett": null, "surface_classification_standing": null, "surface_swisstopo": "paved", "surface_sensebox": "unknown", "surface_sensebox_probability": 0.0, "match": "unknown" }, "geometry": { "type": "Point", "coordinates": [ 8.775620133041068, 47.204147291345976 ] } },
{ "type": "Feature", "properties": { "timestamp": "2026-04-30T16:34:12.002Z", "latitude": 47.204131878323096, "longitude": 8.7756302508683408, "BELAGSART": 100, "surface_classification_asphalt": null, "surface_classification_compacted": null, "surface_classification_paving": null, "surface_classification_sett": null, "surface_classification_standing": null, "surface_swisstopo": "paved", "surface_sensebox": "unknown", "surface_sensebox_probability": 0.0, "match": "unknown" }, "geometry": { "type": "Point", "coordinates": [ 8.775630259539492, 47.204131888361324 ] } },
{ "type": "Feature", "properties": { "timestamp": "2026-04-30T16:34:13.002Z", "latitude": 47.204103332332423, "longitude": 8.7756301117381899, "BELAGSART": 100, "surface_classification_asphalt": 0.01, "surface_classification_compacted": 0.98, "surface_classification_paving": 0.0, "surface_classification_sett": 0.0, "surface_classification_standing": 0.0, "surface_swisstopo": "paved", "surface_sensebox": "nature", "surface_sensebox_probability": 0.98, "match": "False" }, "geometry": { "type": "Point", "coordinates": [ 8.775630120409341, 47.204103342370615 ] } },
{ "type": "Feature", "properties": { "timestamp": "2026-04-30T16:34:14.002Z", "latitude": 47.204064644278645, "longitude": 8.7756219894860408, "BELAGSART": 100, "surface_classification_asphalt": null, "surface_classification_compacted": null, "surface_classification_paving": null, "surface_classification_sett": null, "surface_classification_standing": null, "surface_swisstopo": "paved", "surface_sensebox": "unknown", "surface_sensebox_probability": 0.0, "match": "unknown" }, "geometry": { "type": "Point", "coordinates": [ 8.775621998157201, 47.204064654316866 ] } },
{ "type": "Feature", "properties": { "timestamp": "2026-04-30T16:34:15.002Z", "latitude": 47.204030587284556, "longitude": 8.7756060760517407, "BELAGSART": 100, "surface_classification_asphalt": null, "surface_classification_compacted": null, "surface_classification_paving": null, "surface_classification_sett": null, "surface_classification_standing": null, "surface_swisstopo": "paved", "surface_sensebox": "unknown", "surface_sensebox_probability": 0.0, "match": "unknown" }, "geometry": { "type": "Point", "coordinates": [ 8.775606084722897, 47.204030597322749 ] } },
{ "type": "Feature", "properties": { "timestamp": "2026-04-30T16:34:16.002Z", "latitude": 47.203994683306377, "longitude": 8.7755826818914482, "BELAGSART": 100, "surface_classification_asphalt": 0.04, "surface_classification_compacted": 0.89, "surface_classification_paving": 0.04, "surface_classification_sett": 0.04, "surface_classification_standing": 0.0, "surface_swisstopo": "paved", "surface_sensebox": "nature", "surface_sensebox_probability": 0.89, "match": "False" }, "geometry": { "type": "Point", "coordinates": [ 8.775582690562596, 47.203994693344562 ] } },
{ "type": "Feature", "properties": { "timestamp": "2026-04-30T16:34:17.002Z", "latitude": 47.203958976767574, "longitude": 8.7755620937605237, "BELAGSART": 100, "surface_classification_asphalt": null, "surface_classification_compacted": null, "surface_classification_paving": null, "surface_classification_sett": null, "surface_classification_standing": null, "surface_swisstopo": "paved", "surface_sensebox": "unknown", "surface_sensebox_probability": 0.0, "match": "unknown" }, "geometry": { "type": "Point", "coordinates": [ 8.77556210243166, 47.203958986805759 ] } },
{ "type": "Feature", "properties": { "timestamp": "2026-04-30T16:34:18.002Z", "latitude": 47.203926787082239, "longitude": 8.7755545824854408, "BELAGSART": 100, "surface_classification_asphalt": null, "surface_classification_compacted": null, "surface_classification_paving": null, "surface_classification_sett": null, "surface_classification_standing": null, "surface_swisstopo": "paved", "surface_sensebox": "unknown", "surface_sensebox_probability": 0.0, "match": "unknown" }, "geometry": { "type": "Point", "coordinates": [ 8.775554591156579, 47.203926797120388 ] } },
{ "type": "Feature", "properties": { "timestamp": "2026-04-30T16:34:19.002Z", "latitude": 47.203889561790888, "longitude": 8.7755526930046504, "BELAGSART": 100, "surface_classification_asphalt": 0.04, "surface_classification_compacted": 0.94, "surface_classification_paving": 0.02, "surface_classification_sett": 0.0, "surface_classification_standing": 0.0, "surface_swisstopo": "paved", "surface_sensebox": "nature", "surface_sensebox_probability": 0.94, "match": "False" }, "geometry": { "type": "Point", "coordinates": [ 8.775552701675801, 47.203889571829066 ] } },
{ "type": "Feature", "properties": { "timestamp": "2026-04-30T16:34:20.002Z", "latitude": 47.203854181747261, "longitude": 8.7755576020699735, "BELAGSART": 100, "surface_classification_asphalt": null, "surface_classification_compacted": null, "surface_classification_paving": null, "surface_classification_sett": null, "surface_classification_standing": null, "surface_swisstopo": "paved", "surface_sensebox": "unknown", "surface_sensebox_probability": 0.0, "match": "unknown" }, "geometry": { "type": "Point", "coordinates": [ 8.77555761074114, 47.203854191785375 ] } },
{ "type": "Feature", "properties": { "timestamp": "2026-04-30T16:34:21.002Z", "latitude": 47.203819270292939, "longitude": 8.7755609817332125, "BELAGSART": 100, "surface_classification_asphalt": null, "surface_classification_compacted": null, "surface_classification_paving": null, "surface_classification_sett": null, "surface_classification_standing": null, "surface_swisstopo": "paved", "surface_sensebox": "unknown", "surface_sensebox_probability": 0.0, "match": "unknown" }, "geometry": { "type": "Point", "coordinates": [ 8.775560990404392, 47.203819280331061 ] } },
{ "type": "Feature", "properties": { "timestamp": "2026-04-30T16:34:22.002Z", "latitude": 47.203783515591475, "longitude": 8.7755645645655953, "BELAGSART": 100, "surface_classification_asphalt": 0.04, "surface_classification_compacted": 0.88, "surface_classification_paving": 0.07, "surface_classification_sett": 0.01, "surface_classification_standing": 0.0, "surface_swisstopo": "paved", "surface_sensebox": "nature", "surface_sensebox_probability": 0.88, "match": "False" }, "geometry": { "type": "Point", "coordinates": [ 8.775564573236789, 47.203783525629561 ] } },
{ "type": "Feature", "properties": { "timestamp": "2026-04-30T16:34:23.002Z", "latitude": 47.203746099882231, "longitude": 8.7755661019854934, "BELAGSART": 100, "surface_classification_asphalt": null, "surface_classification_compacted": null, "surface_classification_paving": null, "surface_classification_sett": null, "surface_classification_standing": null, "surface_swisstopo": "paved", "surface_sensebox": "unknown", "surface_sensebox_probability": 0.0, "match": "unknown" }, "geometry": { "type": "Point", "coordinates": [ 8.775566110656701, 47.203746109920345 ] } },
{ "type": "Feature", "properties": { "timestamp": "2026-04-30T16:34:24.002Z", "latitude": 47.203709548124891, "longitude": 8.7755739376823119, "BELAGSART": 100, "surface_classification_asphalt": 0.07, "surface_classification_compacted": 0.89, "surface_classification_paving": 0.04, "surface_classification_sett": 0.01, "surface_classification_standing": 0.0, "surface_swisstopo": "paved", "surface_sensebox": "nature", "surface_sensebox_probability": 0.89, "match": "False" }, "geometry": { "type": "Point", "coordinates": [ 8.775573946353536, 47.203709558162963 ] } },
{ "type": "Feature", "properties": { "timestamp": "2026-04-30T16:34:25.002Z", "latitude": 47.203676101888988, "longitude": 8.7755882236858849, "BELAGSART": 100, "surface_classification_asphalt": null, "surface_classification_compacted": null, "surface_classification_paving": null, "surface_classification_sett": null, "surface_classification_standing": null, "surface_swisstopo": "paved", "surface_sensebox": "unknown", "surface_sensebox_probability": 0.0, "match": "unknown" }, "geometry": { "type": "Point", "coordinates": [ 8.775588232357126, 47.203676111927052 ] } },
{ "type": "Feature", "properties": { "timestamp": "2026-04-30T16:34:26.002Z", "latitude": 47.203640875700692, "longitude": 8.7755976435551073, "BELAGSART": 100, "surface_classification_asphalt": null, "surface_classification_compacted": null, "surface_classification_paving": null, "surface_classification_sett": null, "surface_classification_standing": null, "surface_swisstopo": "paved", "surface_sensebox": "unknown", "surface_sensebox_probability": 0.0, "match": "unknown" }, "geometry": { "type": "Point", "coordinates": [ 8.775597652226372, 47.203640885738771 ] } },
{ "type": "Feature", "properties": { "timestamp": "2026-04-30T16:34:27.002Z", "latitude": 47.20361444986775, "longitude": 8.7756252102876822, "BELAGSART": 100, "surface_classification_asphalt": 0.03, "surface_classification_compacted": 0.93, "surface_classification_paving": 0.03, "surface_classification_sett": 0.02, "surface_classification_standing": 0.0, "surface_swisstopo": "paved", "surface_sensebox": "nature", "surface_sensebox_probability": 0.93, "match": "False" }, "geometry": { "type": "Point", "coordinates": [ 8.775625218958984, 47.203614459905801 ] } },
{ "type": "Feature", "properties": { "timestamp": "2026-04-30T16:34:28.002Z", "latitude": 47.203595437995077, "longitude": 8.7756641208310189, "BELAGSART": 100, "surface_classification_asphalt": null, "surface_classification_compacted": null, "surface_classification_paving": null, "surface_classification_sett": null, "surface_classification_standing": null, "surface_swisstopo": "paved", "surface_sensebox": "unknown", "surface_sensebox_probability": 0.0, "match": "unknown" }, "geometry": { "type": "Point", "coordinates": [ 8.775664129502367, 47.203595448033091 ] } },
{ "type": "Feature", "properties": { "timestamp": "2026-04-30T16:34:29.002Z", "latitude": 47.203581510009087, "longitude": 8.7757087268997491, "BELAGSART": 100, "surface_classification_asphalt": null, "surface_classification_compacted": null, "surface_classification_paving": null, "surface_classification_sett": null, "surface_classification_standing": null, "surface_swisstopo": "paved", "surface_sensebox": "unknown", "surface_sensebox_probability": 0.0, "match": "unknown" }, "geometry": { "type": "Point", "coordinates": [ 8.775708735571145, 47.203581520047095 ] } },
{ "type": "Feature", "properties": { "timestamp": "2026-04-30T16:34:30.002Z", "latitude": 47.203577644807027, "longitude": 8.775762325124969, "BELAGSART": 100, "surface_classification_asphalt": 0.3, "surface_classification_compacted": 0.66, "surface_classification_paving": 0.03, "surface_classification_sett": 0.01, "surface_classification_standing": 0.0, "surface_swisstopo": "paved", "surface_sensebox": "nature", "surface_sensebox_probability": 0.66, "match": "False" }, "geometry": { "type": "Point", "coordinates": [ 8.775762333796417, 47.203577654845006 ] } },
{ "type": "Feature", "properties": { "timestamp": "2026-04-30T16:34:31.002Z", "latitude": 47.203580372033606, "longitude": 8.7758221358548933, "BELAGSART": 100, "surface_classification_asphalt": null, "surface_classification_compacted": null, "surface_classification_paving": null, "surface_classification_sett": null, "surface_classification_standing": null, "surface_swisstopo": "paved", "surface_sensebox": "unknown", "surface_sensebox_probability": 0.0, "match": "unknown" }, "geometry": { "type": "Point", "coordinates": [ 8.775822144526398, 47.203580382071586 ] } },
{ "type": "Feature", "properties": { "timestamp": "2026-04-30T16:34:32.002Z", "latitude": 47.203573765932717, "longitude": 8.7758772868080825, "BELAGSART": 100, "surface_classification_asphalt": null, "surface_classification_compacted": null, "surface_classification_paving": null, "surface_classification_sett": null, "surface_classification_standing": null, "surface_swisstopo": "paved", "surface_sensebox": "unknown", "surface_sensebox_probability": 0.0, "match": "unknown" }, "geometry": { "type": "Point", "coordinates": [ 8.77587729547964, 47.203573775970696 ] } },
{ "type": "Feature", "properties": { "timestamp": "2026-04-30T16:34:33.002Z", "latitude": 47.203561666843143, "longitude": 8.7759349044426518, "BELAGSART": 100, "surface_classification_asphalt": 0.89, "surface_classification_compacted": 0.02, "surface_classification_paving": 0.08, "surface_classification_sett": 0.0, "surface_classification_standing": 0.01, "surface_swisstopo": "paved", "surface_sensebox": "paved", "surface_sensebox_probability": 0.89, "match": "True" }, "geometry": { "type": "Point", "coordinates": [ 8.77593491311427, 47.203561676881051 ] } },
{ "type": "Feature", "properties": { "timestamp": "2026-04-30T16:34:34.002Z", "latitude": 47.203553540503293, "longitude": 8.7760011627243646, "BELAGSART": 100, "surface_classification_asphalt": null, "surface_classification_compacted": null, "surface_classification_paving": null, "surface_classification_sett": null, "surface_classification_standing": null, "surface_swisstopo": "paved", "surface_sensebox": "unknown", "surface_sensebox_probability": 0.0, "match": "unknown" }, "geometry": { "type": "Point", "coordinates": [ 8.776001171396048, 47.203553550541173 ] } },
{ "type": "Feature", "properties": { "timestamp": "2026-04-30T16:34:35.002Z", "latitude": 47.203553423108985, "longitude": 8.7760699593960911, "BELAGSART": 100, "surface_classification_asphalt": null, "surface_classification_compacted": null, "surface_classification_paving": null, "surface_classification_sett": null, "surface_classification_standing": null, "surface_swisstopo": "paved", "surface_sensebox": "unknown", "surface_sensebox_probability": 0.0, "match": "unknown" }, "geometry": { "type": "Point", "coordinates": [ 8.776069968067842, 47.203553433146894 ] } },
{ "type": "Feature", "properties": { "timestamp": "2026-04-30T16:34:36.002Z", "latitude": 47.203550441044257, "longitude": 8.7761420801407333, "BELAGSART": 100, "surface_classification_asphalt": 0.92, "surface_classification_compacted": 0.01, "surface_classification_paving": 0.05, "surface_classification_sett": 0.0, "surface_classification_standing": 0.01, "surface_swisstopo": "paved", "surface_sensebox": "paved", "surface_sensebox_probability": 0.92, "match": "True" }, "geometry": { "type": "Point", "coordinates": [ 8.77614208881255, 47.203550451082144 ] } },
{ "type": "Feature", "properties": { "timestamp": "2026-04-30T16:34:37.002Z", "latitude": 47.203543934771353, "longitude": 8.7762167652076748, "BELAGSART": 100, "surface_classification_asphalt": null, "surface_classification_compacted": null, "surface_classification_paving": null, "surface_classification_sett": null, "surface_classification_standing": null, "surface_swisstopo": "paved", "surface_sensebox": "unknown", "surface_sensebox_probability": 0.0, "match": "unknown" }, "geometry": { "type": "Point", "coordinates": [ 8.776216773879566, 47.203543944809169 ] } },
{ "type": "Feature", "properties": { "timestamp": "2026-04-30T16:34:38.002Z", "latitude": 47.203539054281023, "longitude": 8.7762934591369373, "BELAGSART": 100, "surface_classification_asphalt": 0.78, "surface_classification_compacted": 0.06, "surface_classification_paving": 0.16, "surface_classification_sett": 0.0, "surface_classification_standing": 0.0, "surface_swisstopo": "paved", "surface_sensebox": "paved", "surface_sensebox_probability": 0.78, "match": "True" }, "geometry": { "type": "Point", "coordinates": [ 8.776293467808909, 47.203539064318861 ] } },
{ "type": "Feature", "properties": { "timestamp": "2026-04-30T16:34:39.002Z", "latitude": 47.203537537944165, "longitude": 8.7763695029108071, "BELAGSART": 100, "surface_classification_asphalt": null, "surface_classification_compacted": null, "surface_classification_paving": null, "surface_classification_sett": null, "surface_classification_standing": null, "surface_swisstopo": "paved", "surface_sensebox": "unknown", "surface_sensebox_probability": 0.0, "match": "unknown" }, "geometry": { "type": "Point", "coordinates": [ 8.776369511582852, 47.203537547981973 ] } },
{ "type": "Feature", "properties": { "timestamp": "2026-04-30T16:34:40.002Z", "latitude": 47.203527954821766, "longitude": 8.7764429511623074, "BELAGSART": 100, "surface_classification_asphalt": null, "surface_classification_compacted": null, "surface_classification_paving": null, "surface_classification_sett": null, "surface_classification_standing": null, "surface_swisstopo": "paved", "surface_sensebox": "unknown", "surface_sensebox_probability": 0.0, "match": "unknown" }, "geometry": { "type": "Point", "coordinates": [ 8.776442959834425, 47.203527964859532 ] } },
{ "type": "Feature", "properties": { "timestamp": "2026-04-30T16:34:41.002Z", "latitude": 47.203521648991561, "longitude": 8.776518972450754, "BELAGSART": 100, "surface_classification_asphalt": 0.79, "surface_classification_compacted": 0.06, "surface_classification_paving": 0.15, "surface_classification_sett": 0.0, "surface_classification_standing": 0.01, "surface_swisstopo": "paved", "surface_sensebox": "paved", "surface_sensebox_probability": 0.79, "match": "True" }, "geometry": { "type": "Point", "coordinates": [ 8.77651898112294, 47.203521659029285 ] } },
{ "type": "Feature", "properties": { "timestamp": "2026-04-30T16:34:42.002Z", "latitude": 47.203517085669958, "longitude": 8.7765923081923347, "BELAGSART": 100, "surface_classification_asphalt": null, "surface_classification_compacted": null, "surface_classification_paving": null, "surface_classification_sett": null, "surface_classification_standing": null, "surface_swisstopo": "paved", "surface_sensebox": "unknown", "surface_sensebox_probability": 0.0, "match": "unknown" }, "geometry": { "type": "Point", "coordinates": [ 8.776592316864599, 47.203517095707674 ] } },
{ "type": "Feature", "properties": { "timestamp": "2026-04-30T16:34:43.002Z", "latitude": 47.203510649825603, "longitude": 8.7766655342720945, "BELAGSART": 100, "surface_classification_asphalt": null, "surface_classification_compacted": null, "surface_classification_paving": null, "surface_classification_sett": null, "surface_classification_standing": null, "surface_swisstopo": "paved", "surface_sensebox": "unknown", "surface_sensebox_probability": 0.0, "match": "unknown" }, "geometry": { "type": "Point", "coordinates": [ 8.776665542944425, 47.203510659863319 ] } },
{ "type": "Feature", "properties": { "timestamp": "2026-04-30T16:34:44.002Z", "latitude": 47.203504240510746, "longitude": 8.7767399157273367, "BELAGSART": 100, "surface_classification_asphalt": 0.78, "surface_classification_compacted": 0.04, "surface_classification_paving": 0.18, "surface_classification_sett": 0.0, "surface_classification_standing": 0.0, "surface_swisstopo": "paved", "surface_sensebox": "paved", "surface_sensebox_probability": 0.78, "match": "True" }, "geometry": { "type": "Point", "coordinates": [ 8.776739924399743, 47.203504250548399 ] } },
{ "type": "Feature", "properties": { "timestamp": "2026-04-30T16:34:45.002Z", "latitude": 47.203499248559503, "longitude": 8.7768112099367741, "BELAGSART": 100, "surface_classification_asphalt": null, "surface_classification_compacted": null, "surface_classification_paving": null, "surface_classification_sett": null, "surface_classification_standing": null, "surface_swisstopo": "paved", "surface_sensebox": "unknown", "surface_sensebox_probability": 0.0, "match": "unknown" }, "geometry": { "type": "Point", "coordinates": [ 8.776811218609252, 47.203499258597148 ] } },
{ "type": "Feature", "properties": { "timestamp": "2026-04-30T16:34:46.002Z", "latitude": 47.203495774038586, "longitude": 8.7768867542185411, "BELAGSART": 100, "surface_classification_asphalt": null, "surface_classification_compacted": null, "surface_classification_paving": null, "surface_classification_sett": null, "surface_classification_standing": null, "surface_swisstopo": "paved", "surface_sensebox": "unknown", "surface_sensebox_probability": 0.0, "match": "unknown" }, "geometry": { "type": "Point", "coordinates": [ 8.776886762891095, 47.203495784076246 ] } },
{ "type": "Feature", "properties": { "timestamp": "2026-04-30T16:34:47.002Z", "latitude": 47.203491333132028, "longitude": 8.7769591646842997, "BELAGSART": 100, "surface_classification_asphalt": 0.23, "surface_classification_compacted": 0.32, "surface_classification_paving": 0.45, "surface_classification_sett": 0.0, "surface_classification_standing": 0.0, "surface_swisstopo": "paved", "surface_sensebox": "unknown", "surface_sensebox_probability": 0.45, "match": "unknown" }, "geometry": { "type": "Point", "coordinates": [ 8.776959173356925, 47.203491343169624 ] } },
{ "type": "Feature", "properties": { "timestamp": "2026-04-30T16:34:48.002Z", "latitude": 47.203489445376228, "longitude": 8.7770374066418047, "BELAGSART": 100, "surface_classification_asphalt": null, "surface_classification_compacted": null, "surface_classification_paving": null, "surface_classification_sett": null, "surface_classification_standing": null, "surface_swisstopo": "paved", "surface_sensebox": "unknown", "surface_sensebox_probability": 0.0, "match": "unknown" }, "geometry": { "type": "Point", "coordinates": [ 8.777037415314499, 47.203489455413802 ] } },
{ "type": "Feature", "properties": { "timestamp": "2026-04-30T16:34:49.002Z", "latitude": 47.203489184788133, "longitude": 8.7771097574942036, "BELAGSART": 100, "surface_classification_asphalt": null, "surface_classification_compacted": null, "surface_classification_paving": null, "surface_classification_sett": null, "surface_classification_standing": null, "surface_swisstopo": "paved", "surface_sensebox": "unknown", "surface_sensebox_probability": 0.0, "match": "unknown" }, "geometry": { "type": "Point", "coordinates": [ 8.777109766166966, 47.203489194825664 ] } },
{ "type": "Feature", "properties": { "timestamp": "2026-04-30T16:34:50.002Z", "latitude": 47.203484995513108, "longitude": 8.7771815033974132, "BELAGSART": 100, "surface_classification_asphalt": 0.5, "surface_classification_compacted": 0.13, "surface_classification_paving": 0.36, "surface_classification_sett": 0.0, "surface_classification_standing": 0.0, "surface_swisstopo": "paved", "surface_sensebox": "unknown", "surface_sensebox_probability": 0.5, "match": "unknown" }, "geometry": { "type": "Point", "coordinates": [ 8.777181512070252, 47.20348500555064 ] } },
{ "type": "Feature", "properties": { "timestamp": "2026-04-30T16:34:51.002Z", "latitude": 47.203482382024433, "longitude": 8.7772563483073078, "BELAGSART": 100, "surface_classification_asphalt": null, "surface_classification_compacted": null, "surface_classification_paving": null, "surface_classification_sett": null, "surface_classification_standing": null, "surface_swisstopo": "paved", "surface_sensebox": "unknown", "surface_sensebox_probability": 0.0, "match": "unknown" }, "geometry": { "type": "Point", "coordinates": [ 8.777256356980219, 47.203482392061929 ] } },
{ "type": "Feature", "properties": { "timestamp": "2026-04-30T16:34:52.002Z", "latitude": 47.20348046404451, "longitude": 8.7773307369563422, "BELAGSART": 100, "surface_classification_asphalt": 0.54, "surface_classification_compacted": 0.34, "surface_classification_paving": 0.11, "surface_classification_sett": 0.0, "surface_classification_standing": 0.0, "surface_swisstopo": "paved", "surface_sensebox": "paved", "surface_sensebox_probability": 0.54, "match": "True" }, "geometry": { "type": "Point", "coordinates": [ 8.777330745629328, 47.203480474082028 ] } },
{ "type": "Feature", "properties": { "timestamp": "2026-04-30T16:34:53.002Z", "latitude": 47.203480426479025, "longitude": 8.7774063609143678, "BELAGSART": 100, "surface_classification_asphalt": null, "surface_classification_compacted": null, "surface_classification_paving": null, "surface_classification_sett": null, "surface_classification_standing": null, "surface_swisstopo": "paved", "surface_sensebox": "unknown", "surface_sensebox_probability": 0.0, "match": "unknown" }, "geometry": { "type": "Point", "coordinates": [ 8.777406369587423, 47.203480436516465 ] } },
{ "type": "Feature", "properties": { "timestamp": "2026-04-30T16:34:54.002Z", "latitude": 47.203475923665103, "longitude": 8.7774819109156699, "BELAGSART": 100, "surface_classification_asphalt": null, "surface_classification_compacted": null, "surface_classification_paving": null, "surface_classification_sett": null, "surface_classification_standing": null, "surface_swisstopo": "paved", "surface_sensebox": "unknown", "surface_sensebox_probability": 0.0, "match": "unknown" }, "geometry": { "type": "Point", "coordinates": [ 8.777481919588803, 47.203475933702563 ] } },
{ "type": "Feature", "properties": { "timestamp": "2026-04-30T16:34:55.002Z", "latitude": 47.203471601765322, "longitude": 8.777558787985722, "BELAGSART": 100, "surface_classification_asphalt": 0.34, "surface_classification_compacted": 0.14, "surface_classification_paving": 0.52, "surface_classification_sett": 0.0, "surface_classification_standing": 0.0, "surface_swisstopo": "paved", "surface_sensebox": "paved", "surface_sensebox_probability": 0.52, "match": "True" }, "geometry": { "type": "Point", "coordinates": [ 8.77755879665893, 47.203471611802748 ] } },
{ "type": "Feature", "properties": { "timestamp": "2026-04-30T16:34:56.002Z", "latitude": 47.203463709989634, "longitude": 8.7776349956895832, "BELAGSART": 100, "surface_classification_asphalt": null, "surface_classification_compacted": null, "surface_classification_paving": null, "surface_classification_sett": null, "surface_classification_standing": null, "surface_swisstopo": "paved", "surface_sensebox": "unknown", "surface_sensebox_probability": 0.0, "match": "unknown" }, "geometry": { "type": "Point", "coordinates": [ 8.777635004362866, 47.203463720026988 ] } },
{ "type": "Feature", "properties": { "timestamp": "2026-04-30T16:34:57.002Z", "latitude": 47.203459041679608, "longitude": 8.7777135847747516, "BELAGSART": 100, "surface_classification_asphalt": null, "surface_classification_compacted": null, "surface_classification_paving": null, "surface_classification_sett": null, "surface_classification_standing": null, "surface_swisstopo": "paved", "surface_sensebox": "unknown", "surface_sensebox_probability": 0.0, "match": "unknown" }, "geometry": { "type": "Point", "coordinates": [ 8.777713593448105, 47.20345905171699 ] } },
{ "type": "Feature", "properties": { "timestamp": "2026-04-30T16:34:58.002Z", "latitude": 47.203453266421668, "longitude": 8.777786769221402, "BELAGSART": 100, "surface_classification_asphalt": 0.8, "surface_classification_compacted": 0.15, "surface_classification_paving": 0.04, "surface_classification_sett": 0.0, "surface_classification_standing": 0.0, "surface_swisstopo": "paved", "surface_sensebox": "paved", "surface_sensebox_probability": 0.8, "match": "True" }, "geometry": { "type": "Point", "coordinates": [ 8.77778677789483, 47.20345327645903 ] } },
{ "type": "Feature", "properties": { "timestamp": "2026-04-30T16:34:59.002Z", "latitude": 47.203449950938413, "longitude": 8.777859776541316, "BELAGSART": 100, "surface_classification_asphalt": null, "surface_classification_compacted": null, "surface_classification_paving": null, "surface_classification_sett": null, "surface_classification_standing": null, "surface_swisstopo": "paved", "surface_sensebox": "unknown", "surface_sensebox_probability": 0.0, "match": "unknown" }, "geometry": { "type": "Point", "coordinates": [ 8.777859785214819, 47.203449960975746 ] } },
{ "type": "Feature", "properties": { "timestamp": "2026-04-30T16:35:00.002Z", "latitude": 47.203446910607646, "longitude": 8.7779344877171201, "BELAGSART": 100, "surface_classification_asphalt": null, "surface_classification_compacted": null, "surface_classification_paving": null, "surface_classification_sett": null, "surface_classification_standing": null, "surface_swisstopo": "paved", "surface_sensebox": "unknown", "surface_sensebox_probability": 0.0, "match": "unknown" }, "geometry": { "type": "Point", "coordinates": [ 8.777934496390694, 47.203446920644929 ] } },
{ "type": "Feature", "properties": { "timestamp": "2026-04-30T16:35:01.002Z", "latitude": 47.203444171926925, "longitude": 8.7780041886864897, "BELAGSART": 100, "surface_classification_asphalt": 0.11, "surface_classification_compacted": 0.73, "surface_classification_paving": 0.15, "surface_classification_sett": 0.0, "surface_classification_standing": 0.0, "surface_swisstopo": "paved", "surface_sensebox": "nature", "surface_sensebox_probability": 0.73, "match": "False" }, "geometry": { "type": "Point", "coordinates": [ 8.778004197360133, 47.203444181964237 ] } },
{ "type": "Feature", "properties": { "timestamp": "2026-04-30T16:35:02.002Z", "latitude": 47.203443614712533, "longitude": 8.7780775699614217, "BELAGSART": 100, "surface_classification_asphalt": null, "surface_classification_compacted": null, "surface_classification_paving": null, "surface_classification_sett": null, "surface_classification_standing": null, "surface_swisstopo": "paved", "surface_sensebox": "unknown", "surface_sensebox_probability": 0.0, "match": "unknown" }, "geometry": { "type": "Point", "coordinates": [ 8.778077578635132, 47.203443624749767 ] } },
{ "type": "Feature", "properties": { "timestamp": "2026-04-30T16:35:03.002Z", "latitude": 47.203439866915822, "longitude": 8.7781492870493398, "BELAGSART": 100, "surface_classification_asphalt": null, "surface_classification_compacted": null, "surface_classification_paving": null, "surface_classification_sett": null, "surface_classification_standing": null, "surface_swisstopo": "paved", "surface_sensebox": "unknown", "surface_sensebox_probability": 0.0, "match": "unknown" }, "geometry": { "type": "Point", "coordinates": [ 8.778149295723122, 47.203439876953077 ] } },
{ "type": "Feature", "properties": { "timestamp": "2026-04-30T16:35:04.002Z", "latitude": 47.203436444980689, "longitude": 8.7782205964913516, "BELAGSART": 200, "surface_classification_asphalt": 0.74, "surface_classification_compacted": 0.13, "surface_classification_paving": 0.09, "surface_classification_sett": 0.04, "surface_classification_standing": 0.0, "surface_swisstopo": "nature", "surface_sensebox": "paved", "surface_sensebox_probability": 0.74, "match": "False" }, "geometry": { "type": "Point", "coordinates": [ 8.778220605165199, 47.203436455017894 ] } },
{ "type": "Feature", "properties": { "timestamp": "2026-04-30T16:35:05.002Z", "latitude": 47.203435411857754, "longitude": 8.7782931697414597, "BELAGSART": 200, "surface_classification_asphalt": null, "surface_classification_compacted": null, "surface_classification_paving": null, "surface_classification_sett": null, "surface_classification_standing": null, "surface_swisstopo": "nature", "surface_sensebox": "unknown", "surface_sensebox_probability": 0.0, "match": "unknown" }, "geometry": { "type": "Point", "coordinates": [ 8.778293178415382, 47.203435421894952 ] } },
{ "type": "Feature", "properties": { "timestamp": "2026-04-30T16:35:06.002Z", "latitude": 47.203432863841478, "longitude": 8.7783684276841996, "BELAGSART": 200, "surface_classification_asphalt": 0.18, "surface_classification_compacted": 0.43, "surface_classification_paving": 0.39, "surface_classification_sett": 0.0, "surface_classification_standing": 0.0, "surface_swisstopo": "nature", "surface_sensebox": "unknown", "surface_sensebox_probability": 0.43, "match": "unknown" }, "geometry": { "type": "Point", "coordinates": [ 8.778368436358193, 47.203432873878647 ] } },
{ "type": "Feature", "properties": { "timestamp": "2026-04-30T16:35:07.002Z", "latitude": 47.203432891650571, "longitude": 8.7784447864752, "BELAGSART": 100, "surface_classification_asphalt": null, "surface_classification_compacted": null, "surface_classification_paving": null, "surface_classification_sett": null, "surface_classification_standing": null, "surface_swisstopo": "paved", "surface_sensebox": "unknown", "surface_sensebox_probability": 0.0, "match": "unknown" }, "geometry": { "type": "Point", "coordinates": [ 8.778444795149268, 47.203432901687698 ] } },
{ "type": "Feature", "properties": { "timestamp": "2026-04-30T16:35:08.002Z", "latitude": 47.203430750235533, "longitude": 8.7785194542533276, "BELAGSART": 100, "surface_classification_asphalt": null, "surface_classification_compacted": null, "surface_classification_paving": null, "surface_classification_sett": null, "surface_classification_standing": null, "surface_swisstopo": "paved", "surface_sensebox": "unknown", "surface_sensebox_probability": 0.0, "match": "unknown" }, "geometry": { "type": "Point", "coordinates": [ 8.778519462927466, 47.203430760272653 ] } },
{ "type": "Feature", "properties": { "timestamp": "2026-04-30T16:35:09.002Z", "latitude": 47.203428020008658, "longitude": 8.778596498526106, "BELAGSART": 100, "surface_classification_asphalt": 0.09, "surface_classification_compacted": 0.33, "surface_classification_paving": 0.57, "surface_classification_sett": 0.02, "surface_classification_standing": 0.0, "surface_swisstopo": "paved", "surface_sensebox": "paved", "surface_sensebox_probability": 0.57, "match": "True" }, "geometry": { "type": "Point", "coordinates": [ 8.778596507200325, 47.203428030045785 ] } },
{ "type": "Feature", "properties": { "timestamp": "2026-04-30T16:35:10.002Z", "latitude": 47.203421421580401, "longitude": 8.7786721822882452, "BELAGSART": 100, "surface_classification_asphalt": null, "surface_classification_compacted": null, "surface_classification_paving": null, "surface_classification_sett": null, "surface_classification_standing": null, "surface_swisstopo": "paved", "surface_sensebox": "unknown", "surface_sensebox_probability": 0.0, "match": "unknown" }, "geometry": { "type": "Point", "coordinates": [ 8.778672190962535, 47.20342143161745 ] } },
{ "type": "Feature", "properties": { "timestamp": "2026-04-30T16:35:11.002Z", "latitude": 47.203419378220914, "longitude": 8.7787505721285513, "BELAGSART": 200, "surface_classification_asphalt": null, "surface_classification_compacted": null, "surface_classification_paving": null, "surface_classification_sett": null, "surface_classification_standing": null, "surface_swisstopo": "nature", "surface_sensebox": "unknown", "surface_sensebox_probability": 0.0, "match": "unknown" }, "geometry": { "type": "Point", "coordinates": [ 8.778750580802914, 47.203419388257934 ] } },
{ "type": "Feature", "properties": { "timestamp": "2026-04-30T16:35:12.002Z", "latitude": 47.203418008223785, "longitude": 8.7788215248479897, "BELAGSART": 100, "surface_classification_asphalt": 0.04, "surface_classification_compacted": 0.91, "surface_classification_paving": 0.05, "surface_classification_sett": 0.0, "surface_classification_standing": 0.0, "surface_swisstopo": "paved", "surface_sensebox": "nature", "surface_sensebox_probability": 0.91, "match": "False" }, "geometry": { "type": "Point", "coordinates": [ 8.778821533522422, 47.203418018260834 ] } },
{ "type": "Feature", "properties": { "timestamp": "2026-04-30T16:35:13.002Z", "latitude": 47.20341302683088, "longitude": 8.7788998122614306, "BELAGSART": 100, "surface_classification_asphalt": null, "surface_classification_compacted": null, "surface_classification_paving": null, "surface_classification_sett": null, "surface_classification_standing": null, "surface_swisstopo": "paved", "surface_sensebox": "unknown", "surface_sensebox_probability": 0.0, "match": "unknown" }, "geometry": { "type": "Point", "coordinates": [ 8.778899820935939, 47.203413036867879 ] } },
{ "type": "Feature", "properties": { "timestamp": "2026-04-30T16:35:14.002Z", "latitude": 47.203411087911178, "longitude": 8.7789751792641102, "BELAGSART": 100, "surface_classification_asphalt": null, "surface_classification_compacted": null, "surface_classification_paving": null, "surface_classification_sett": null, "surface_classification_standing": null, "surface_swisstopo": "paved", "surface_sensebox": "unknown", "surface_sensebox_probability": 0.0, "match": "unknown" }, "geometry": { "type": "Point", "coordinates": [ 8.778975187938697, 47.203411097948155 ] } },
{ "type": "Feature", "properties": { "timestamp": "2026-04-30T16:35:15.002Z", "latitude": 47.203408037201847, "longitude": 8.7790551035529081, "BELAGSART": 100, "surface_classification_asphalt": 0.05, "surface_classification_compacted": 0.38, "surface_classification_paving": 0.53, "surface_classification_sett": 0.05, "surface_classification_standing": 0.0, "surface_swisstopo": "paved", "surface_sensebox": "paved", "surface_sensebox_probability": 0.53, "match": "True" }, "geometry": { "type": "Point", "coordinates": [ 8.779055112227573, 47.203408047238803 ] } },
{ "type": "Feature", "properties": { "timestamp": "2026-04-30T16:35:16.002Z", "latitude": 47.203410013389302, "longitude": 8.7791336855515265, "BELAGSART": 100, "surface_classification_asphalt": null, "surface_classification_compacted": null, "surface_classification_paving": null, "surface_classification_sett": null, "surface_classification_standing": null, "surface_swisstopo": "paved", "surface_sensebox": "unknown", "surface_sensebox_probability": 0.0, "match": "unknown" }, "geometry": { "type": "Point", "coordinates": [ 8.779133694226262, 47.203410023426251 ] } },
{ "type": "Feature", "properties": { "timestamp": "2026-04-30T16:35:17.002Z", "latitude": 47.20340933224864, "longitude": 8.7792106474432998, "BELAGSART": 100, "surface_classification_asphalt": null, "surface_classification_compacted": null, "surface_classification_paving": null, "surface_classification_sett": null, "surface_classification_standing": null, "surface_swisstopo": "paved", "surface_sensebox": "unknown", "surface_sensebox_probability": 0.0, "match": "unknown" }, "geometry": { "type": "Point", "coordinates": [ 8.779210656118112, 47.203409342285589 ] } },
{ "type": "Feature", "properties": { "timestamp": "2026-04-30T16:35:18.002Z", "latitude": 47.203408112172895, "longitude": 8.779286418168109, "BELAGSART": 100, "surface_classification_asphalt": 0.13, "surface_classification_compacted": 0.57, "surface_classification_paving": 0.29, "surface_classification_sett": 0.0, "surface_classification_standing": 0.0, "surface_swisstopo": "paved", "surface_sensebox": "nature", "surface_sensebox_probability": 0.57, "match": "False" }, "geometry": { "type": "Point", "coordinates": [ 8.779286426842994, 47.203408122209815 ] } },
{ "type": "Feature", "properties": { "timestamp": "2026-04-30T16:35:19.002Z", "latitude": 47.203405373817205, "longitude": 8.7793635865006738, "BELAGSART": 100, "surface_classification_asphalt": null, "surface_classification_compacted": null, "surface_classification_paving": null, "surface_classification_sett": null, "surface_classification_standing": null, "surface_swisstopo": "paved", "surface_sensebox": "unknown", "surface_sensebox_probability": 0.0, "match": "unknown" }, "geometry": { "type": "Point", "coordinates": [ 8.779363595175631, 47.203405383854061 ] } },
{ "type": "Feature", "properties": { "timestamp": "2026-04-30T16:35:20.002Z", "latitude": 47.203401614231005, "longitude": 8.7794375084347411, "BELAGSART": 100, "surface_classification_asphalt": 0.06, "surface_classification_compacted": 0.73, "surface_classification_paving": 0.19, "surface_classification_sett": 0.01, "surface_classification_standing": 0.0, "surface_swisstopo": "paved", "surface_sensebox": "nature", "surface_sensebox_probability": 0.73, "match": "False" }, "geometry": { "type": "Point", "coordinates": [ 8.779437517109772, 47.20340162426784 ] } },
{ "type": "Feature", "properties": { "timestamp": "2026-04-30T16:35:21.002Z", "latitude": 47.203398762928487, "longitude": 8.7795133109321917, "BELAGSART": 100, "surface_classification_asphalt": null, "surface_classification_compacted": null, "surface_classification_paving": null, "surface_classification_sett": null, "surface_classification_standing": null, "surface_swisstopo": "paved", "surface_sensebox": "unknown", "surface_sensebox_probability": 0.0, "match": "unknown" }, "geometry": { "type": "Point", "coordinates": [ 8.779513319607299, 47.203398772965315 ] } },
{ "type": "Feature", "properties": { "timestamp": "2026-04-30T16:35:22.002Z", "latitude": 47.203392786908431, "longitude": 8.7795913401899934, "BELAGSART": 100, "surface_classification_asphalt": null, "surface_classification_compacted": null, "surface_classification_paving": null, "surface_classification_sett": null, "surface_classification_standing": null, "surface_swisstopo": "paved", "surface_sensebox": "unknown", "surface_sensebox_probability": 0.0, "match": "unknown" }, "geometry": { "type": "Point", "coordinates": [ 8.77959134886518, 47.203392796945238 ] } },
{ "type": "Feature", "properties": { "timestamp": "2026-04-30T16:35:23.002Z", "latitude": 47.203385007885494, "longitude": 8.7796687713696144, "BELAGSART": 100, "surface_classification_asphalt": 0.12, "surface_classification_compacted": 0.7, "surface_classification_paving": 0.16, "surface_classification_sett": 0.01, "surface_classification_standing": 0.0, "surface_swisstopo": "paved", "surface_sensebox": "nature", "surface_sensebox_probability": 0.7, "match": "False" }, "geometry": { "type": "Point", "coordinates": [ 8.779668780044871, 47.20338501792228 ] } },
{ "type": "Feature", "properties": { "timestamp": "2026-04-30T16:35:24.002Z", "latitude": 47.203376411745403, "longitude": 8.7797445053488214, "BELAGSART": 100, "surface_classification_asphalt": null, "surface_classification_compacted": null, "surface_classification_paving": null, "surface_classification_sett": null, "surface_classification_standing": null, "surface_swisstopo": "paved", "surface_sensebox": "unknown", "surface_sensebox_probability": 0.0, "match": "unknown" }, "geometry": { "type": "Point", "coordinates": [ 8.779744514024157, 47.20337642178216 ] } },
{ "type": "Feature", "properties": { "timestamp": "2026-04-30T16:35:25.002Z", "latitude": 47.203366315687255, "longitude": 8.779821380861959, "BELAGSART": 100, "surface_classification_asphalt": null, "surface_classification_compacted": null, "surface_classification_paving": null, "surface_classification_sett": null, "surface_classification_standing": null, "surface_swisstopo": "paved", "surface_sensebox": "unknown", "surface_sensebox_probability": 0.0, "match": "unknown" }, "geometry": { "type": "Point", "coordinates": [ 8.779821389537366, 47.203366325723948 ] } },
{ "type": "Feature", "properties": { "timestamp": "2026-04-30T16:35:26.002Z", "latitude": 47.203360406488528, "longitude": 8.7798970894272461, "BELAGSART": 100, "surface_classification_asphalt": 0.08, "surface_classification_compacted": 0.83, "surface_classification_paving": 0.08, "surface_classification_sett": 0.01, "surface_classification_standing": 0.0, "surface_swisstopo": "paved", "surface_sensebox": "nature", "surface_sensebox_probability": 0.83, "match": "False" }, "geometry": { "type": "Point", "coordinates": [ 8.779897098102726, 47.203360416525221 ] } },
{ "type": "Feature", "properties": { "timestamp": "2026-04-30T16:35:27.002Z", "latitude": 47.203356176818033, "longitude": 8.7799730591225416, "BELAGSART": 100, "surface_classification_asphalt": null, "surface_classification_compacted": null, "surface_classification_paving": null, "surface_classification_sett": null, "surface_classification_standing": null, "surface_swisstopo": "paved", "surface_sensebox": "unknown", "surface_sensebox_probability": 0.0, "match": "unknown" }, "geometry": { "type": "Point", "coordinates": [ 8.779973067798098, 47.203356186854734 ] } },
{ "type": "Feature", "properties": { "timestamp": "2026-04-30T16:35:28.002Z", "latitude": 47.203351075581772, "longitude": 8.7800508133492023, "BELAGSART": 100, "surface_classification_asphalt": null, "surface_classification_compacted": null, "surface_classification_paving": null, "surface_classification_sett": null, "surface_classification_standing": null, "surface_swisstopo": "paved", "surface_sensebox": "unknown", "surface_sensebox_probability": 0.0, "match": "unknown" }, "geometry": { "type": "Point", "coordinates": [ 8.780050822024837, 47.203351085618394 ] } },
{ "type": "Feature", "properties": { "timestamp": "2026-04-30T16:35:29.002Z", "latitude": 47.203346436323443, "longitude": 8.7801236955549395, "BELAGSART": 100, "surface_classification_asphalt": 0.12, "surface_classification_compacted": 0.71, "surface_classification_paving": 0.09, "surface_classification_sett": 0.07, "surface_classification_standing": 0.0, "surface_swisstopo": "paved", "surface_sensebox": "nature", "surface_sensebox_probability": 0.71, "match": "False" }, "geometry": { "type": "Point", "coordinates": [ 8.780123704230645, 47.203346446360072 ] } },
{ "type": "Feature", "properties": { "timestamp": "2026-04-30T16:35:30.002Z", "latitude": 47.20334352440512, "longitude": 8.7801997967663752, "BELAGSART": 100, "surface_classification_asphalt": null, "surface_classification_compacted": null, "surface_classification_paving": null, "surface_classification_sett": null, "surface_classification_standing": null, "surface_swisstopo": "paved", "surface_sensebox": "unknown", "surface_sensebox_probability": 0.0, "match": "unknown" }, "geometry": { "type": "Point", "coordinates": [ 8.780199805442155, 47.2033435344417 ] } },
{ "type": "Feature", "properties": { "timestamp": "2026-04-30T16:35:31.002Z", "latitude": 47.203339405497971, "longitude": 8.7802767080616704, "BELAGSART": 100, "surface_classification_asphalt": null, "surface_classification_compacted": null, "surface_classification_paving": null, "surface_classification_sett": null, "surface_classification_standing": null, "surface_swisstopo": "paved", "surface_sensebox": "unknown", "surface_sensebox_probability": 0.0, "match": "unknown" }, "geometry": { "type": "Point", "coordinates": [ 8.780276716737523, 47.203339415534529 ] } },
{ "type": "Feature", "properties": { "timestamp": "2026-04-30T16:35:32.002Z", "latitude": 47.203337820040986, "longitude": 8.7803531603834344, "BELAGSART": 100, "surface_classification_asphalt": 0.36, "surface_classification_compacted": 0.4, "surface_classification_paving": 0.16, "surface_classification_sett": 0.07, "surface_classification_standing": 0.0, "surface_swisstopo": "paved", "surface_sensebox": "unknown", "surface_sensebox_probability": 0.4, "match": "unknown" }, "geometry": { "type": "Point", "coordinates": [ 8.780353169059365, 47.203337830077523 ] } },
{ "type": "Feature", "properties": { "timestamp": "2026-04-30T16:35:33.002Z", "latitude": 47.20333293349254, "longitude": 8.7804249754072661, "BELAGSART": 100, "surface_classification_asphalt": null, "surface_classification_compacted": null, "surface_classification_paving": null, "surface_classification_sett": null, "surface_classification_standing": null, "surface_swisstopo": "paved", "surface_sensebox": "unknown", "surface_sensebox_probability": 0.0, "match": "unknown" }, "geometry": { "type": "Point", "coordinates": [ 8.780424984083261, 47.203332943529034 ] } },
{ "type": "Feature", "properties": { "timestamp": "2026-04-30T16:35:34.002Z", "latitude": 47.203330596300439, "longitude": 8.7804978222579884, "BELAGSART": 100, "surface_classification_asphalt": null, "surface_classification_compacted": null, "surface_classification_paving": null, "surface_classification_sett": null, "surface_classification_standing": null, "surface_swisstopo": "paved", "surface_sensebox": "unknown", "surface_sensebox_probability": 0.0, "match": "unknown" }, "geometry": { "type": "Point", "coordinates": [ 8.78049783093406, 47.203330606336941 ] } },
{ "type": "Feature", "properties": { "timestamp": "2026-04-30T16:35:35.002Z", "latitude": 47.203330077246292, "longitude": 8.7805729353024322, "BELAGSART": 100, "surface_classification_asphalt": 0.08, "surface_classification_compacted": 0.58, "surface_classification_paving": 0.3, "surface_classification_sett": 0.04, "surface_classification_standing": 0.0, "surface_swisstopo": "paved", "surface_sensebox": "nature", "surface_sensebox_probability": 0.58, "match": "False" }, "geometry": { "type": "Point", "coordinates": [ 8.780572943978578, 47.203330087282765 ] } },
{ "type": "Feature", "properties": { "timestamp": "2026-04-30T16:35:36.002Z", "latitude": 47.203333224267347, "longitude": 8.780646239769947, "BELAGSART": 100, "surface_classification_asphalt": null, "surface_classification_compacted": null, "surface_classification_paving": null, "surface_classification_sett": null, "surface_classification_standing": null, "surface_swisstopo": "paved", "surface_sensebox": "unknown", "surface_sensebox_probability": 0.0, "match": "unknown" }, "geometry": { "type": "Point", "coordinates": [ 8.780646248446159, 47.203333234303827 ] } },
{ "type": "Feature", "properties": { "timestamp": "2026-04-30T16:35:37.002Z", "latitude": 47.203340424431765, "longitude": 8.7807187206893946, "BELAGSART": 100, "surface_classification_asphalt": 0.13, "surface_classification_compacted": 0.41, "surface_classification_paving": 0.41, "surface_classification_sett": 0.04, "surface_classification_standing": 0.0, "surface_swisstopo": "paved", "surface_sensebox": "unknown", "surface_sensebox_probability": 0.41, "match": "unknown" }, "geometry": { "type": "Point", "coordinates": [ 8.78071872936567, 47.203340434468231 ] } },
{ "type": "Feature", "properties": { "timestamp": "2026-04-30T16:35:38.002Z", "latitude": 47.20335090516722, "longitude": 8.7807863854952526, "BELAGSART": 100, "surface_classification_asphalt": null, "surface_classification_compacted": null, "surface_classification_paving": null, "surface_classification_sett": null, "surface_classification_standing": null, "surface_swisstopo": "paved", "surface_sensebox": "unknown", "surface_sensebox_probability": 0.0, "match": "unknown" }, "geometry": { "type": "Point", "coordinates": [ 8.780786394171592, 47.203350915203607 ] } },
{ "type": "Feature", "properties": { "timestamp": "2026-04-30T16:35:39.002Z", "latitude": 47.203360699508188, "longitude": 8.7808509242399033, "BELAGSART": 100, "surface_classification_asphalt": null, "surface_classification_compacted": null, "surface_classification_paving": null, "surface_classification_sett": null, "surface_classification_standing": null, "surface_swisstopo": "paved", "surface_sensebox": "unknown", "surface_sensebox_probability": 0.0, "match": "unknown" }, "geometry": { "type": "Point", "coordinates": [ 8.780850932916303, 47.203360709544626 ] } },
{ "type": "Feature", "properties": { "timestamp": "2026-04-30T16:35:40.002Z", "latitude": 47.203364829977517, "longitude": 8.7809154151396349, "BELAGSART": 100, "surface_classification_asphalt": 0.02, "surface_classification_compacted": 0.93, "surface_classification_paving": 0.05, "surface_classification_sett": 0.0, "surface_classification_standing": 0.0, "surface_swisstopo": "paved", "surface_sensebox": "nature", "surface_sensebox_probability": 0.93, "match": "False" }, "geometry": { "type": "Point", "coordinates": [ 8.78091542381609, 47.203364840013897 ] } },
{ "type": "Feature", "properties": { "timestamp": "2026-04-30T16:35:41.002Z", "latitude": 47.203367441702085, "longitude": 8.7809885495696225, "BELAGSART": 100, "surface_classification_asphalt": null, "surface_classification_compacted": null, "surface_classification_paving": null, "surface_classification_sett": null, "surface_classification_standing": null, "surface_swisstopo": "paved", "surface_sensebox": "unknown", "surface_sensebox_probability": 0.0, "match": "unknown" }, "geometry": { "type": "Point", "coordinates": [ 8.780988558246154, 47.20336745173843 ] } },
{ "type": "Feature", "properties": { "timestamp": "2026-04-30T16:35:42.002Z", "latitude": 47.203364813203557, "longitude": 8.7810697199588379, "BELAGSART": 100, "surface_classification_asphalt": null, "surface_classification_compacted": null, "surface_classification_paving": null, "surface_classification_sett": null, "surface_classification_standing": null, "surface_swisstopo": "paved", "surface_sensebox": "unknown", "surface_sensebox_probability": 0.0, "match": "unknown" }, "geometry": { "type": "Point", "coordinates": [ 8.781069728635444, 47.20336482323993 ] } },
{ "type": "Feature", "properties": { "timestamp": "2026-04-30T16:35:43.002Z", "latitude": 47.203361640480217, "longitude": 8.7811508125299493, "BELAGSART": 100, "surface_classification_asphalt": 0.14, "surface_classification_compacted": 0.1, "surface_classification_paving": 0.12, "surface_classification_sett": 0.64, "surface_classification_standing": 0.0, "surface_swisstopo": "paved", "surface_sensebox": "paved", "surface_sensebox_probability": 0.64, "match": "True" }, "geometry": { "type": "Point", "coordinates": [ 8.781150821206637, 47.203361650516548 ] } },
{ "type": "Feature", "properties": { "timestamp": "2026-04-30T16:35:44.002Z", "latitude": 47.203354046891981, "longitude": 8.7812316602630052, "BELAGSART": 100, "surface_classification_asphalt": null, "surface_classification_compacted": null, "surface_classification_paving": null, "surface_classification_sett": null, "surface_classification_standing": null, "surface_swisstopo": "paved", "surface_sensebox": "unknown", "surface_sensebox_probability": 0.0, "match": "unknown" }, "geometry": { "type": "Point", "coordinates": [ 8.781231668939773, 47.203354056928276 ] } },
{ "type": "Feature", "properties": { "timestamp": "2026-04-30T16:35:45.002Z", "latitude": 47.203346942993598, "longitude": 8.7813131705647365, "BELAGSART": 100, "surface_classification_asphalt": null, "surface_classification_compacted": null, "surface_classification_paving": null, "surface_classification_sett": null, "surface_classification_standing": null, "surface_swisstopo": "paved", "surface_sensebox": "unknown", "surface_sensebox_probability": 0.0, "match": "unknown" }, "geometry": { "type": "Point", "coordinates": [ 8.781313179241582, 47.203346953029836 ] } },
{ "type": "Feature", "properties": { "timestamp": "2026-04-30T16:35:46.002Z", "latitude": 47.203340333421643, "longitude": 8.7813937243148352, "BELAGSART": 100, "surface_classification_asphalt": 0.06, "surface_classification_compacted": 0.67, "surface_classification_paving": 0.07, "surface_classification_sett": 0.2, "surface_classification_standing": 0.0, "surface_swisstopo": "paved", "surface_sensebox": "nature", "surface_sensebox_probability": 0.67, "match": "False" }, "geometry": { "type": "Point", "coordinates": [ 8.781393732991759, 47.203340343457867 ] } },
{ "type": "Feature", "properties": { "timestamp": "2026-04-30T16:35:47.002Z", "latitude": 47.20333457388422, "longitude": 8.7814721542954857, "BELAGSART": 100, "surface_classification_asphalt": null, "surface_classification_compacted": null, "surface_classification_paving": null, "surface_classification_sett": null, "surface_classification_standing": null, "surface_swisstopo": "paved", "surface_sensebox": "unknown", "surface_sensebox_probability": 0.0, "match": "unknown" }, "geometry": { "type": "Point", "coordinates": [ 8.781472162972486, 47.203334583920423 ] } },
{ "type": "Feature", "properties": { "timestamp": "2026-04-30T16:35:48.002Z", "latitude": 47.20332965242455, "longitude": 8.7815501341320186, "BELAGSART": 100, "surface_classification_asphalt": null, "surface_classification_compacted": null, "surface_classification_paving": null, "surface_classification_sett": null, "surface_classification_standing": null, "surface_swisstopo": "paved", "surface_sensebox": "unknown", "surface_sensebox_probability": 0.0, "match": "unknown" }, "geometry": { "type": "Point", "coordinates": [ 8.781550142809095, 47.203329662460746 ] } },
{ "type": "Feature", "properties": { "timestamp": "2026-04-30T16:35:49.002Z", "latitude": 47.203324041659286, "longitude": 8.7816265793763506, "BELAGSART": 100, "surface_classification_asphalt": 0.1, "surface_classification_compacted": 0.39, "surface_classification_paving": 0.13, "surface_classification_sett": 0.39, "surface_classification_standing": 0.0, "surface_swisstopo": "paved", "surface_sensebox": "unknown", "surface_sensebox_probability": 0.39, "match": "unknown" }, "geometry": { "type": "Point", "coordinates": [ 8.781626588053509, 47.203324051695446 ] } },
{ "type": "Feature", "properties": { "timestamp": "2026-04-30T16:35:50.002Z", "latitude": 47.203317091101773, "longitude": 8.7817027706412976, "BELAGSART": 100, "surface_classification_asphalt": null, "surface_classification_compacted": null, "surface_classification_paving": null, "surface_classification_sett": null, "surface_classification_standing": null, "surface_swisstopo": "paved", "surface_sensebox": "unknown", "surface_sensebox_probability": 0.0, "match": "unknown" }, "geometry": { "type": "Point", "coordinates": [ 8.781702779318527, 47.203317101137976 ] } },
{ "type": "Feature", "properties": { "timestamp": "2026-04-30T16:35:51.002Z", "latitude": 47.203312509651745, "longitude": 8.7817789490366032, "BELAGSART": 100, "surface_classification_asphalt": 0.19, "surface_classification_compacted": 0.73, "surface_classification_paving": 0.05, "surface_classification_sett": 0.03, "surface_classification_standing": 0.0, "surface_swisstopo": "paved", "surface_sensebox": "nature", "surface_sensebox_probability": 0.73, "match": "False" }, "geometry": { "type": "Point", "coordinates": [ 8.781778957713909, 47.203312519687877 ] } },
{ "type": "Feature", "properties": { "timestamp": "2026-04-30T16:35:52.002Z", "latitude": 47.203308249179422, "longitude": 8.7818567832348258, "BELAGSART": 100, "surface_classification_asphalt": null, "surface_classification_compacted": null, "surface_classification_paving": null, "surface_classification_sett": null, "surface_classification_standing": null, "surface_swisstopo": "paved", "surface_sensebox": "unknown", "surface_sensebox_probability": 0.0, "match": "unknown" }, "geometry": { "type": "Point", "coordinates": [ 8.781856791912206, 47.20330825921554 ] } },
{ "type": "Feature", "properties": { "timestamp": "2026-04-30T16:35:53.002Z", "latitude": 47.203301333954407, "longitude": 8.7819329086792148, "BELAGSART": 100, "surface_classification_asphalt": null, "surface_classification_compacted": null, "surface_classification_paving": null, "surface_classification_sett": null, "surface_classification_standing": null, "surface_swisstopo": "paved", "surface_sensebox": "unknown", "surface_sensebox_probability": 0.0, "match": "unknown" }, "geometry": { "type": "Point", "coordinates": [ 8.781932917356672, 47.203301343990461 ] } },
{ "type": "Feature", "properties": { "timestamp": "2026-04-30T16:35:54.002Z", "latitude": 47.203295422843645, "longitude": 8.7820087668773485, "BELAGSART": 100, "surface_classification_asphalt": 0.06, "surface_classification_compacted": 0.82, "surface_classification_paving": 0.04, "surface_classification_sett": 0.08, "surface_classification_standing": 0.0, "surface_swisstopo": "paved", "surface_sensebox": "nature", "surface_sensebox_probability": 0.82, "match": "False" }, "geometry": { "type": "Point", "coordinates": [ 8.78200877555488, 47.203295432879713 ] } },
{ "type": "Feature", "properties": { "timestamp": "2026-04-30T16:35:55.002Z", "latitude": 47.203287720030723, "longitude": 8.7820809166706528, "BELAGSART": 100, "surface_classification_asphalt": null, "surface_classification_compacted": null, "surface_classification_paving": null, "surface_classification_sett": null, "surface_classification_standing": null, "surface_swisstopo": "paved", "surface_sensebox": "unknown", "surface_sensebox_probability": 0.0, "match": "unknown" }, "geometry": { "type": "Point", "coordinates": [ 8.782080925348254, 47.203287730066748 ] } },
{ "type": "Feature", "properties": { "timestamp": "2026-04-30T16:35:56.002Z", "latitude": 47.203281966617517, "longitude": 8.7821527404164126, "BELAGSART": 100, "surface_classification_asphalt": null, "surface_classification_compacted": null, "surface_classification_paving": null, "surface_classification_sett": null, "surface_classification_standing": null, "surface_swisstopo": "paved", "surface_sensebox": "unknown", "surface_sensebox_probability": 0.0, "match": "unknown" }, "geometry": { "type": "Point", "coordinates": [ 8.78215274909409, 47.203281976653479 ] } },
{ "type": "Feature", "properties": { "timestamp": "2026-04-30T16:35:57.002Z", "latitude": 47.20327180060363, "longitude": 8.7822220195284899, "BELAGSART": 100, "surface_classification_asphalt": 0.03, "surface_classification_compacted": 0.04, "surface_classification_paving": 0.02, "surface_classification_sett": 0.92, "surface_classification_standing": 0.0, "surface_swisstopo": "paved", "surface_sensebox": "paved", "surface_sensebox_probability": 0.92, "match": "True" }, "geometry": { "type": "Point", "coordinates": [ 8.782222028206236, 47.203271810639585 ] } },
{ "type": "Feature", "properties": { "timestamp": "2026-04-30T16:35:58.002Z", "latitude": 47.203265003072559, "longitude": 8.7822943060305221, "BELAGSART": 100, "surface_classification_asphalt": null, "surface_classification_compacted": null, "surface_classification_paving": null, "surface_classification_sett": null, "surface_classification_standing": null, "surface_swisstopo": "paved", "surface_sensebox": "unknown", "surface_sensebox_probability": 0.0, "match": "unknown" }, "geometry": { "type": "Point", "coordinates": [ 8.782294314708334, 47.203265013108506 ] } },
{ "type": "Feature", "properties": { "timestamp": "2026-04-30T16:35:59.002Z", "latitude": 47.203261303681785, "longitude": 8.7823702987769856, "BELAGSART": 100, "surface_classification_asphalt": null, "surface_classification_compacted": null, "surface_classification_paving": null, "surface_classification_sett": null, "surface_classification_standing": null, "surface_swisstopo": "paved", "surface_sensebox": "unknown", "surface_sensebox_probability": 0.0, "match": "unknown" }, "geometry": { "type": "Point", "coordinates": [ 8.782370307454878, 47.203261313717704 ] } },
{ "type": "Feature", "properties": { "timestamp": "2026-04-30T16:36:00.002Z", "latitude": 47.203255847450073, "longitude": 8.7824461647038916, "BELAGSART": 100, "surface_classification_asphalt": 0.07, "surface_classification_compacted": 0.39, "surface_classification_paving": 0.1, "surface_classification_sett": 0.43, "surface_classification_standing": 0.0, "surface_swisstopo": "paved", "surface_sensebox": "unknown", "surface_sensebox_probability": 0.43, "match": "unknown" }, "geometry": { "type": "Point", "coordinates": [ 8.782446173381855, 47.203255857485978 ] } },
{ "type": "Feature", "properties": { "timestamp": "2026-04-30T16:36:01.002Z", "latitude": 47.203250157250984, "longitude": 8.782521468446939, "BELAGSART": 100, "surface_classification_asphalt": null, "surface_classification_compacted": null, "surface_classification_paving": null, "surface_classification_sett": null, "surface_classification_standing": null, "surface_swisstopo": "paved", "surface_sensebox": "unknown", "surface_sensebox_probability": 0.0, "match": "unknown" }, "geometry": { "type": "Point", "coordinates": [ 8.782521477124979, 47.203250167286875 ] } },
{ "type": "Feature", "properties": { "timestamp": "2026-04-30T16:36:02.002Z", "latitude": 47.203242503573293, "longitude": 8.7825938154077665, "BELAGSART": 100, "surface_classification_asphalt": null, "surface_classification_compacted": null, "surface_classification_paving": null, "surface_classification_sett": null, "surface_classification_standing": null, "surface_swisstopo": "paved", "surface_sensebox": "unknown", "surface_sensebox_probability": 0.0, "match": "unknown" }, "geometry": { "type": "Point", "coordinates": [ 8.782593824085874, 47.203242513609119 ] } },
{ "type": "Feature", "properties": { "timestamp": "2026-04-30T16:36:03.002Z", "latitude": 47.203229468912077, "longitude": 8.7826574637607031, "BELAGSART": 100, "surface_classification_asphalt": 0.03, "surface_classification_compacted": 0.84, "surface_classification_paving": 0.07, "surface_classification_sett": 0.06, "surface_classification_standing": 0.0, "surface_swisstopo": "paved", "surface_sensebox": "nature", "surface_sensebox_probability": 0.84, "match": "False" }, "geometry": { "type": "Point", "coordinates": [ 8.782657472438876, 47.20322947894789 ] } },
{ "type": "Feature", "properties": { "timestamp": "2026-04-30T16:36:04.002Z", "latitude": 47.203221753996949, "longitude": 8.7827253822490086, "BELAGSART": 100, "surface_classification_asphalt": null, "surface_classification_compacted": null, "surface_classification_paving": null, "surface_classification_sett": null, "surface_classification_standing": null, "surface_swisstopo": "paved", "surface_sensebox": "unknown", "surface_sensebox_probability": 0.0, "match": "unknown" }, "geometry": { "type": "Point", "coordinates": [ 8.782725390927252, 47.203221764032719 ] } },
{ "type": "Feature", "properties": { "timestamp": "2026-04-30T16:36:05.002Z", "latitude": 47.20321198262581, "longitude": 8.7827874013063578, "BELAGSART": 100, "surface_classification_asphalt": null, "surface_classification_compacted": null, "surface_classification_paving": null, "surface_classification_sett": null, "surface_classification_standing": null, "surface_swisstopo": "paved", "surface_sensebox": "unknown", "surface_sensebox_probability": 0.0, "match": "unknown" }, "geometry": { "type": "Point", "coordinates": [ 8.782787409984659, 47.203211992661608 ] } },
{ "type": "Feature", "properties": { "timestamp": "2026-04-30T16:36:06.002Z", "latitude": 47.203203772063397, "longitude": 8.7828540523367966, "BELAGSART": 100, "surface_classification_asphalt": 0.49, "surface_classification_compacted": 0.39, "surface_classification_paving": 0.03, "surface_classification_sett": 0.09, "surface_classification_standing": 0.0, "surface_swisstopo": "paved", "surface_sensebox": "unknown", "surface_sensebox_probability": 0.49, "match": "unknown" }, "geometry": { "type": "Point", "coordinates": [ 8.782854061015168, 47.203203782099159 ] } },
{ "type": "Feature", "properties": { "timestamp": "2026-04-30T16:36:07.002Z", "latitude": 47.203196809770347, "longitude": 8.7829241781764562, "BELAGSART": 100, "surface_classification_asphalt": null, "surface_classification_compacted": null, "surface_classification_paving": null, "surface_classification_sett": null, "surface_classification_standing": null, "surface_swisstopo": "paved", "surface_sensebox": "unknown", "surface_sensebox_probability": 0.0, "match": "unknown" }, "geometry": { "type": "Point", "coordinates": [ 8.782924186854899, 47.203196819806095 ] } },
{ "type": "Feature", "properties": { "timestamp": "2026-04-30T16:36:08.002Z", "latitude": 47.203191430772712, "longitude": 8.7829952475748225, "BELAGSART": 100, "surface_classification_asphalt": 0.11, "surface_classification_compacted": 0.67, "surface_classification_paving": 0.2, "surface_classification_sett": 0.03, "surface_classification_standing": 0.0, "surface_swisstopo": "paved", "surface_sensebox": "nature", "surface_sensebox_probability": 0.67, "match": "False" }, "geometry": { "type": "Point", "coordinates": [ 8.782995256253331, 47.203191440808411 ] } },
{ "type": "Feature", "properties": { "timestamp": "2026-04-30T16:36:09.002Z", "latitude": 47.203187121349984, "longitude": 8.7830658625433546, "BELAGSART": 100, "surface_classification_asphalt": null, "surface_classification_compacted": null, "surface_classification_paving": null, "surface_classification_sett": null, "surface_classification_standing": null, "surface_swisstopo": "paved", "surface_sensebox": "unknown", "surface_sensebox_probability": 0.0, "match": "unknown" }, "geometry": { "type": "Point", "coordinates": [ 8.783065871221934, 47.203187131385654 ] } },
{ "type": "Feature", "properties": { "timestamp": "2026-04-30T16:36:10.002Z", "latitude": 47.203182578415294, "longitude": 8.7831309141923377, "BELAGSART": 100, "surface_classification_asphalt": null, "surface_classification_compacted": null, "surface_classification_paving": null, "surface_classification_sett": null, "surface_classification_standing": null, "surface_swisstopo": "paved", "surface_sensebox": "unknown", "surface_sensebox_probability": 0.0, "match": "unknown" }, "geometry": { "type": "Point", "coordinates": [ 8.783130922870983, 47.203182588450964 ] } },
{ "type": "Feature", "properties": { "timestamp": "2026-04-30T16:36:11.002Z", "latitude": 47.203175394181002, "longitude": 8.7832024111775553, "BELAGSART": 100, "surface_classification_asphalt": 0.18, "surface_classification_compacted": 0.43, "surface_classification_paving": 0.38, "surface_classification_sett": 0.01, "surface_classification_standing": 0.0, "surface_swisstopo": "paved", "surface_sensebox": "unknown", "surface_sensebox_probability": 0.43, "match": "unknown" }, "geometry": { "type": "Point", "coordinates": [ 8.783202419856272, 47.203175404216609 ] } },
{ "type": "Feature", "properties": { "timestamp": "2026-04-30T16:36:12.002Z", "latitude": 47.203168187880451, "longitude": 8.7832719708765907, "BELAGSART": 100, "surface_classification_asphalt": null, "surface_classification_compacted": null, "surface_classification_paving": null, "surface_classification_sett": null, "surface_classification_standing": null, "surface_swisstopo": "paved", "surface_sensebox": "unknown", "surface_sensebox_probability": 0.0, "match": "unknown" }, "geometry": { "type": "Point", "coordinates": [ 8.783271979555375, 47.203168197916071 ] } },
{ "type": "Feature", "properties": { "timestamp": "2026-04-30T16:36:13.002Z", "latitude": 47.203160875191472, "longitude": 8.7833364536949254, "BELAGSART": 100, "surface_classification_asphalt": null, "surface_classification_compacted": null, "surface_classification_paving": null, "surface_classification_sett": null, "surface_classification_standing": null, "surface_swisstopo": "paved", "surface_sensebox": "unknown", "surface_sensebox_probability": 0.0, "match": "unknown" }, "geometry": { "type": "Point", "coordinates": [ 8.783336462373773, 47.203160885227078 ] } },
{ "type": "Feature", "properties": { "timestamp": "2026-04-30T16:36:14.002Z", "latitude": 47.203152873676217, "longitude": 8.783400966902887, "BELAGSART": 100, "surface_classification_asphalt": 0.07, "surface_classification_compacted": 0.44, "surface_classification_paving": 0.44, "surface_classification_sett": 0.06, "surface_classification_standing": 0.0, "surface_swisstopo": "paved", "surface_sensebox": "unknown", "surface_sensebox_probability": 0.44, "match": "unknown" }, "geometry": { "type": "Point", "coordinates": [ 8.783400975581801, 47.203152883711795 ] } },
{ "type": "Feature", "properties": { "timestamp": "2026-04-30T16:36:15.002Z", "latitude": 47.203145215777546, "longitude": 8.7834641234189554, "BELAGSART": 100, "surface_classification_asphalt": null, "surface_classification_compacted": null, "surface_classification_paving": null, "surface_classification_sett": null, "surface_classification_standing": null, "surface_swisstopo": "paved", "surface_sensebox": "unknown", "surface_sensebox_probability": 0.0, "match": "unknown" }, "geometry": { "type": "Point", "coordinates": [ 8.783464132097928, 47.203145225813103 ] } },
{ "type": "Feature", "properties": { "timestamp": "2026-04-30T16:36:16.002Z", "latitude": 47.203138002385877, "longitude": 8.7835230966044939, "BELAGSART": 100, "surface_classification_asphalt": null, "surface_classification_compacted": null, "surface_classification_paving": null, "surface_classification_sett": null, "surface_classification_standing": null, "surface_swisstopo": "paved", "surface_sensebox": "unknown", "surface_sensebox_probability": 0.0, "match": "unknown" }, "geometry": { "type": "Point", "coordinates": [ 8.783523105283527, 47.203138012421398 ] } },
{ "type": "Feature", "properties": { "timestamp": "2026-04-30T16:36:17.002Z", "latitude": 47.203131359131419, "longitude": 8.7835828561626066, "BELAGSART": 100, "surface_classification_asphalt": 0.13, "surface_classification_compacted": 0.85, "surface_classification_paving": 0.02, "surface_classification_sett": 0.0, "surface_classification_standing": 0.0, "surface_swisstopo": "paved", "surface_sensebox": "nature", "surface_sensebox_probability": 0.85, "match": "False" }, "geometry": { "type": "Point", "coordinates": [ 8.783582864841701, 47.203131369166961 ] } },
{ "type": "Feature", "properties": { "timestamp": "2026-04-30T16:36:18.002Z", "latitude": 47.203126118094872, "longitude": 8.7836405563479794, "BELAGSART": 100, "surface_classification_asphalt": null, "surface_classification_compacted": null, "surface_classification_paving": null, "surface_classification_sett": null, "surface_classification_standing": null, "surface_swisstopo": "paved", "surface_sensebox": "unknown", "surface_sensebox_probability": 0.0, "match": "unknown" }, "geometry": { "type": "Point", "coordinates": [ 8.783640565027127, 47.203126128130329 ] } },
{ "type": "Feature", "properties": { "timestamp": "2026-04-30T16:36:19.002Z", "latitude": 47.203120741519371, "longitude": 8.7836962405025272, "BELAGSART": 100, "surface_classification_asphalt": null, "surface_classification_compacted": null, "surface_classification_paving": null, "surface_classification_sett": null, "surface_classification_standing": null, "surface_swisstopo": "paved", "surface_sensebox": "unknown", "surface_sensebox_probability": 0.0, "match": "unknown" }, "geometry": { "type": "Point", "coordinates": [ 8.78369624918173, 47.203120751554827 ] } },
{ "type": "Feature", "properties": { "timestamp": "2026-04-30T16:36:20.002Z", "latitude": 47.203115816322871, "longitude": 8.7837524732245509, "BELAGSART": 100, "surface_classification_asphalt": 0.05, "surface_classification_compacted": 0.37, "surface_classification_paving": 0.41, "surface_classification_sett": 0.17, "surface_classification_standing": 0.0, "surface_swisstopo": "paved", "surface_sensebox": "unknown", "surface_sensebox_probability": 0.41, "match": "unknown" }, "geometry": { "type": "Point", "coordinates": [ 8.783752481903809, 47.2031158263583 ] } },
{ "type": "Feature", "properties": { "timestamp": "2026-04-30T16:36:21.002Z", "latitude": 47.203112909299499, "longitude": 8.7838032030801916, "BELAGSART": 100, "surface_classification_asphalt": null, "surface_classification_compacted": null, "surface_classification_paving": null, "surface_classification_sett": null, "surface_classification_standing": null, "surface_swisstopo": "paved", "surface_sensebox": "unknown", "surface_sensebox_probability": 0.0, "match": "unknown" }, "geometry": { "type": "Point", "coordinates": [ 8.783803211759503, 47.203112919334941 ] } },
{ "type": "Feature", "properties": { "timestamp": "2026-04-30T16:36:22.002Z", "latitude": 47.203110188181547, "longitude": 8.7838498173351809, "BELAGSART": 100, "surface_classification_asphalt": null, "surface_classification_compacted": null, "surface_classification_paving": null, "surface_classification_sett": null, "surface_classification_standing": null, "surface_swisstopo": "paved", "surface_sensebox": "unknown", "surface_sensebox_probability": 0.0, "match": "unknown" }, "geometry": { "type": "Point", "coordinates": [ 8.783849826014533, 47.203110198216926 ] } },
{ "type": "Feature", "properties": { "timestamp": "2026-04-30T16:36:23.002Z", "latitude": 47.203104633783191, "longitude": 8.7838969141215859, "BELAGSART": 100, "surface_classification_asphalt": 0.12, "surface_classification_compacted": 0.86, "surface_classification_paving": 0.02, "surface_classification_sett": 0.0, "surface_classification_standing": 0.0, "surface_swisstopo": "paved", "surface_sensebox": "nature", "surface_sensebox_probability": 0.86, "match": "False" }, "geometry": { "type": "Point", "coordinates": [ 8.783896922800988, 47.203104643818612 ] } },
{ "type": "Feature", "properties": { "timestamp": "2026-04-30T16:36:24.002Z", "latitude": 47.203108088172229, "longitude": 8.7839424779274538, "BELAGSART": 100, "surface_classification_asphalt": null, "surface_classification_compacted": null, "surface_classification_paving": null, "surface_classification_sett": null, "surface_classification_standing": null, "surface_swisstopo": "paved", "surface_sensebox": "unknown", "surface_sensebox_probability": 0.0, "match": "unknown" }, "geometry": { "type": "Point", "coordinates": [ 8.7839424866069, 47.203108098207657 ] } },
{ "type": "Feature", "properties": { "timestamp": "2026-04-30T16:36:25.002Z", "latitude": 47.203103303662203, "longitude": 8.7839943377687248, "BELAGSART": 100, "surface_classification_asphalt": 0.06, "surface_classification_compacted": 0.57, "surface_classification_paving": 0.36, "surface_classification_sett": 0.0, "surface_classification_standing": 0.0, "surface_swisstopo": "paved", "surface_sensebox": "nature", "surface_sensebox_probability": 0.57, "match": "False" }, "geometry": { "type": "Point", "coordinates": [ 8.783994346448226, 47.203103313697618 ] } },
{ "type": "Feature", "properties": { "timestamp": "2026-04-30T16:36:26.002Z", "latitude": 47.203104922281256, "longitude": 8.7840484834105776, "BELAGSART": 100, "surface_classification_asphalt": null, "surface_classification_compacted": null, "surface_classification_paving": null, "surface_classification_sett": null, "surface_classification_standing": null, "surface_swisstopo": "paved", "surface_sensebox": "unknown", "surface_sensebox_probability": 0.0, "match": "unknown" }, "geometry": { "type": "Point", "coordinates": [ 8.784048492090124, 47.203104932316585 ] } },
{ "type": "Feature", "properties": { "timestamp": "2026-04-30T16:36:27.002Z", "latitude": 47.20310474438822, "longitude": 8.7841086049157902, "BELAGSART": 100, "surface_classification_asphalt": null, "surface_classification_compacted": null, "surface_classification_paving": null, "surface_classification_sett": null, "surface_classification_standing": null, "surface_swisstopo": "paved", "surface_sensebox": "unknown", "surface_sensebox_probability": 0.0, "match": "unknown" }, "geometry": { "type": "Point", "coordinates": [ 8.784108613595398, 47.203104754423606 ] } },
{ "type": "Feature", "properties": { "timestamp": "2026-04-30T16:36:28.002Z", "latitude": 47.203101098544295, "longitude": 8.7841740500034202, "BELAGSART": 100, "surface_classification_asphalt": 0.09, "surface_classification_compacted": 0.7, "surface_classification_paving": 0.16, "surface_classification_sett": 0.04, "surface_classification_standing": 0.0, "surface_swisstopo": "paved", "surface_sensebox": "nature", "surface_sensebox_probability": 0.7, "match": "False" }, "geometry": { "type": "Point", "coordinates": [ 8.784174058683085, 47.203101108579617 ] } },
{ "type": "Feature", "properties": { "timestamp": "2026-04-30T16:36:29.002Z", "latitude": 47.203099821241295, "longitude": 8.7842447122977489, "BELAGSART": 100, "surface_classification_asphalt": null, "surface_classification_compacted": null, "surface_classification_paving": null, "surface_classification_sett": null, "surface_classification_standing": null, "surface_swisstopo": "paved", "surface_sensebox": "unknown", "surface_sensebox_probability": 0.0, "match": "unknown" }, "geometry": { "type": "Point", "coordinates": [ 8.784244720977489, 47.203099831276575 ] } },
{ "type": "Feature", "properties": { "timestamp": "2026-04-30T16:36:30.002Z", "latitude": 47.203098019707525, "longitude": 8.7843215829569665, "BELAGSART": 100, "surface_classification_asphalt": null, "surface_classification_compacted": null, "surface_classification_paving": null, "surface_classification_sett": null, "surface_classification_standing": null, "surface_swisstopo": "paved", "surface_sensebox": "unknown", "surface_sensebox_probability": 0.0, "match": "unknown" }, "geometry": { "type": "Point", "coordinates": [ 8.784321591636777, 47.20309802974279 ] } },
{ "type": "Feature", "properties": { "timestamp": "2026-04-30T16:36:31.002Z", "latitude": 47.203096044664761, "longitude": 8.7843979704775386, "BELAGSART": 100, "surface_classification_asphalt": 0.09, "surface_classification_compacted": 0.51, "surface_classification_paving": 0.32, "surface_classification_sett": 0.09, "surface_classification_standing": 0.0, "surface_swisstopo": "paved", "surface_sensebox": "nature", "surface_sensebox_probability": 0.51, "match": "False" }, "geometry": { "type": "Point", "coordinates": [ 8.784397979157422, 47.203096054699998 ] } },
{ "type": "Feature", "properties": { "timestamp": "2026-04-30T16:36:32.002Z", "latitude": 47.203094834027048, "longitude": 8.7844774299366577, "BELAGSART": 100, "surface_classification_asphalt": null, "surface_classification_compacted": null, "surface_classification_paving": null, "surface_classification_sett": null, "surface_classification_standing": null, "surface_swisstopo": "paved", "surface_sensebox": "unknown", "surface_sensebox_probability": 0.0, "match": "unknown" }, "geometry": { "type": "Point", "coordinates": [ 8.784477438616625, 47.203094844062285 ] } },
{ "type": "Feature", "properties": { "timestamp": "2026-04-30T16:36:33.002Z", "latitude": 47.203092292236477, "longitude": 8.7845569701470918, "BELAGSART": 100, "surface_classification_asphalt": null, "surface_classification_compacted": null, "surface_classification_paving": null, "surface_classification_sett": null, "surface_classification_standing": null, "surface_swisstopo": "paved", "surface_sensebox": "unknown", "surface_sensebox_probability": 0.0, "match": "unknown" }, "geometry": { "type": "Point", "coordinates": [ 8.784556978827128, 47.203092302271685 ] } },
{ "type": "Feature", "properties": { "timestamp": "2026-04-30T16:36:34.002Z", "latitude": 47.203087056231752, "longitude": 8.7846371623230795, "BELAGSART": 100, "surface_classification_asphalt": 0.06, "surface_classification_compacted": 0.32, "surface_classification_paving": 0.12, "surface_classification_sett": 0.5, "surface_classification_standing": 0.0, "surface_swisstopo": "paved", "surface_sensebox": "unknown", "surface_sensebox_probability": 0.5, "match": "unknown" }, "geometry": { "type": "Point", "coordinates": [ 8.784637171003199, 47.203087066266939 ] } },
{ "type": "Feature", "properties": { "timestamp": "2026-04-30T16:36:35.002Z", "latitude": 47.203084978501202, "longitude": 8.7847150315945246, "BELAGSART": 100, "surface_classification_asphalt": null, "surface_classification_compacted": null, "surface_classification_paving": null, "surface_classification_sett": null, "surface_classification_standing": null, "surface_swisstopo": "paved", "surface_sensebox": "unknown", "surface_sensebox_probability": 0.0, "match": "unknown" }, "geometry": { "type": "Point", "coordinates": [ 8.784715040274717, 47.203084988536396 ] } },
{ "type": "Feature", "properties": { "timestamp": "2026-04-30T16:36:36.002Z", "latitude": 47.203081707168543, "longitude": 8.7847893866265334, "BELAGSART": 100, "surface_classification_asphalt": null, "surface_classification_compacted": null, "surface_classification_paving": null, "surface_classification_sett": null, "surface_classification_standing": null, "surface_swisstopo": "paved", "surface_sensebox": "unknown", "surface_sensebox_probability": 0.0, "match": "unknown" }, "geometry": { "type": "Point", "coordinates": [ 8.784789395306801, 47.203081717203681 ] } },
{ "type": "Feature", "properties": { "timestamp": "2026-04-30T16:36:37.002Z", "latitude": 47.203078411292537, "longitude": 8.7848661826810055, "BELAGSART": 100, "surface_classification_asphalt": 0.05, "surface_classification_compacted": 0.62, "surface_classification_paving": 0.25, "surface_classification_sett": 0.07, "surface_classification_standing": 0.0, "surface_swisstopo": "paved", "surface_sensebox": "nature", "surface_sensebox_probability": 0.62, "match": "False" }, "geometry": { "type": "Point", "coordinates": [ 8.784866191361351, 47.203078421327668 ] } },
{ "type": "Feature", "properties": { "timestamp": "2026-04-30T16:36:38.002Z", "latitude": 47.203076550805406, "longitude": 8.7849429731988025, "BELAGSART": 100, "surface_classification_asphalt": null, "surface_classification_compacted": null, "surface_classification_paving": null, "surface_classification_sett": null, "surface_classification_standing": null, "surface_swisstopo": "paved", "surface_sensebox": "unknown", "surface_sensebox_probability": 0.0, "match": "unknown" }, "geometry": { "type": "Point", "coordinates": [ 8.784942981879219, 47.203076560840486 ] } },
{ "type": "Feature", "properties": { "timestamp": "2026-04-30T16:36:39.002Z", "latitude": 47.203075596395628, "longitude": 8.7850142999604461, "BELAGSART": 100, "surface_classification_asphalt": 0.27, "surface_classification_compacted": 0.21, "surface_classification_paving": 0.52, "surface_classification_sett": 0.0, "surface_classification_standing": 0.0, "surface_swisstopo": "paved", "surface_sensebox": "paved", "surface_sensebox_probability": 0.52, "match": "True" }, "geometry": { "type": "Point", "coordinates": [ 8.78501430864093, 47.203075606430716 ] } },
{ "type": "Feature", "properties": { "timestamp": "2026-04-30T16:36:40.002Z", "latitude": 47.203073618348292, "longitude": 8.7850883938140196, "BELAGSART": 100, "surface_classification_asphalt": null, "surface_classification_compacted": null, "surface_classification_paving": null, "surface_classification_sett": null, "surface_classification_standing": null, "surface_swisstopo": "paved", "surface_sensebox": "unknown", "surface_sensebox_probability": 0.0, "match": "unknown" }, "geometry": { "type": "Point", "coordinates": [ 8.785088402494576, 47.203073628383343 ] } },
{ "type": "Feature", "properties": { "timestamp": "2026-04-30T16:36:41.002Z", "latitude": 47.203070343680672, "longitude": 8.7851609386304723, "BELAGSART": 100, "surface_classification_asphalt": null, "surface_classification_compacted": null, "surface_classification_paving": null, "surface_classification_sett": null, "surface_classification_standing": null, "surface_swisstopo": "paved", "surface_sensebox": "unknown", "surface_sensebox_probability": 0.0, "match": "unknown" }, "geometry": { "type": "Point", "coordinates": [ 8.785160947311093, 47.203070353715695 ] } },
{ "type": "Feature", "properties": { "timestamp": "2026-04-30T16:36:42.002Z", "latitude": 47.203068252260259, "longitude": 8.7852385705399509, "BELAGSART": 100, "surface_classification_asphalt": 0.11, "surface_classification_compacted": 0.8, "surface_classification_paving": 0.05, "surface_classification_sett": 0.04, "surface_classification_standing": 0.0, "surface_swisstopo": "paved", "surface_sensebox": "nature", "surface_sensebox_probability": 0.8, "match": "False" }, "geometry": { "type": "Point", "coordinates": [ 8.785238579220655, 47.203068262295282 ] } },
{ "type": "Feature", "properties": { "timestamp": "2026-04-30T16:36:43.002Z", "latitude": 47.203065932908487, "longitude": 8.7853168958621897, "BELAGSART": 100, "surface_classification_asphalt": null, "surface_classification_compacted": null, "surface_classification_paving": null, "surface_classification_sett": null, "surface_classification_standing": null, "surface_swisstopo": "paved", "surface_sensebox": "unknown", "surface_sensebox_probability": 0.0, "match": "unknown" }, "geometry": { "type": "Point", "coordinates": [ 8.785316904542968, 47.203065942943468 ] } },
{ "type": "Feature", "properties": { "timestamp": "2026-04-30T16:36:44.002Z", "latitude": 47.203061047434119, "longitude": 8.7853932293809063, "BELAGSART": 100, "surface_classification_asphalt": null, "surface_classification_compacted": null, "surface_classification_paving": null, "surface_classification_sett": null, "surface_classification_standing": null, "surface_swisstopo": "paved", "surface_sensebox": "unknown", "surface_sensebox_probability": 0.0, "match": "unknown" }, "geometry": { "type": "Point", "coordinates": [ 8.785393238061761, 47.20306105746905 ] } },
{ "type": "Feature", "properties": { "timestamp": "2026-04-30T16:36:45.002Z", "latitude": 47.20305741012195, "longitude": 8.7854695083777425, "BELAGSART": 100, "surface_classification_asphalt": 0.21, "surface_classification_compacted": 0.3, "surface_classification_paving": 0.46, "surface_classification_sett": 0.03, "surface_classification_standing": 0.0, "surface_swisstopo": "paved", "surface_sensebox": "unknown", "surface_sensebox_probability": 0.46, "match": "unknown" }, "geometry": { "type": "Point", "coordinates": [ 8.785469517058671, 47.20305742015691 ] } },
{ "type": "Feature", "properties": { "timestamp": "2026-04-30T16:36:46.002Z", "latitude": 47.203054858698451, "longitude": 8.785546055550455, "BELAGSART": 100, "surface_classification_asphalt": null, "surface_classification_compacted": null, "surface_classification_paving": null, "surface_classification_sett": null, "surface_classification_standing": null, "surface_swisstopo": "paved", "surface_sensebox": "unknown", "surface_sensebox_probability": 0.0, "match": "unknown" }, "geometry": { "type": "Point", "coordinates": [ 8.78554606423145, 47.203054868733382 ] } },
{ "type": "Feature", "properties": { "timestamp": "2026-04-30T16:36:47.002Z", "latitude": 47.203050706832222, "longitude": 8.7856217115031008, "BELAGSART": 100, "surface_classification_asphalt": null, "surface_classification_compacted": null, "surface_classification_paving": null, "surface_classification_sett": null, "surface_classification_standing": null, "surface_swisstopo": "paved", "surface_sensebox": "unknown", "surface_sensebox_probability": 0.0, "match": "unknown" }, "geometry": { "type": "Point", "coordinates": [ 8.785621720184176, 47.203050716867075 ] } },
{ "type": "Feature", "properties": { "timestamp": "2026-04-30T16:36:48.002Z", "latitude": 47.20304594548378, "longitude": 8.7856984005009835, "BELAGSART": 100, "surface_classification_asphalt": 0.22, "surface_classification_compacted": 0.68, "surface_classification_paving": 0.08, "surface_classification_sett": 0.02, "surface_classification_standing": 0.0, "surface_swisstopo": "paved", "surface_sensebox": "nature", "surface_sensebox_probability": 0.68, "match": "False" }, "geometry": { "type": "Point", "coordinates": [ 8.785698409182134, 47.203045955518661 ] } },
{ "type": "Feature", "properties": { "timestamp": "2026-04-30T16:36:49.002Z", "latitude": 47.203042019421282, "longitude": 8.7857743618413977, "BELAGSART": 100, "surface_classification_asphalt": null, "surface_classification_compacted": null, "surface_classification_paving": null, "surface_classification_sett": null, "surface_classification_standing": null, "surface_swisstopo": "paved", "surface_sensebox": "unknown", "surface_sensebox_probability": 0.0, "match": "unknown" }, "geometry": { "type": "Point", "coordinates": [ 8.785774370522622, 47.203042029456114 ] } },
{ "type": "Feature", "properties": { "timestamp": "2026-04-30T16:36:50.002Z", "latitude": 47.203036994183655, "longitude": 8.7858488156915779, "BELAGSART": 100, "surface_classification_asphalt": null, "surface_classification_compacted": null, "surface_classification_paving": null, "surface_classification_sett": null, "surface_classification_standing": null, "surface_swisstopo": "paved", "surface_sensebox": "unknown", "surface_sensebox_probability": 0.0, "match": "unknown" }, "geometry": { "type": "Point", "coordinates": [ 8.785848824372875, 47.203037004218459 ] } },
{ "type": "Feature", "properties": { "timestamp": "2026-04-30T16:36:51.003Z", "latitude": 47.203030120167597, "longitude": 8.7859210489881363, "BELAGSART": 100, "surface_classification_asphalt": 0.01, "surface_classification_compacted": 0.75, "surface_classification_paving": 0.22, "surface_classification_sett": 0.02, "surface_classification_standing": 0.0, "surface_swisstopo": "paved", "surface_sensebox": "nature", "surface_sensebox_probability": 0.75, "match": "False" }, "geometry": { "type": "Point", "coordinates": [ 8.785921057669501, 47.203030130202393 ] } },
{ "type": "Feature", "properties": { "timestamp": "2026-04-30T16:36:52.003Z", "latitude": 47.203020480106957, "longitude": 8.7859908853253597, "BELAGSART": 100, "surface_classification_asphalt": null, "surface_classification_compacted": null, "surface_classification_paving": null, "surface_classification_sett": null, "surface_classification_standing": null, "surface_swisstopo": "paved", "surface_sensebox": "unknown", "surface_sensebox_probability": 0.0, "match": "unknown" }, "geometry": { "type": "Point", "coordinates": [ 8.785990894006796, 47.203020490141697 ] } },
{ "type": "Feature", "properties": { "timestamp": "2026-04-30T16:36:53.003Z", "latitude": 47.203014463804287, "longitude": 8.7860635721135587, "BELAGSART": 100, "surface_classification_asphalt": 0.12, "surface_classification_compacted": 0.79, "surface_classification_paving": 0.09, "surface_classification_sett": 0.0, "surface_classification_standing": 0.0, "surface_swisstopo": "paved", "surface_sensebox": "nature", "surface_sensebox_probability": 0.79, "match": "False" }, "geometry": { "type": "Point", "coordinates": [ 8.786063580795068, 47.203014473838984 ] } },
{ "type": "Feature", "properties": { "timestamp": "2026-04-30T16:36:54.003Z", "latitude": 47.203010551531321, "longitude": 8.7861368126118471, "BELAGSART": 100, "surface_classification_asphalt": null, "surface_classification_compacted": null, "surface_classification_paving": null, "surface_classification_sett": null, "surface_classification_standing": null, "surface_swisstopo": "paved", "surface_sensebox": "unknown", "surface_sensebox_probability": 0.0, "match": "unknown" }, "geometry": { "type": "Point", "coordinates": [ 8.786136821293423, 47.203010561566032 ] } },
{ "type": "Feature", "properties": { "timestamp": "2026-04-30T16:36:55.003Z", "latitude": 47.203007405657956, "longitude": 8.7862090842208573, "BELAGSART": 100, "surface_classification_asphalt": null, "surface_classification_compacted": null, "surface_classification_paving": null, "surface_classification_sett": null, "surface_classification_standing": null, "surface_swisstopo": "paved", "surface_sensebox": "unknown", "surface_sensebox_probability": 0.0, "match": "unknown" }, "geometry": { "type": "Point", "coordinates": [ 8.78620909290251, 47.203007415692653 ] } },
{ "type": "Feature", "properties": { "timestamp": "2026-04-30T16:36:56.003Z", "latitude": 47.203003637901155, "longitude": 8.786281428046987, "BELAGSART": 100, "surface_classification_asphalt": 0.03, "surface_classification_compacted": 0.73, "surface_classification_paving": 0.24, "surface_classification_sett": 0.01, "surface_classification_standing": 0.0, "surface_swisstopo": "paved", "surface_sensebox": "nature", "surface_sensebox_probability": 0.73, "match": "False" }, "geometry": { "type": "Point", "coordinates": [ 8.786281436728707, 47.203003647935809 ] } },
{ "type": "Feature", "properties": { "timestamp": "2026-04-30T16:36:57.003Z", "latitude": 47.202999956872368, "longitude": 8.7863527822754257, "BELAGSART": 100, "surface_classification_asphalt": null, "surface_classification_compacted": null, "surface_classification_paving": null, "surface_classification_sett": null, "surface_classification_standing": null, "surface_swisstopo": "paved", "surface_sensebox": "unknown", "surface_sensebox_probability": 0.0, "match": "unknown" }, "geometry": { "type": "Point", "coordinates": [ 8.786352790957215, 47.202999966907029 ] } },
{ "type": "Feature", "properties": { "timestamp": "2026-04-30T16:36:58.003Z", "latitude": 47.202995195296118, "longitude": 8.7864276468418119, "BELAGSART": 100, "surface_classification_asphalt": null, "surface_classification_compacted": null, "surface_classification_paving": null, "surface_classification_sett": null, "surface_classification_standing": null, "surface_swisstopo": "paved", "surface_sensebox": "unknown", "surface_sensebox_probability": 0.0, "match": "unknown" }, "geometry": { "type": "Point", "coordinates": [ 8.786427655523674, 47.202995205330751 ] } },
{ "type": "Feature", "properties": { "timestamp": "2026-04-30T16:36:59.003Z", "latitude": 47.202992329627477, "longitude": 8.7864983173703397, "BELAGSART": 100, "surface_classification_asphalt": 0.01, "surface_classification_compacted": 0.95, "surface_classification_paving": 0.04, "surface_classification_sett": 0.0, "surface_classification_standing": 0.0, "surface_swisstopo": "paved", "surface_sensebox": "nature", "surface_sensebox_probability": 0.95, "match": "False" }, "geometry": { "type": "Point", "coordinates": [ 8.786498326052277, 47.202992339662117 ] } },
{ "type": "Feature", "properties": { "timestamp": "2026-04-30T16:37:00.003Z", "latitude": 47.202988677928744, "longitude": 8.7865652154139937, "BELAGSART": 100, "surface_classification_asphalt": null, "surface_classification_compacted": null, "surface_classification_paving": null, "surface_classification_sett": null, "surface_classification_standing": null, "surface_swisstopo": "paved", "surface_sensebox": "unknown", "surface_sensebox_probability": 0.0, "match": "unknown" }, "geometry": { "type": "Point", "coordinates": [ 8.786565224095991, 47.202988687963348 ] } },
{ "type": "Feature", "properties": { "timestamp": "2026-04-30T16:37:01.003Z", "latitude": 47.202990040315896, "longitude": 8.7866328325711116, "BELAGSART": 100, "surface_classification_asphalt": null, "surface_classification_compacted": null, "surface_classification_paving": null, "surface_classification_sett": null, "surface_classification_standing": null, "surface_swisstopo": "paved", "surface_sensebox": "unknown", "surface_sensebox_probability": 0.0, "match": "unknown" }, "geometry": { "type": "Point", "coordinates": [ 8.786632841253176, 47.202990050350458 ] } },
{ "type": "Feature", "properties": { "timestamp": "2026-04-30T16:37:02.003Z", "latitude": 47.202987913949393, "longitude": 8.7867024761922359, "BELAGSART": 100, "surface_classification_asphalt": 0.04, "surface_classification_compacted": 0.87, "surface_classification_paving": 0.09, "surface_classification_sett": 0.0, "surface_classification_standing": 0.0, "surface_swisstopo": "paved", "surface_sensebox": "nature", "surface_sensebox_probability": 0.87, "match": "False" }, "geometry": { "type": "Point", "coordinates": [ 8.786702484874366, 47.202987923983933 ] } },
{ "type": "Feature", "properties": { "timestamp": "2026-04-30T16:37:03.003Z", "latitude": 47.202985697018939, "longitude": 8.7867652702950441, "BELAGSART": 100, "surface_classification_asphalt": null, "surface_classification_compacted": null, "surface_classification_paving": null, "surface_classification_sett": null, "surface_classification_standing": null, "surface_swisstopo": "paved", "surface_sensebox": "unknown", "surface_sensebox_probability": 0.0, "match": "unknown" }, "geometry": { "type": "Point", "coordinates": [ 8.786765278977239, 47.202985707053443 ] } },
{ "type": "Feature", "properties": { "timestamp": "2026-04-30T16:37:04.003Z", "latitude": 47.202985542925319, "longitude": 8.7868273190362878, "BELAGSART": 100, "surface_classification_asphalt": null, "surface_classification_compacted": null, "surface_classification_paving": null, "surface_classification_sett": null, "surface_classification_standing": null, "surface_swisstopo": "paved", "surface_sensebox": "unknown", "surface_sensebox_probability": 0.0, "match": "unknown" }, "geometry": { "type": "Point", "coordinates": [ 8.786827327718537, 47.202985552959845 ] } },
{ "type": "Feature", "properties": { "timestamp": "2026-04-30T16:37:05.003Z", "latitude": 47.202992034528052, "longitude": 8.7868906030635774, "BELAGSART": 100, "surface_classification_asphalt": 0.05, "surface_classification_compacted": 0.84, "surface_classification_paving": 0.1, "surface_classification_sett": 0.02, "surface_classification_standing": 0.0, "surface_swisstopo": "paved", "surface_sensebox": "nature", "surface_sensebox_probability": 0.84, "match": "False" }, "geometry": { "type": "Point", "coordinates": [ 8.786890611745887, 47.202992044562528 ] } },
{ "type": "Feature", "properties": { "timestamp": "2026-04-30T16:37:06.003Z", "latitude": 47.203001102036822, "longitude": 8.7869511468883186, "BELAGSART": 100, "surface_classification_asphalt": null, "surface_classification_compacted": null, "surface_classification_paving": null, "surface_classification_sett": null, "surface_classification_standing": null, "surface_swisstopo": "paved", "surface_sensebox": "unknown", "surface_sensebox_probability": 0.0, "match": "unknown" }, "geometry": { "type": "Point", "coordinates": [ 8.786951155570687, 47.203001112071277 ] } },
{ "type": "Feature", "properties": { "timestamp": "2026-04-30T16:37:07.003Z", "latitude": 47.2030135619747, "longitude": 8.7870163385796438, "BELAGSART": 100, "surface_classification_asphalt": null, "surface_classification_compacted": null, "surface_classification_paving": null, "surface_classification_sett": null, "surface_classification_standing": null, "surface_swisstopo": "paved", "surface_sensebox": "unknown", "surface_sensebox_probability": 0.0, "match": "unknown" }, "geometry": { "type": "Point", "coordinates": [ 8.787016347262067, 47.203013572009198 ] } },
{ "type": "Feature", "properties": { "timestamp": "2026-04-30T16:37:08.003Z", "latitude": 47.20302724304296, "longitude": 8.7870857111556706, "BELAGSART": 100, "surface_classification_asphalt": 0.02, "surface_classification_compacted": 0.88, "surface_classification_paving": 0.05, "surface_classification_sett": 0.05, "surface_classification_standing": 0.0, "surface_swisstopo": "paved", "surface_sensebox": "nature", "surface_sensebox_probability": 0.88, "match": "False" }, "geometry": { "type": "Point", "coordinates": [ 8.787085719838162, 47.203027253077394 ] } },
{ "type": "Feature", "properties": { "timestamp": "2026-04-30T16:37:09.003Z", "latitude": 47.203044589676736, "longitude": 8.7871596213131351, "BELAGSART": 100, "surface_classification_asphalt": null, "surface_classification_compacted": null, "surface_classification_paving": null, "surface_classification_sett": null, "surface_classification_standing": null, "surface_swisstopo": "paved", "surface_sensebox": "unknown", "surface_sensebox_probability": 0.0, "match": "unknown" }, "geometry": { "type": "Point", "coordinates": [ 8.78715962999569, 47.203044599711149 ] } },
{ "type": "Feature", "properties": { "timestamp": "2026-04-30T16:37:10.003Z", "latitude": 47.203059624993323, "longitude": 8.7872296585262113, "BELAGSART": 100, "surface_classification_asphalt": 0.09, "surface_classification_compacted": 0.16, "surface_classification_paving": 0.18, "surface_classification_sett": 0.57, "surface_classification_standing": 0.0, "surface_swisstopo": "paved", "surface_sensebox": "paved", "surface_sensebox_probability": 0.57, "match": "True" }, "geometry": { "type": "Point", "coordinates": [ 8.787229667208821, 47.203059635027735 ] } },
{ "type": "Feature", "properties": { "timestamp": "2026-04-30T16:37:11.003Z", "latitude": 47.203076464778057, "longitude": 8.7873007564335168, "BELAGSART": 100, "surface_classification_asphalt": null, "surface_classification_compacted": null, "surface_classification_paving": null, "surface_classification_sett": null, "surface_classification_standing": null, "surface_swisstopo": "paved", "surface_sensebox": "unknown", "surface_sensebox_probability": 0.0, "match": "unknown" }, "geometry": { "type": "Point", "coordinates": [ 8.787300765116196, 47.203076474812441 ] } },
{ "type": "Feature", "properties": { "timestamp": "2026-04-30T16:37:12.003Z", "latitude": 47.203094156929481, "longitude": 8.7873696181760721, "BELAGSART": 100, "surface_classification_asphalt": null, "surface_classification_compacted": null, "surface_classification_paving": null, "surface_classification_sett": null, "surface_classification_standing": null, "surface_swisstopo": "paved", "surface_sensebox": "unknown", "surface_sensebox_probability": 0.0, "match": "unknown" }, "geometry": { "type": "Point", "coordinates": [ 8.787369626858814, 47.203094166963893 ] } },
{ "type": "Feature", "properties": { "timestamp": "2026-04-30T16:37:13.003Z", "latitude": 47.203112654890141, "longitude": 8.7874387921546671, "BELAGSART": 100, "surface_classification_asphalt": 0.27, "surface_classification_compacted": 0.65, "surface_classification_paving": 0.04, "surface_classification_sett": 0.04, "surface_classification_standing": 0.0, "surface_swisstopo": "paved", "surface_sensebox": "nature", "surface_sensebox_probability": 0.65, "match": "False" }, "geometry": { "type": "Point", "coordinates": [ 8.787438800837462, 47.203112664924504 ] } },
{ "type": "Feature", "properties": { "timestamp": "2026-04-30T16:37:14.003Z", "latitude": 47.203131792149421, "longitude": 8.7875090067722947, "BELAGSART": 100, "surface_classification_asphalt": null, "surface_classification_compacted": null, "surface_classification_paving": null, "surface_classification_sett": null, "surface_classification_standing": null, "surface_swisstopo": "paved", "surface_sensebox": "unknown", "surface_sensebox_probability": 0.0, "match": "unknown" }, "geometry": { "type": "Point", "coordinates": [ 8.787509015455155, 47.203131802183798 ] } },
{ "type": "Feature", "properties": { "timestamp": "2026-04-30T16:37:15.003Z", "latitude": 47.203149278004815, "longitude": 8.7875778968033647, "BELAGSART": 100, "surface_classification_asphalt": null, "surface_classification_compacted": null, "surface_classification_paving": null, "surface_classification_sett": null, "surface_classification_standing": null, "surface_swisstopo": "paved", "surface_sensebox": "unknown", "surface_sensebox_probability": 0.0, "match": "unknown" }, "geometry": { "type": "Point", "coordinates": [ 8.787577905486291, 47.203149288039178 ] } },
{ "type": "Feature", "properties": { "timestamp": "2026-04-30T16:37:16.003Z", "latitude": 47.203165872540097, "longitude": 8.7876456024492136, "BELAGSART": 100, "surface_classification_asphalt": 0.03, "surface_classification_compacted": 0.74, "surface_classification_paving": 0.16, "surface_classification_sett": 0.07, "surface_classification_standing": 0.0, "surface_swisstopo": "paved", "surface_sensebox": "nature", "surface_sensebox_probability": 0.74, "match": "False" }, "geometry": { "type": "Point", "coordinates": [ 8.787645611132199, 47.203165882574439 ] } },
{ "type": "Feature", "properties": { "timestamp": "2026-04-30T16:37:17.003Z", "latitude": 47.203184373063003, "longitude": 8.7877124749868205, "BELAGSART": 100, "surface_classification_asphalt": null, "surface_classification_compacted": null, "surface_classification_paving": null, "surface_classification_sett": null, "surface_classification_standing": null, "surface_swisstopo": "paved", "surface_sensebox": "unknown", "surface_sensebox_probability": 0.0, "match": "unknown" }, "geometry": { "type": "Point", "coordinates": [ 8.787712483669861, 47.203184383097309 ] } },
{ "type": "Feature", "properties": { "timestamp": "2026-04-30T16:37:18.003Z", "latitude": 47.203206392219819, "longitude": 8.7877790779967633, "BELAGSART": 100, "surface_classification_asphalt": null, "surface_classification_compacted": null, "surface_classification_paving": null, "surface_classification_sett": null, "surface_classification_standing": null, "surface_swisstopo": "paved", "surface_sensebox": "unknown", "surface_sensebox_probability": 0.0, "match": "unknown" }, "geometry": { "type": "Point", "coordinates": [ 8.787779086679858, 47.203206402254132 ] } },
{ "type": "Feature", "properties": { "timestamp": "2026-04-30T16:37:19.003Z", "latitude": 47.203227564674322, "longitude": 8.7878434765025144, "BELAGSART": 100, "surface_classification_asphalt": 0.2, "surface_classification_compacted": 0.53, "surface_classification_paving": 0.2, "surface_classification_sett": 0.08, "surface_classification_standing": 0.0, "surface_swisstopo": "paved", "surface_sensebox": "nature", "surface_sensebox_probability": 0.53, "match": "False" }, "geometry": { "type": "Point", "coordinates": [ 8.787843485185666, 47.203227574708613 ] } },
{ "type": "Feature", "properties": { "timestamp": "2026-04-30T16:37:20.003Z", "latitude": 47.203246840111618, "longitude": 8.7879142726371047, "BELAGSART": 100, "surface_classification_asphalt": null, "surface_classification_compacted": null, "surface_classification_paving": null, "surface_classification_sett": null, "surface_classification_standing": null, "surface_swisstopo": "paved", "surface_sensebox": "unknown", "surface_sensebox_probability": 0.0, "match": "unknown" }, "geometry": { "type": "Point", "coordinates": [ 8.787914281320322, 47.203246850145902 ] } },
{ "type": "Feature", "properties": { "timestamp": "2026-04-30T16:37:21.003Z", "latitude": 47.20326640820997, "longitude": 8.7879831145081084, "BELAGSART": 100, "surface_classification_asphalt": null, "surface_classification_compacted": null, "surface_classification_paving": null, "surface_classification_sett": null, "surface_classification_standing": null, "surface_swisstopo": "paved", "surface_sensebox": "unknown", "surface_sensebox_probability": 0.0, "match": "unknown" }, "geometry": { "type": "Point", "coordinates": [ 8.787983123191381, 47.203266418244226 ] } },
{ "type": "Feature", "properties": { "timestamp": "2026-04-30T16:37:22.003Z", "latitude": 47.203287552484632, "longitude": 8.7880479504344962, "BELAGSART": 100, "surface_classification_asphalt": 0.03, "surface_classification_compacted": 0.17, "surface_classification_paving": 0.08, "surface_classification_sett": 0.73, "surface_classification_standing": 0.0, "surface_swisstopo": "paved", "surface_sensebox": "paved", "surface_sensebox_probability": 0.73, "match": "True" }, "geometry": { "type": "Point", "coordinates": [ 8.788047959117828, 47.203287562518852 ] } },
{ "type": "Feature", "properties": { "timestamp": "2026-04-30T16:37:23.003Z", "latitude": 47.2033099815539, "longitude": 8.7881110145834462, "BELAGSART": 100, "surface_classification_asphalt": null, "surface_classification_compacted": null, "surface_classification_paving": null, "surface_classification_sett": null, "surface_classification_standing": null, "surface_swisstopo": "paved", "surface_sensebox": "unknown", "surface_sensebox_probability": 0.0, "match": "unknown" }, "geometry": { "type": "Point", "coordinates": [ 8.788111023266829, 47.203309991588121 ] } },
{ "type": "Feature", "properties": { "timestamp": "2026-04-30T16:37:24.003Z", "latitude": 47.203331179683126, "longitude": 8.7881766263440824, "BELAGSART": 100, "surface_classification_asphalt": 0.03, "surface_classification_compacted": 0.89, "surface_classification_paving": 0.06, "surface_classification_sett": 0.02, "surface_classification_standing": 0.0, "surface_swisstopo": "paved", "surface_sensebox": "nature", "surface_sensebox_probability": 0.89, "match": "False" }, "geometry": { "type": "Point", "coordinates": [ 8.788176635027522, 47.203331189717346 ] } },
{ "type": "Feature", "properties": { "timestamp": "2026-04-30T16:37:25.003Z", "latitude": 47.203355106467114, "longitude": 8.788239056022066, "BELAGSART": 100, "surface_classification_asphalt": null, "surface_classification_compacted": null, "surface_classification_paving": null, "surface_classification_sett": null, "surface_classification_standing": null, "surface_swisstopo": "paved", "surface_sensebox": "unknown", "surface_sensebox_probability": 0.0, "match": "unknown" }, "geometry": { "type": "Point", "coordinates": [ 8.788239064705554, 47.203355116501328 ] } },
{ "type": "Feature", "properties": { "timestamp": "2026-04-30T16:37:26.003Z", "latitude": 47.203378957751539, "longitude": 8.7882984704807487, "BELAGSART": 100, "surface_classification_asphalt": null, "surface_classification_compacted": null, "surface_classification_paving": null, "surface_classification_sett": null, "surface_classification_standing": null, "surface_swisstopo": "paved", "surface_sensebox": "unknown", "surface_sensebox_probability": 0.0, "match": "unknown" }, "geometry": { "type": "Point", "coordinates": [ 8.788298479164292, 47.203378967785795 ] } },
{ "type": "Feature", "properties": { "timestamp": "2026-04-30T16:37:27.003Z", "latitude": 47.203403495427146, "longitude": 8.7883582137516854, "BELAGSART": 100, "surface_classification_asphalt": 0.22, "surface_classification_compacted": 0.38, "surface_classification_paving": 0.34, "surface_classification_sett": 0.06, "surface_classification_standing": 0.0, "surface_swisstopo": "paved", "surface_sensebox": "unknown", "surface_sensebox_probability": 0.38, "match": "unknown" }, "geometry": { "type": "Point", "coordinates": [ 8.788358222435273, 47.203403505461303 ] } },
{ "type": "Feature", "properties": { "timestamp": "2026-04-30T16:37:28.003Z", "latitude": 47.203428147427573, "longitude": 8.7884148536751479, "BELAGSART": 100, "surface_classification_asphalt": null, "surface_classification_compacted": null, "surface_classification_paving": null, "surface_classification_sett": null, "surface_classification_standing": null, "surface_swisstopo": "paved", "surface_sensebox": "unknown", "surface_sensebox_probability": 0.0, "match": "unknown" }, "geometry": { "type": "Point", "coordinates": [ 8.788414862358783, 47.203428157461744 ] } },
{ "type": "Feature", "properties": { "timestamp": "2026-04-30T16:37:29.003Z", "latitude": 47.203455717876253, "longitude": 8.7884729238612689, "BELAGSART": 100, "surface_classification_asphalt": null, "surface_classification_compacted": null, "surface_classification_paving": null, "surface_classification_sett": null, "surface_classification_standing": null, "surface_swisstopo": "paved", "surface_sensebox": "unknown", "surface_sensebox_probability": 0.0, "match": "unknown" }, "geometry": { "type": "Point", "coordinates": [ 8.788472932544954, 47.203455727910409 ] } },
{ "type": "Feature", "properties": { "timestamp": "2026-04-30T16:37:30.003Z", "latitude": 47.203478685440025, "longitude": 8.7885310046784504, "BELAGSART": 100, "surface_classification_asphalt": 0.05, "surface_classification_compacted": 0.47, "surface_classification_paving": 0.05, "surface_classification_sett": 0.42, "surface_classification_standing": 0.0, "surface_swisstopo": "paved", "surface_sensebox": "unknown", "surface_sensebox_probability": 0.47, "match": "unknown" }, "geometry": { "type": "Point", "coordinates": [ 8.788531013362183, 47.203478695474189 ] } },
{ "type": "Feature", "properties": { "timestamp": "2026-04-30T16:37:31.003Z", "latitude": 47.203503393279213, "longitude": 8.7885905449256754, "BELAGSART": 100, "surface_classification_asphalt": null, "surface_classification_compacted": null, "surface_classification_paving": null, "surface_classification_sett": null, "surface_classification_standing": null, "surface_swisstopo": "paved", "surface_sensebox": "unknown", "surface_sensebox_probability": 0.0, "match": "unknown" }, "geometry": { "type": "Point", "coordinates": [ 8.788590553609458, 47.203503403313384 ] } },
{ "type": "Feature", "properties": { "timestamp": "2026-04-30T16:37:32.003Z", "latitude": 47.20352838743694, "longitude": 8.7886463595854654, "BELAGSART": 100, "surface_classification_asphalt": null, "surface_classification_compacted": null, "surface_classification_paving": null, "surface_classification_sett": null, "surface_classification_standing": null, "surface_swisstopo": "paved", "surface_sensebox": "unknown", "surface_sensebox_probability": 0.0, "match": "unknown" }, "geometry": { "type": "Point", "coordinates": [ 8.788646368269298, 47.203528397471118 ] } },
{ "type": "Feature", "properties": { "timestamp": "2026-04-30T16:37:33.003Z", "latitude": 47.203552097857589, "longitude": 8.7887032839824322, "BELAGSART": 100, "surface_classification_asphalt": 0.02, "surface_classification_compacted": 0.07, "surface_classification_paving": 0.03, "surface_classification_sett": 0.88, "surface_classification_standing": 0.0, "surface_swisstopo": "paved", "surface_sensebox": "paved", "surface_sensebox_probability": 0.88, "match": "True" }, "geometry": { "type": "Point", "coordinates": [ 8.788703292666307, 47.203552107891745 ] } },
{ "type": "Feature", "properties": { "timestamp": "2026-04-30T16:37:34.003Z", "latitude": 47.203576906439466, "longitude": 8.788757630978191, "BELAGSART": 100, "surface_classification_asphalt": null, "surface_classification_compacted": null, "surface_classification_paving": null, "surface_classification_sett": null, "surface_classification_standing": null, "surface_swisstopo": "paved", "surface_sensebox": "unknown", "surface_sensebox_probability": 0.0, "match": "unknown" }, "geometry": { "type": "Point", "coordinates": [ 8.788757639662109, 47.203576916473601 ] } },
{ "type": "Feature", "properties": { "timestamp": "2026-04-30T16:37:35.003Z", "latitude": 47.203599178465758, "longitude": 8.7888118667935817, "BELAGSART": 100, "surface_classification_asphalt": null, "surface_classification_compacted": null, "surface_classification_paving": null, "surface_classification_sett": null, "surface_classification_standing": null, "surface_swisstopo": "paved", "surface_sensebox": "unknown", "surface_sensebox_probability": 0.0, "match": "unknown" }, "geometry": { "type": "Point", "coordinates": [ 8.788811875477544, 47.203599188499886 ] } },
{ "type": "Feature", "properties": { "timestamp": "2026-04-30T16:37:36.003Z", "latitude": 47.203621777906278, "longitude": 8.7888646078219494, "BELAGSART": 100, "surface_classification_asphalt": 0.05, "surface_classification_compacted": 0.14, "surface_classification_paving": 0.08, "surface_classification_sett": 0.73, "surface_classification_standing": 0.0, "surface_swisstopo": "paved", "surface_sensebox": "paved", "surface_sensebox_probability": 0.73, "match": "True" }, "geometry": { "type": "Point", "coordinates": [ 8.788864616505963, 47.203621787940406 ] } },
{ "type": "Feature", "properties": { "timestamp": "2026-04-30T16:37:37.003Z", "latitude": 47.203648290918466, "longitude": 8.7889204652546482, "BELAGSART": 100, "surface_classification_asphalt": null, "surface_classification_compacted": null, "surface_classification_paving": null, "surface_classification_sett": null, "surface_classification_standing": null, "surface_swisstopo": "paved", "surface_sensebox": "unknown", "surface_sensebox_probability": 0.0, "match": "unknown" }, "geometry": { "type": "Point", "coordinates": [ 8.788920473938703, 47.203648300952601 ] } },
{ "type": "Feature", "properties": { "timestamp": "2026-04-30T16:37:38.003Z", "latitude": 47.203672877699567, "longitude": 8.788972943343401, "BELAGSART": 100, "surface_classification_asphalt": null, "surface_classification_compacted": null, "surface_classification_paving": null, "surface_classification_sett": null, "surface_classification_standing": null, "surface_swisstopo": "paved", "surface_sensebox": "unknown", "surface_sensebox_probability": 0.0, "match": "unknown" }, "geometry": { "type": "Point", "coordinates": [ 8.7889729520275, 47.203672887733639 ] } },
{ "type": "Feature", "properties": { "timestamp": "2026-04-30T16:37:39.003Z", "latitude": 47.203698226740144, "longitude": 8.7890177480925029, "BELAGSART": 100, "surface_classification_asphalt": 0.09, "surface_classification_compacted": 0.47, "surface_classification_paving": 0.2, "surface_classification_sett": 0.24, "surface_classification_standing": 0.0, "surface_swisstopo": "paved", "surface_sensebox": "unknown", "surface_sensebox_probability": 0.47, "match": "unknown" }, "geometry": { "type": "Point", "coordinates": [ 8.789017756776641, 47.203698236774244 ] } },
{ "type": "Feature", "properties": { "timestamp": "2026-04-30T16:37:40.003Z", "latitude": 47.203728614287094, "longitude": 8.7890662732552993, "BELAGSART": 100, "surface_classification_asphalt": null, "surface_classification_compacted": null, "surface_classification_paving": null, "surface_classification_sett": null, "surface_classification_standing": null, "surface_swisstopo": "paved", "surface_sensebox": "unknown", "surface_sensebox_probability": 0.0, "match": "unknown" }, "geometry": { "type": "Point", "coordinates": [ 8.789066281939466, 47.203728624321201 ] } },
{ "type": "Feature", "properties": { "timestamp": "2026-04-30T16:37:41.003Z", "latitude": 47.203755871351476, "longitude": 8.7891195927564461, "BELAGSART": 100, "surface_classification_asphalt": 0.07, "surface_classification_compacted": 0.68, "surface_classification_paving": 0.07, "surface_classification_sett": 0.18, "surface_classification_standing": 0.0, "surface_swisstopo": "paved", "surface_sensebox": "nature", "surface_sensebox_probability": 0.68, "match": "False" }, "geometry": { "type": "Point", "coordinates": [ 8.789119601440662, 47.20375588138559 ] } },
{ "type": "Feature", "properties": { "timestamp": "2026-04-30T16:37:42.003Z", "latitude": 47.203785395759127, "longitude": 8.7891737552913405, "BELAGSART": 100, "surface_classification_asphalt": null, "surface_classification_compacted": null, "surface_classification_paving": null, "surface_classification_sett": null, "surface_classification_standing": null, "surface_swisstopo": "paved", "surface_sensebox": "unknown", "surface_sensebox_probability": 0.0, "match": "unknown" }, "geometry": { "type": "Point", "coordinates": [ 8.789173763975596, 47.203785405793205 ] } },
{ "type": "Feature", "properties": { "timestamp": "2026-04-30T16:37:43.003Z", "latitude": 47.203814069489503, "longitude": 8.7892231143521826, "BELAGSART": 100, "surface_classification_asphalt": null, "surface_classification_compacted": null, "surface_classification_paving": null, "surface_classification_sett": null, "surface_classification_standing": null, "surface_swisstopo": "paved", "surface_sensebox": "unknown", "surface_sensebox_probability": 0.0, "match": "unknown" }, "geometry": { "type": "Point", "coordinates": [ 8.789223123036477, 47.203814079523596 ] } },
{ "type": "Feature", "properties": { "timestamp": "2026-04-30T16:37:44.003Z", "latitude": 47.203845193998148, "longitude": 8.7892744486707457, "BELAGSART": 100, "surface_classification_asphalt": 0.26, "surface_classification_compacted": 0.63, "surface_classification_paving": 0.05, "surface_classification_sett": 0.06, "surface_classification_standing": 0.0, "surface_swisstopo": "paved", "surface_sensebox": "nature", "surface_sensebox_probability": 0.63, "match": "False" }, "geometry": { "type": "Point", "coordinates": [ 8.789274457355077, 47.203845204032227 ] } },
{ "type": "Feature", "properties": { "timestamp": "2026-04-30T16:37:45.003Z", "latitude": 47.203878182565703, "longitude": 8.7893307011287636, "BELAGSART": 100, "surface_classification_asphalt": null, "surface_classification_compacted": null, "surface_classification_paving": null, "surface_classification_sett": null, "surface_classification_standing": null, "surface_swisstopo": "paved", "surface_sensebox": "unknown", "surface_sensebox_probability": 0.0, "match": "unknown" }, "geometry": { "type": "Point", "coordinates": [ 8.789330709813138, 47.203878192599809 ] } },
{ "type": "Feature", "properties": { "timestamp": "2026-04-30T16:37:46.003Z", "latitude": 47.203912020659672, "longitude": 8.7893835800441522, "BELAGSART": 100, "surface_classification_asphalt": null, "surface_classification_compacted": null, "surface_classification_paving": null, "surface_classification_sett": null, "surface_classification_standing": null, "surface_swisstopo": "paved", "surface_sensebox": "unknown", "surface_sensebox_probability": 0.0, "match": "unknown" }, "geometry": { "type": "Point", "coordinates": [ 8.789383588728564, 47.203912030693743 ] } },
{ "type": "Feature", "properties": { "timestamp": "2026-04-30T16:37:47.003Z", "latitude": 47.203947241000762, "longitude": 8.7894301704890534, "BELAGSART": 100, "surface_classification_asphalt": 0.07, "surface_classification_compacted": 0.84, "surface_classification_paving": 0.02, "surface_classification_sett": 0.06, "surface_classification_standing": 0.0, "surface_swisstopo": "paved", "surface_sensebox": "nature", "surface_sensebox_probability": 0.84, "match": "False" }, "geometry": { "type": "Point", "coordinates": [ 8.789430179173502, 47.203947251034812 ] } },
{ "type": "Feature", "properties": { "timestamp": "2026-04-30T16:37:48.003Z", "latitude": 47.203983671158653, "longitude": 8.7894839914637792, "BELAGSART": 100, "surface_classification_asphalt": null, "surface_classification_compacted": null, "surface_classification_paving": null, "surface_classification_sett": null, "surface_classification_standing": null, "surface_swisstopo": "paved", "surface_sensebox": "unknown", "surface_sensebox_probability": 0.0, "match": "unknown" }, "geometry": { "type": "Point", "coordinates": [ 8.789484000148271, 47.20398368119271 ] } },
{ "type": "Feature", "properties": { "timestamp": "2026-04-30T16:37:49.003Z", "latitude": 47.204017624698132, "longitude": 8.7895353263420457, "BELAGSART": 100, "surface_classification_asphalt": null, "surface_classification_compacted": null, "surface_classification_paving": null, "surface_classification_sett": null, "surface_classification_standing": null, "surface_swisstopo": "paved", "surface_sensebox": "unknown", "surface_sensebox_probability": 0.0, "match": "unknown" }, "geometry": { "type": "Point", "coordinates": [ 8.789535335026574, 47.204017634732182 ] } },
{ "type": "Feature", "properties": { "timestamp": "2026-04-30T16:37:50.003Z", "latitude": 47.204051696339818, "longitude": 8.7895884493804317, "BELAGSART": 100, "surface_classification_asphalt": 0.22, "surface_classification_compacted": 0.2, "surface_classification_paving": 0.05, "surface_classification_sett": 0.54, "surface_classification_standing": 0.0, "surface_swisstopo": "paved", "surface_sensebox": "paved", "surface_sensebox_probability": 0.54, "match": "True" }, "geometry": { "type": "Point", "coordinates": [ 8.789588458065001, 47.204051706373875 ] } },
{ "type": "Feature", "properties": { "timestamp": "2026-04-30T16:37:51.003Z", "latitude": 47.204088919104237, "longitude": 8.7896415805694765, "BELAGSART": 100, "surface_classification_asphalt": null, "surface_classification_compacted": null, "surface_classification_paving": null, "surface_classification_sett": null, "surface_classification_standing": null, "surface_swisstopo": "paved", "surface_sensebox": "unknown", "surface_sensebox_probability": 0.0, "match": "unknown" }, "geometry": { "type": "Point", "coordinates": [ 8.78964158925408, 47.204088929138287 ] } },
{ "type": "Feature", "properties": { "timestamp": "2026-04-30T16:37:52.003Z", "latitude": 47.204124000794238, "longitude": 8.7896969539478551, "BELAGSART": 100, "surface_classification_asphalt": null, "surface_classification_compacted": null, "surface_classification_paving": null, "surface_classification_sett": null, "surface_classification_standing": null, "surface_swisstopo": "paved", "surface_sensebox": "unknown", "surface_sensebox_probability": 0.0, "match": "unknown" }, "geometry": { "type": "Point", "coordinates": [ 8.789696962632508, 47.204124010828323 ] } },
{ "type": "Feature", "properties": { "timestamp": "2026-04-30T16:37:53.003Z", "latitude": 47.204162271356829, "longitude": 8.789745426959982, "BELAGSART": 100, "surface_classification_asphalt": 0.2, "surface_classification_compacted": 0.48, "surface_classification_paving": 0.08, "surface_classification_sett": 0.25, "surface_classification_standing": 0.0, "surface_swisstopo": "paved", "surface_sensebox": "unknown", "surface_sensebox_probability": 0.48, "match": "unknown" }, "geometry": { "type": "Point", "coordinates": [ 8.789745435644669, 47.204162281390872 ] } },
{ "type": "Feature", "properties": { "timestamp": "2026-04-30T16:37:54.003Z", "latitude": 47.204199999853863, "longitude": 8.7897918599598057, "BELAGSART": 100, "surface_classification_asphalt": null, "surface_classification_compacted": null, "surface_classification_paving": null, "surface_classification_sett": null, "surface_classification_standing": null, "surface_swisstopo": "paved", "surface_sensebox": "unknown", "surface_sensebox_probability": 0.0, "match": "unknown" }, "geometry": { "type": "Point", "coordinates": [ 8.789791868644521, 47.204200009887877 ] } },
{ "type": "Feature", "properties": { "timestamp": "2026-04-30T16:37:55.003Z", "latitude": 47.2042361701996, "longitude": 8.7898405825984334, "BELAGSART": 200, "surface_classification_asphalt": 0.11, "surface_classification_compacted": 0.58, "surface_classification_paving": 0.21, "surface_classification_sett": 0.1, "surface_classification_standing": 0.0, "surface_swisstopo": "nature", "surface_sensebox": "nature", "surface_sensebox_probability": 0.58, "match": "True" }, "geometry": { "type": "Point", "coordinates": [ 8.789840591283189, 47.204236180233671 ] } },
{ "type": "Feature", "properties": { "timestamp": "2026-04-30T16:37:56.003Z", "latitude": 47.204271522458136, "longitude": 8.7898923588724696, "BELAGSART": 200, "surface_classification_asphalt": null, "surface_classification_compacted": null, "surface_classification_paving": null, "surface_classification_sett": null, "surface_classification_standing": null, "surface_swisstopo": "nature", "surface_sensebox": "unknown", "surface_sensebox_probability": 0.0, "match": "unknown" }, "geometry": { "type": "Point", "coordinates": [ 8.789892367557261, 47.204271532492172 ] } },
{ "type": "Feature", "properties": { "timestamp": "2026-04-30T16:37:57.003Z", "latitude": 47.204308406012174, "longitude": 8.7899453196055717, "BELAGSART": 200, "surface_classification_asphalt": null, "surface_classification_compacted": null, "surface_classification_paving": null, "surface_classification_sett": null, "surface_classification_standing": null, "surface_swisstopo": "nature", "surface_sensebox": "unknown", "surface_sensebox_probability": 0.0, "match": "unknown" }, "geometry": { "type": "Point", "coordinates": [ 8.789945328290399, 47.204308416046231 ] } },
{ "type": "Feature", "properties": { "timestamp": "2026-04-30T16:37:58.003Z", "latitude": 47.204346210902131, "longitude": 8.7899963143877571, "BELAGSART": 200, "surface_classification_asphalt": 0.04, "surface_classification_compacted": 0.42, "surface_classification_paving": 0.07, "surface_classification_sett": 0.47, "surface_classification_standing": 0.0, "surface_swisstopo": "nature", "surface_sensebox": "unknown", "surface_sensebox_probability": 0.47, "match": "unknown" }, "geometry": { "type": "Point", "coordinates": [ 8.789996323072627, 47.204346220936195 ] } },
{ "type": "Feature", "properties": { "timestamp": "2026-04-30T16:37:59.003Z", "latitude": 47.204385690863816, "longitude": 8.7900499179053728, "BELAGSART": 200, "surface_classification_asphalt": null, "surface_classification_compacted": null, "surface_classification_paving": null, "surface_classification_sett": null, "surface_classification_standing": null, "surface_swisstopo": "nature", "surface_sensebox": "unknown", "surface_sensebox_probability": 0.0, "match": "unknown" }, "geometry": { "type": "Point", "coordinates": [ 8.790049926590276, 47.204385700897888 ] } },
{ "type": "Feature", "properties": { "timestamp": "2026-04-30T16:38:00.003Z", "latitude": 47.204424910477201, "longitude": 8.7901031425585305, "BELAGSART": 200, "surface_classification_asphalt": null, "surface_classification_compacted": null, "surface_classification_paving": null, "surface_classification_sett": null, "surface_classification_standing": null, "surface_swisstopo": "nature", "surface_sensebox": "unknown", "surface_sensebox_probability": 0.0, "match": "unknown" }, "geometry": { "type": "Point", "coordinates": [ 8.79010315124348, 47.204424920511258 ] } },
{ "type": "Feature", "properties": { "timestamp": "2026-04-30T16:38:01.003Z", "latitude": 47.204463211090768, "longitude": 8.7901540500858584, "BELAGSART": 200, "surface_classification_asphalt": 0.22, "surface_classification_compacted": 0.48, "surface_classification_paving": 0.11, "surface_classification_sett": 0.2, "surface_classification_standing": 0.0, "surface_swisstopo": "nature", "surface_sensebox": "unknown", "surface_sensebox_probability": 0.48, "match": "unknown" }, "geometry": { "type": "Point", "coordinates": [ 8.790154058770842, 47.204463221124819 ] } },
{ "type": "Feature", "properties": { "timestamp": "2026-04-30T16:38:02.003Z", "latitude": 47.204505467223697, "longitude": 8.7902037822647383, "BELAGSART": 200, "surface_classification_asphalt": null, "surface_classification_compacted": null, "surface_classification_paving": null, "surface_classification_sett": null, "surface_classification_standing": null, "surface_swisstopo": "nature", "surface_sensebox": "unknown", "surface_sensebox_probability": 0.0, "match": "unknown" }, "geometry": { "type": "Point", "coordinates": [ 8.790203790949759, 47.20450547725774 ] } },
{ "type": "Feature", "properties": { "timestamp": "2026-04-30T16:38:03.003Z", "latitude": 47.204546036522991, "longitude": 8.7902547849328005, "BELAGSART": 200, "surface_classification_asphalt": null, "surface_classification_compacted": null, "surface_classification_paving": null, "surface_classification_sett": null, "surface_classification_standing": null, "surface_swisstopo": "nature", "surface_sensebox": "unknown", "surface_sensebox_probability": 0.0, "match": "unknown" }, "geometry": { "type": "Point", "coordinates": [ 8.790254793617853, 47.20454604655702 ] } },
{ "type": "Feature", "properties": { "timestamp": "2026-04-30T16:38:04.003Z", "latitude": 47.204586663118398, "longitude": 8.7903045320263491, "BELAGSART": 200, "surface_classification_asphalt": 0.05, "surface_classification_compacted": 0.57, "surface_classification_paving": 0.06, "surface_classification_sett": 0.32, "surface_classification_standing": 0.0, "surface_swisstopo": "nature", "surface_sensebox": "nature", "surface_sensebox_probability": 0.57, "match": "True" }, "geometry": { "type": "Point", "coordinates": [ 8.790304540711436, 47.204586673152413 ] } },
{ "type": "Feature", "properties": { "timestamp": "2026-04-30T16:38:05.003Z", "latitude": 47.204624304047407, "longitude": 8.7903546119659897, "BELAGSART": 200, "surface_classification_asphalt": null, "surface_classification_compacted": null, "surface_classification_paving": null, "surface_classification_sett": null, "surface_classification_standing": null, "surface_swisstopo": "nature", "surface_sensebox": "unknown", "surface_sensebox_probability": 0.0, "match": "unknown" }, "geometry": { "type": "Point", "coordinates": [ 8.79035462065112, 47.204624314081457 ] } },
{ "type": "Feature", "properties": { "timestamp": "2026-04-30T16:38:06.003Z", "latitude": 47.20466175685543, "longitude": 8.7903980253978666, "BELAGSART": 200, "surface_classification_asphalt": null, "surface_classification_compacted": null, "surface_classification_paving": null, "surface_classification_sett": null, "surface_classification_standing": null, "surface_swisstopo": "nature", "surface_sensebox": "unknown", "surface_sensebox_probability": 0.0, "match": "unknown" }, "geometry": { "type": "Point", "coordinates": [ 8.790398034083024, 47.204661766889473 ] } },
{ "type": "Feature", "properties": { "timestamp": "2026-04-30T16:38:07.003Z", "latitude": 47.204701305939949, "longitude": 8.7904474093780642, "BELAGSART": 200, "surface_classification_asphalt": 0.05, "surface_classification_compacted": 0.63, "surface_classification_paving": 0.29, "surface_classification_sett": 0.04, "surface_classification_standing": 0.0, "surface_swisstopo": "nature", "surface_sensebox": "nature", "surface_sensebox_probability": 0.63, "match": "True" }, "geometry": { "type": "Point", "coordinates": [ 8.790447418063255, 47.204701315973956 ] } },
{ "type": "Feature", "properties": { "timestamp": "2026-04-30T16:38:08.003Z", "latitude": 47.204739811597825, "longitude": 8.7904950985587931, "BELAGSART": 200, "surface_classification_asphalt": null, "surface_classification_compacted": null, "surface_classification_paving": null, "surface_classification_sett": null, "surface_classification_standing": null, "surface_swisstopo": "nature", "surface_sensebox": "unknown", "surface_sensebox_probability": 0.0, "match": "unknown" }, "geometry": { "type": "Point", "coordinates": [ 8.790495107244018, 47.204739821631833 ] } },
{ "type": "Feature", "properties": { "timestamp": "2026-04-30T16:38:09.003Z", "latitude": 47.204775659003197, "longitude": 8.7905408326132832, "BELAGSART": 200, "surface_classification_asphalt": 0.13, "surface_classification_compacted": 0.26, "surface_classification_paving": 0.57, "surface_classification_sett": 0.03, "surface_classification_standing": 0.0, "surface_swisstopo": "nature", "surface_sensebox": "paved", "surface_sensebox_probability": 0.57, "match": "False" }, "geometry": { "type": "Point", "coordinates": [ 8.790540841298544, 47.204775669037232 ] } },
{ "type": "Feature", "properties": { "timestamp": "2026-04-30T16:38:10.003Z", "latitude": 47.204812727465168, "longitude": 8.790586316134446, "BELAGSART": 200, "surface_classification_asphalt": null, "surface_classification_compacted": null, "surface_classification_paving": null, "surface_classification_sett": null, "surface_classification_standing": null, "surface_swisstopo": "nature", "surface_sensebox": "unknown", "surface_sensebox_probability": 0.0, "match": "unknown" }, "geometry": { "type": "Point", "coordinates": [ 8.790586324819733, 47.204812737499182 ] } },
{ "type": "Feature", "properties": { "timestamp": "2026-04-30T16:38:11.003Z", "latitude": 47.204848940588718, "longitude": 8.7906350738750483, "BELAGSART": 200, "surface_classification_asphalt": null, "surface_classification_compacted": null, "surface_classification_paving": null, "surface_classification_sett": null, "surface_classification_standing": null, "surface_swisstopo": "nature", "surface_sensebox": "unknown", "surface_sensebox_probability": 0.0, "match": "unknown" }, "geometry": { "type": "Point", "coordinates": [ 8.790635082560375, 47.204848950622718 ] } },
{ "type": "Feature", "properties": { "timestamp": "2026-04-30T16:38:12.003Z", "latitude": 47.20488479143178, "longitude": 8.7906788524251294, "BELAGSART": 200, "surface_classification_asphalt": 0.05, "surface_classification_compacted": 0.92, "surface_classification_paving": 0.03, "surface_classification_sett": 0.0, "surface_classification_standing": 0.0, "surface_swisstopo": "nature", "surface_sensebox": "nature", "surface_sensebox_probability": 0.92, "match": "True" }, "geometry": { "type": "Point", "coordinates": [ 8.790678861110482, 47.204884801465802 ] } },
{ "type": "Feature", "properties": { "timestamp": "2026-04-30T16:38:13.003Z", "latitude": 47.204923465288083, "longitude": 8.7907213122535417, "BELAGSART": 200, "surface_classification_asphalt": null, "surface_classification_compacted": null, "surface_classification_paving": null, "surface_classification_sett": null, "surface_classification_standing": null, "surface_swisstopo": "nature", "surface_sensebox": "unknown", "surface_sensebox_probability": 0.0, "match": "unknown" }, "geometry": { "type": "Point", "coordinates": [ 8.790721320938927, 47.204923475322062 ] } },
{ "type": "Feature", "properties": { "timestamp": "2026-04-30T16:38:14.003Z", "latitude": 47.204960309100798, "longitude": 8.7907647752612075, "BELAGSART": 200, "surface_classification_asphalt": null, "surface_classification_compacted": null, "surface_classification_paving": null, "surface_classification_sett": null, "surface_classification_standing": null, "surface_swisstopo": "nature", "surface_sensebox": "unknown", "surface_sensebox_probability": 0.0, "match": "unknown" }, "geometry": { "type": "Point", "coordinates": [ 8.790764783946623, 47.204960319134834 ] } },
{ "type": "Feature", "properties": { "timestamp": "2026-04-30T16:38:15.003Z", "latitude": 47.204993879269239, "longitude": 8.7908096492475316, "BELAGSART": 200, "surface_classification_asphalt": 0.04, "surface_classification_compacted": 0.8, "surface_classification_paving": 0.07, "surface_classification_sett": 0.1, "surface_classification_standing": 0.0, "surface_swisstopo": "nature", "surface_sensebox": "nature", "surface_sensebox_probability": 0.8, "match": "True" }, "geometry": { "type": "Point", "coordinates": [ 8.79080965793298, 47.204993889303289 ] } },
{ "type": "Feature", "properties": { "timestamp": "2026-04-30T16:38:16.003Z", "latitude": 47.205028175476713, "longitude": 8.7908551792369352, "BELAGSART": 200, "surface_classification_asphalt": null, "surface_classification_compacted": null, "surface_classification_paving": null, "surface_classification_sett": null, "surface_classification_standing": null, "surface_swisstopo": "nature", "surface_sensebox": "unknown", "surface_sensebox_probability": 0.0, "match": "unknown" }, "geometry": { "type": "Point", "coordinates": [ 8.790855187922418, 47.205028185510727 ] } },
{ "type": "Feature", "properties": { "timestamp": "2026-04-30T16:38:17.003Z", "latitude": 47.205063250075298, "longitude": 8.7909003604926337, "BELAGSART": 200, "surface_classification_asphalt": null, "surface_classification_compacted": null, "surface_classification_paving": null, "surface_classification_sett": null, "surface_classification_standing": null, "surface_swisstopo": "nature", "surface_sensebox": "unknown", "surface_sensebox_probability": 0.0, "match": "unknown" }, "geometry": { "type": "Point", "coordinates": [ 8.790900369178145, 47.205063260109306 ] } },
{ "type": "Feature", "properties": { "timestamp": "2026-04-30T16:38:18.003Z", "latitude": 47.205097990239132, "longitude": 8.790943992137537, "BELAGSART": 200, "surface_classification_asphalt": 0.09, "surface_classification_compacted": 0.82, "surface_classification_paving": 0.06, "surface_classification_sett": 0.03, "surface_classification_standing": 0.0, "surface_swisstopo": "nature", "surface_sensebox": "nature", "surface_sensebox_probability": 0.82, "match": "True" }, "geometry": { "type": "Point", "coordinates": [ 8.79094400082308, 47.205098000273139 ] } },
{ "type": "Feature", "properties": { "timestamp": "2026-04-30T16:38:19.003Z", "latitude": 47.205132494604698, "longitude": 8.7909835091989965, "BELAGSART": 200, "surface_classification_asphalt": null, "surface_classification_compacted": null, "surface_classification_paving": null, "surface_classification_sett": null, "surface_classification_standing": null, "surface_swisstopo": "nature", "surface_sensebox": "unknown", "surface_sensebox_probability": 0.0, "match": "unknown" }, "geometry": { "type": "Point", "coordinates": [ 8.790983517884568, 47.205132504638712 ] } },
{ "type": "Feature", "properties": { "timestamp": "2026-04-30T16:38:20.003Z", "latitude": 47.205165060520343, "longitude": 8.7910287456989558, "BELAGSART": 200, "surface_classification_asphalt": null, "surface_classification_compacted": null, "surface_classification_paving": null, "surface_classification_sett": null, "surface_classification_standing": null, "surface_swisstopo": "nature", "surface_sensebox": "unknown", "surface_sensebox_probability": 0.0, "match": "unknown" }, "geometry": { "type": "Point", "coordinates": [ 8.791028754384561, 47.205165070554358 ] } },
{ "type": "Feature", "properties": { "timestamp": "2026-04-30T16:38:21.003Z", "latitude": 47.205198254659535, "longitude": 8.7910684224484186, "BELAGSART": 200, "surface_classification_asphalt": 0.11, "surface_classification_compacted": 0.75, "surface_classification_paving": 0.13, "surface_classification_sett": 0.01, "surface_classification_standing": 0.0, "surface_swisstopo": "nature", "surface_sensebox": "nature", "surface_sensebox_probability": 0.75, "match": "True" }, "geometry": { "type": "Point", "coordinates": [ 8.791068431134045, 47.205198264693522 ] } },
{ "type": "Feature", "properties": { "timestamp": "2026-04-30T16:38:22.003Z", "latitude": 47.20522896597582, "longitude": 8.791104767028326, "BELAGSART": 200, "surface_classification_asphalt": null, "surface_classification_compacted": null, "surface_classification_paving": null, "surface_classification_sett": null, "surface_classification_standing": null, "surface_swisstopo": "nature", "surface_sensebox": "unknown", "surface_sensebox_probability": 0.0, "match": "unknown" }, "geometry": { "type": "Point", "coordinates": [ 8.791104775713981, 47.205228976009863 ] } },
{ "type": "Feature", "properties": { "timestamp": "2026-04-30T16:38:23.003Z", "latitude": 47.205256661591058, "longitude": 8.7911412923275485, "BELAGSART": 200, "surface_classification_asphalt": 0.05, "surface_classification_compacted": 0.68, "surface_classification_paving": 0.16, "surface_classification_sett": 0.11, "surface_classification_standing": 0.0, "surface_swisstopo": "nature", "surface_sensebox": "nature", "surface_sensebox_probability": 0.68, "match": "True" }, "geometry": { "type": "Point", "coordinates": [ 8.791141301013232, 47.205256671625058 ] } },
{ "type": "Feature", "properties": { "timestamp": "2026-04-30T16:38:24.003Z", "latitude": 47.205286118496041, "longitude": 8.7911823497519404, "BELAGSART": 200, "surface_classification_asphalt": null, "surface_classification_compacted": null, "surface_classification_paving": null, "surface_classification_sett": null, "surface_classification_standing": null, "surface_swisstopo": "nature", "surface_sensebox": "unknown", "surface_sensebox_probability": 0.0, "match": "unknown" }, "geometry": { "type": "Point", "coordinates": [ 8.791182358437652, 47.205286128530062 ] } },
{ "type": "Feature", "properties": { "timestamp": "2026-04-30T16:38:25.003Z", "latitude": 47.205314868105681, "longitude": 8.7912176125381851, "BELAGSART": 200, "surface_classification_asphalt": null, "surface_classification_compacted": null, "surface_classification_paving": null, "surface_classification_sett": null, "surface_classification_standing": null, "surface_swisstopo": "nature", "surface_sensebox": "unknown", "surface_sensebox_probability": 0.0, "match": "unknown" }, "geometry": { "type": "Point", "coordinates": [ 8.791217621223925, 47.205314878139674 ] } },
{ "type": "Feature", "properties": { "timestamp": "2026-04-30T16:38:26.003Z", "latitude": 47.205342072475922, "longitude": 8.7912552041088752, "BELAGSART": 200, "surface_classification_asphalt": 0.04, "surface_classification_compacted": 0.58, "surface_classification_paving": 0.19, "surface_classification_sett": 0.19, "surface_classification_standing": 0.0, "surface_swisstopo": "nature", "surface_sensebox": "nature", "surface_sensebox_probability": 0.58, "match": "True" }, "geometry": { "type": "Point", "coordinates": [ 8.791255212794642, 47.205342082509937 ] } },
{ "type": "Feature", "properties": { "timestamp": "2026-04-30T16:38:27.003Z", "latitude": 47.205368387847727, "longitude": 8.7912891764180774, "BELAGSART": 200, "surface_classification_asphalt": null, "surface_classification_compacted": null, "surface_classification_paving": null, "surface_classification_sett": null, "surface_classification_standing": null, "surface_swisstopo": "nature", "surface_sensebox": "unknown", "surface_sensebox_probability": 0.0, "match": "unknown" }, "geometry": { "type": "Point", "coordinates": [ 8.791289185103867, 47.205368397881749 ] } },
{ "type": "Feature", "properties": { "timestamp": "2026-04-30T16:38:28.003Z", "latitude": 47.205396270159788, "longitude": 8.7913247785678745, "BELAGSART": 200, "surface_classification_asphalt": null, "surface_classification_compacted": null, "surface_classification_paving": null, "surface_classification_sett": null, "surface_classification_standing": null, "surface_swisstopo": "nature", "surface_sensebox": "unknown", "surface_sensebox_probability": 0.0, "match": "unknown" }, "geometry": { "type": "Point", "coordinates": [ 8.791324787253691, 47.205396280193796 ] } },
{ "type": "Feature", "properties": { "timestamp": "2026-04-30T16:38:29.003Z", "latitude": 47.205422232674593, "longitude": 8.7913580735660606, "BELAGSART": 200, "surface_classification_asphalt": 0.14, "surface_classification_compacted": 0.33, "surface_classification_paving": 0.52, "surface_classification_sett": 0.02, "surface_classification_standing": 0.0, "surface_swisstopo": "nature", "surface_sensebox": "paved", "surface_sensebox_probability": 0.52, "match": "False" }, "geometry": { "type": "Point", "coordinates": [ 8.7913580822519, 47.205422242708593 ] } },
{ "type": "Feature", "properties": { "timestamp": "2026-04-30T16:38:30.003Z", "latitude": 47.205446279400185, "longitude": 8.7913892688878192, "BELAGSART": 200, "surface_classification_asphalt": null, "surface_classification_compacted": null, "surface_classification_paving": null, "surface_classification_sett": null, "surface_classification_standing": null, "surface_swisstopo": "nature", "surface_sensebox": "unknown", "surface_sensebox_probability": 0.0, "match": "unknown" }, "geometry": { "type": "Point", "coordinates": [ 8.791389277573678, 47.205446289434185 ] } },
{ "type": "Feature", "properties": { "timestamp": "2026-04-30T16:38:31.003Z", "latitude": 47.205469546657923, "longitude": 8.7914196102733939, "BELAGSART": 200, "surface_classification_asphalt": null, "surface_classification_compacted": null, "surface_classification_paving": null, "surface_classification_sett": null, "surface_classification_standing": null, "surface_swisstopo": "nature", "surface_sensebox": "unknown", "surface_sensebox_probability": 0.0, "match": "unknown" }, "geometry": { "type": "Point", "coordinates": [ 8.791419618959276, 47.205469556691945 ] } },
{ "type": "Feature", "properties": { "timestamp": "2026-04-30T16:38:32.003Z", "latitude": 47.205491471734206, "longitude": 8.7914489223220382, "BELAGSART": 200, "surface_classification_asphalt": 0.06, "surface_classification_compacted": 0.55, "surface_classification_paving": 0.36, "surface_classification_sett": 0.04, "surface_classification_standing": 0.0, "surface_swisstopo": "nature", "surface_sensebox": "nature", "surface_sensebox_probability": 0.55, "match": "True" }, "geometry": { "type": "Point", "coordinates": [ 8.791448931007938, 47.205491481768192 ] } },
{ "type": "Feature", "properties": { "timestamp": "2026-04-30T16:38:33.003Z", "latitude": 47.205513818153882, "longitude": 8.7914802476492024, "BELAGSART": 200, "surface_classification_asphalt": null, "surface_classification_compacted": null, "surface_classification_paving": null, "surface_classification_sett": null, "surface_classification_standing": null, "surface_swisstopo": "nature", "surface_sensebox": "unknown", "surface_sensebox_probability": 0.0, "match": "unknown" }, "geometry": { "type": "Point", "coordinates": [ 8.791480256335129, 47.205513828187925 ] } },
{ "type": "Feature", "properties": { "timestamp": "2026-04-30T16:38:34.003Z", "latitude": 47.205535236935802, "longitude": 8.7915093894828402, "BELAGSART": 200, "surface_classification_asphalt": null, "surface_classification_compacted": null, "surface_classification_paving": null, "surface_classification_sett": null, "surface_classification_standing": null, "surface_swisstopo": "nature", "surface_sensebox": "unknown", "surface_sensebox_probability": 0.0, "match": "unknown" }, "geometry": { "type": "Point", "coordinates": [ 8.791509398168786, 47.205535246969767 ] } },
{ "type": "Feature", "properties": { "timestamp": "2026-04-30T16:38:35.003Z", "latitude": 47.205557567147537, "longitude": 8.7915397702713989, "BELAGSART": 200, "surface_classification_asphalt": 0.18, "surface_classification_compacted": 0.71, "surface_classification_paving": 0.11, "surface_classification_sett": 0.0, "surface_classification_standing": 0.0, "surface_swisstopo": "nature", "surface_sensebox": "nature", "surface_sensebox_probability": 0.71, "match": "True" }, "geometry": { "type": "Point", "coordinates": [ 8.791539778957368, 47.205557577181537 ] } },
{ "type": "Feature", "properties": { "timestamp": "2026-04-30T16:38:36.003Z", "latitude": 47.205578640389632, "longitude": 8.791566525977764, "BELAGSART": 200, "surface_classification_asphalt": null, "surface_classification_compacted": null, "surface_classification_paving": null, "surface_classification_sett": null, "surface_classification_standing": null, "surface_swisstopo": "nature", "surface_sensebox": "unknown", "surface_sensebox_probability": 0.0, "match": "unknown" }, "geometry": { "type": "Point", "coordinates": [ 8.791566534663755, 47.205578650423597 ] } },
{ "type": "Feature", "properties": { "timestamp": "2026-04-30T16:38:37.003Z", "latitude": 47.205600415224566, "longitude": 8.791595959847001, "BELAGSART": 200, "surface_classification_asphalt": null, "surface_classification_compacted": null, "surface_classification_paving": null, "surface_classification_sett": null, "surface_classification_standing": null, "surface_swisstopo": "nature", "surface_sensebox": "unknown", "surface_sensebox_probability": 0.0, "match": "unknown" }, "geometry": { "type": "Point", "coordinates": [ 8.791595968533017, 47.205600425258588 ] } },
{ "type": "Feature", "properties": { "timestamp": "2026-04-30T16:38:38.003Z", "latitude": 47.205621195229277, "longitude": 8.791630165434503, "BELAGSART": 200, "surface_classification_asphalt": 0.04, "surface_classification_compacted": 0.91, "surface_classification_paving": 0.04, "surface_classification_sett": 0.0, "surface_classification_standing": 0.0, "surface_swisstopo": "nature", "surface_sensebox": "nature", "surface_sensebox_probability": 0.91, "match": "True" }, "geometry": { "type": "Point", "coordinates": [ 8.791630174120543, 47.205621205263263 ] } },
{ "type": "Feature", "properties": { "timestamp": "2026-04-30T16:38:39.003Z", "latitude": 47.205641347741718, "longitude": 8.7916588747294337, "BELAGSART": 200, "surface_classification_asphalt": null, "surface_classification_compacted": null, "surface_classification_paving": null, "surface_classification_sett": null, "surface_classification_standing": null, "surface_swisstopo": "nature", "surface_sensebox": "unknown", "surface_sensebox_probability": 0.0, "match": "unknown" }, "geometry": { "type": "Point", "coordinates": [ 8.791658883415492, 47.205641357775697 ] } },
{ "type": "Feature", "properties": { "timestamp": "2026-04-30T16:38:40.003Z", "latitude": 47.205664067278128, "longitude": 8.7916829609524765, "BELAGSART": 200, "surface_classification_asphalt": 0.04, "surface_classification_compacted": 0.8, "surface_classification_paving": 0.15, "surface_classification_sett": 0.0, "surface_classification_standing": 0.0, "surface_swisstopo": "nature", "surface_sensebox": "nature", "surface_sensebox_probability": 0.8, "match": "True" }, "geometry": { "type": "Point", "coordinates": [ 8.791682969638552, 47.205664077312143 ] } },
{ "type": "Feature", "properties": { "timestamp": "2026-04-30T16:38:41.003Z", "latitude": 47.205683911295701, "longitude": 8.7917089515931686, "BELAGSART": 200, "surface_classification_asphalt": null, "surface_classification_compacted": null, "surface_classification_paving": null, "surface_classification_sett": null, "surface_classification_standing": null, "surface_swisstopo": "nature", "surface_sensebox": "unknown", "surface_sensebox_probability": 0.0, "match": "unknown" }, "geometry": { "type": "Point", "coordinates": [ 8.791708960279266, 47.205683921329687 ] } },
{ "type": "Feature", "properties": { "timestamp": "2026-04-30T16:38:42.003Z", "latitude": 47.20570286220898, "longitude": 8.791736533616449, "BELAGSART": 200, "surface_classification_asphalt": null, "surface_classification_compacted": null, "surface_classification_paving": null, "surface_classification_sett": null, "surface_classification_standing": null, "surface_swisstopo": "nature", "surface_sensebox": "unknown", "surface_sensebox_probability": 0.0, "match": "unknown" }, "geometry": { "type": "Point", "coordinates": [ 8.791736542302568, 47.205702872242966 ] } },
{ "type": "Feature", "properties": { "timestamp": "2026-04-30T16:38:43.003Z", "latitude": 47.205725079672419, "longitude": 8.7917678927507055, "BELAGSART": 200, "surface_classification_asphalt": 0.24, "surface_classification_compacted": 0.65, "surface_classification_paving": 0.09, "surface_classification_sett": 0.02, "surface_classification_standing": 0.0, "surface_swisstopo": "nature", "surface_sensebox": "nature", "surface_sensebox_probability": 0.65, "match": "True" }, "geometry": { "type": "Point", "coordinates": [ 8.79176790143684, 47.205725089706391 ] } },
{ "type": "Feature", "properties": { "timestamp": "2026-04-30T16:38:44.003Z", "latitude": 47.205754516520635, "longitude": 8.791795920561432, "BELAGSART": 200, "surface_classification_asphalt": null, "surface_classification_compacted": null, "surface_classification_paving": null, "surface_classification_sett": null, "surface_classification_standing": null, "surface_swisstopo": "nature", "surface_sensebox": "unknown", "surface_sensebox_probability": 0.0, "match": "unknown" }, "geometry": { "type": "Point", "coordinates": [ 8.791795929247586, 47.205754526554607 ] } },
{ "type": "Feature", "properties": { "timestamp": "2026-04-30T16:38:45.003Z", "latitude": 47.205781611944019, "longitude": 8.7918313416671197, "BELAGSART": 200, "surface_classification_asphalt": null, "surface_classification_compacted": null, "surface_classification_paving": null, "surface_classification_sett": null, "surface_classification_standing": null, "surface_swisstopo": "nature", "surface_sensebox": "unknown", "surface_sensebox_probability": 0.0, "match": "unknown" }, "geometry": { "type": "Point", "coordinates": [ 8.791831350353297, 47.205781621977977 ] } },
{ "type": "Feature", "properties": { "timestamp": "2026-04-30T16:38:46.003Z", "latitude": 47.205807984461202, "longitude": 8.7918669608974884, "BELAGSART": 200, "surface_classification_asphalt": 0.05, "surface_classification_compacted": 0.62, "surface_classification_paving": 0.32, "surface_classification_sett": 0.02, "surface_classification_standing": 0.0, "surface_swisstopo": "nature", "surface_sensebox": "nature", "surface_sensebox_probability": 0.62, "match": "True" }, "geometry": { "type": "Point", "coordinates": [ 8.791866969583694, 47.20580799449526 ] } },
{ "type": "Feature", "properties": { "timestamp": "2026-04-30T16:38:47.003Z", "latitude": 47.205832655571811, "longitude": 8.7919083814180894, "BELAGSART": 200, "surface_classification_asphalt": null, "surface_classification_compacted": null, "surface_classification_paving": null, "surface_classification_sett": null, "surface_classification_standing": null, "surface_swisstopo": "nature", "surface_sensebox": "unknown", "surface_sensebox_probability": 0.0, "match": "unknown" }, "geometry": { "type": "Point", "coordinates": [ 8.791908390104327, 47.205832665605783 ] } },
{ "type": "Feature", "properties": { "timestamp": "2026-04-30T16:38:48.003Z", "latitude": 47.20585825056493, "longitude": 8.7919487700771803, "BELAGSART": 200, "surface_classification_asphalt": null, "surface_classification_compacted": null, "surface_classification_paving": null, "surface_classification_sett": null, "surface_classification_standing": null, "surface_swisstopo": "nature", "surface_sensebox": "unknown", "surface_sensebox_probability": 0.0, "match": "unknown" }, "geometry": { "type": "Point", "coordinates": [ 8.791948778763448, 47.20585826059893 ] } },
{ "type": "Feature", "properties": { "timestamp": "2026-04-30T16:38:49.003Z", "latitude": 47.205884303130958, "longitude": 8.7919854148573204, "BELAGSART": 200, "surface_classification_asphalt": 0.04, "surface_classification_compacted": 0.75, "surface_classification_paving": 0.2, "surface_classification_sett": 0.02, "surface_classification_standing": 0.0, "surface_swisstopo": "nature", "surface_sensebox": "nature", "surface_sensebox_probability": 0.75, "match": "True" }, "geometry": { "type": "Point", "coordinates": [ 8.791985423543617, 47.205884313164958 ] } },
{ "type": "Feature", "properties": { "timestamp": "2026-04-30T16:38:50.003Z", "latitude": 47.205913173480198, "longitude": 8.7920212625661378, "BELAGSART": 200, "surface_classification_asphalt": null, "surface_classification_compacted": null, "surface_classification_paving": null, "surface_classification_sett": null, "surface_classification_standing": null, "surface_swisstopo": "nature", "surface_sensebox": "unknown", "surface_sensebox_probability": 0.0, "match": "unknown" }, "geometry": { "type": "Point", "coordinates": [ 8.792021271252461, 47.205913183514156 ] } },
{ "type": "Feature", "properties": { "timestamp": "2026-04-30T16:38:51.003Z", "latitude": 47.205938817252211, "longitude": 8.7920576690702603, "BELAGSART": 200, "surface_classification_asphalt": null, "surface_classification_compacted": null, "surface_classification_paving": null, "surface_classification_sett": null, "surface_classification_standing": null, "surface_swisstopo": "nature", "surface_sensebox": "unknown", "surface_sensebox_probability": 0.0, "match": "unknown" }, "geometry": { "type": "Point", "coordinates": [ 8.792057677756615, 47.205938827286161 ] } },
{ "type": "Feature", "properties": { "timestamp": "2026-04-30T16:38:52.003Z", "latitude": 47.20596749883434, "longitude": 8.7920927214408664, "BELAGSART": 200, "surface_classification_asphalt": 0.05, "surface_classification_compacted": 0.58, "surface_classification_paving": 0.33, "surface_classification_sett": 0.04, "surface_classification_standing": 0.0, "surface_swisstopo": "nature", "surface_sensebox": "nature", "surface_sensebox_probability": 0.58, "match": "True" }, "geometry": { "type": "Point", "coordinates": [ 8.792092730127237, 47.205967508868305 ] } },
{ "type": "Feature", "properties": { "timestamp": "2026-04-30T16:38:53.003Z", "latitude": 47.205995202687539, "longitude": 8.792126271384312, "BELAGSART": 200, "surface_classification_asphalt": null, "surface_classification_compacted": null, "surface_classification_paving": null, "surface_classification_sett": null, "surface_classification_standing": null, "surface_swisstopo": "nature", "surface_sensebox": "unknown", "surface_sensebox_probability": 0.0, "match": "unknown" }, "geometry": { "type": "Point", "coordinates": [ 8.792126280070711, 47.205995212721533 ] } },
{ "type": "Feature", "properties": { "timestamp": "2026-04-30T16:38:54.003Z", "latitude": 47.206025115367019, "longitude": 8.7921613038105377, "BELAGSART": 200, "surface_classification_asphalt": 0.21, "surface_classification_compacted": 0.51, "surface_classification_paving": 0.19, "surface_classification_sett": 0.09, "surface_classification_standing": 0.0, "surface_swisstopo": "nature", "surface_sensebox": "nature", "surface_sensebox_probability": 0.51, "match": "True" }, "geometry": { "type": "Point", "coordinates": [ 8.792161312496962, 47.20602512540097 ] } },
{ "type": "Feature", "properties": { "timestamp": "2026-04-30T16:38:55.003Z", "latitude": 47.206053699137648, "longitude": 8.7921939611620967, "BELAGSART": 200, "surface_classification_asphalt": null, "surface_classification_compacted": null, "surface_classification_paving": null, "surface_classification_sett": null, "surface_classification_standing": null, "surface_swisstopo": "nature", "surface_sensebox": "unknown", "surface_sensebox_probability": 0.0, "match": "unknown" }, "geometry": { "type": "Point", "coordinates": [ 8.79219396984854, 47.20605370917162 ] } },
{ "type": "Feature", "properties": { "timestamp": "2026-04-30T16:38:56.003Z", "latitude": 47.206083322101513, "longitude": 8.7922275486108106, "BELAGSART": 200, "surface_classification_asphalt": null, "surface_classification_compacted": null, "surface_classification_paving": null, "surface_classification_sett": null, "surface_classification_standing": null, "surface_swisstopo": "nature", "surface_sensebox": "unknown", "surface_sensebox_probability": 0.0, "match": "unknown" }, "geometry": { "type": "Point", "coordinates": [ 8.792227557297281, 47.206083332135471 ] } },
{ "type": "Feature", "properties": { "timestamp": "2026-04-30T16:38:57.003Z", "latitude": 47.206112930725411, "longitude": 8.7922615854261821, "BELAGSART": 200, "surface_classification_asphalt": 0.04, "surface_classification_compacted": 0.91, "surface_classification_paving": 0.05, "surface_classification_sett": 0.0, "surface_classification_standing": 0.0, "surface_swisstopo": "nature", "surface_sensebox": "nature", "surface_sensebox_probability": 0.91, "match": "True" }, "geometry": { "type": "Point", "coordinates": [ 8.792261594112674, 47.206112940759411 ] } },
{ "type": "Feature", "properties": { "timestamp": "2026-04-30T16:38:58.003Z", "latitude": 47.20614306399446, "longitude": 8.7922930327677271, "BELAGSART": 200, "surface_classification_asphalt": null, "surface_classification_compacted": null, "surface_classification_paving": null, "surface_classification_sett": null, "surface_classification_standing": null, "surface_swisstopo": "nature", "surface_sensebox": "unknown", "surface_sensebox_probability": 0.0, "match": "unknown" }, "geometry": { "type": "Point", "coordinates": [ 8.792293041454238, 47.206143074028454 ] } },
{ "type": "Feature", "properties": { "timestamp": "2026-04-30T16:38:59.003Z", "latitude": 47.206171046332877, "longitude": 8.7923254521825669, "BELAGSART": 200, "surface_classification_asphalt": null, "surface_classification_compacted": null, "surface_classification_paving": null, "surface_classification_sett": null, "surface_classification_standing": null, "surface_swisstopo": "nature", "surface_sensebox": "unknown", "surface_sensebox_probability": 0.0, "match": "unknown" }, "geometry": { "type": "Point", "coordinates": [ 8.792325460869097, 47.206171056366856 ] } },
{ "type": "Feature", "properties": { "timestamp": "2026-04-30T16:39:00.003Z", "latitude": 47.206200413568837, "longitude": 8.7923577156703399, "BELAGSART": 200, "surface_classification_asphalt": 0.02, "surface_classification_compacted": 0.95, "surface_classification_paving": 0.03, "surface_classification_sett": 0.0, "surface_classification_standing": 0.0, "surface_swisstopo": "nature", "surface_sensebox": "nature", "surface_sensebox_probability": 0.95, "match": "True" }, "geometry": { "type": "Point", "coordinates": [ 8.792357724356895, 47.206200423602802 ] } },
{ "type": "Feature", "properties": { "timestamp": "2026-04-30T16:39:01.003Z", "latitude": 47.206229937611795, "longitude": 8.7923901078274387, "BELAGSART": 200, "surface_classification_asphalt": null, "surface_classification_compacted": null, "surface_classification_paving": null, "surface_classification_sett": null, "surface_classification_standing": null, "surface_swisstopo": "nature", "surface_sensebox": "unknown", "surface_sensebox_probability": 0.0, "match": "unknown" }, "geometry": { "type": "Point", "coordinates": [ 8.792390116514021, 47.206229947645774 ] } },
{ "type": "Feature", "properties": { "timestamp": "2026-04-30T16:39:02.003Z", "latitude": 47.206257892957673, "longitude": 8.7924237973660659, "BELAGSART": 200, "surface_classification_asphalt": null, "surface_classification_compacted": null, "surface_classification_paving": null, "surface_classification_sett": null, "surface_classification_standing": null, "surface_swisstopo": "nature", "surface_sensebox": "unknown", "surface_sensebox_probability": 0.0, "match": "unknown" }, "geometry": { "type": "Point", "coordinates": [ 8.792423806052664, 47.206257902991659 ] } },
{ "type": "Feature", "properties": { "timestamp": "2026-04-30T16:39:03.003Z", "latitude": 47.206287507656391, "longitude": 8.7924550203892711, "BELAGSART": 200, "surface_classification_asphalt": 0.27, "surface_classification_compacted": 0.66, "surface_classification_paving": 0.05, "surface_classification_sett": 0.02, "surface_classification_standing": 0.0, "surface_swisstopo": "nature", "surface_sensebox": "nature", "surface_sensebox_probability": 0.66, "match": "True" }, "geometry": { "type": "Point", "coordinates": [ 8.792455029075894, 47.206287517690342 ] } },
{ "type": "Feature", "properties": { "timestamp": "2026-04-30T16:39:04.003Z", "latitude": 47.20631528621908, "longitude": 8.7924837699889107, "BELAGSART": 200, "surface_classification_asphalt": null, "surface_classification_compacted": null, "surface_classification_paving": null, "surface_classification_sett": null, "surface_classification_standing": null, "surface_swisstopo": "nature", "surface_sensebox": "unknown", "surface_sensebox_probability": 0.0, "match": "unknown" }, "geometry": { "type": "Point", "coordinates": [ 8.792483778675551, 47.206315296253067 ] } },
{ "type": "Feature", "properties": { "timestamp": "2026-04-30T16:39:05.003Z", "latitude": 47.206342631840819, "longitude": 8.7925133278437091, "BELAGSART": 200, "surface_classification_asphalt": null, "surface_classification_compacted": null, "surface_classification_paving": null, "surface_classification_sett": null, "surface_classification_standing": null, "surface_swisstopo": "nature", "surface_sensebox": "unknown", "surface_sensebox_probability": 0.0, "match": "unknown" }, "geometry": { "type": "Point", "coordinates": [ 8.792513336530371, 47.206342641874791 ] } },
{ "type": "Feature", "properties": { "timestamp": "2026-04-30T16:39:06.003Z", "latitude": 47.206371719585327, "longitude": 8.7925419562349756, "BELAGSART": 200, "surface_classification_asphalt": 0.06, "surface_classification_compacted": 0.67, "surface_classification_paving": 0.25, "surface_classification_sett": 0.02, "surface_classification_standing": 0.0, "surface_swisstopo": "nature", "surface_sensebox": "nature", "surface_sensebox_probability": 0.67, "match": "True" }, "geometry": { "type": "Point", "coordinates": [ 8.792541964921654, 47.206371729619285 ] } },
{ "type": "Feature", "properties": { "timestamp": "2026-04-30T16:39:07.003Z", "latitude": 47.206400786409297, "longitude": 8.7925721464130362, "BELAGSART": 200, "surface_classification_asphalt": null, "surface_classification_compacted": null, "surface_classification_paving": null, "surface_classification_sett": null, "surface_classification_standing": null, "surface_swisstopo": "nature", "surface_sensebox": "unknown", "surface_sensebox_probability": 0.0, "match": "unknown" }, "geometry": { "type": "Point", "coordinates": [ 8.792572155099737, 47.20640079644329 ] } },
{ "type": "Feature", "properties": { "timestamp": "2026-04-30T16:39:08.003Z", "latitude": 47.206431499305047, "longitude": 8.7926040259267406, "BELAGSART": 200, "surface_classification_asphalt": 0.17, "surface_classification_compacted": 0.64, "surface_classification_paving": 0.17, "surface_classification_sett": 0.02, "surface_classification_standing": 0.0, "surface_swisstopo": "nature", "surface_sensebox": "nature", "surface_sensebox_probability": 0.64, "match": "True" }, "geometry": { "type": "Point", "coordinates": [ 8.792604034613463, 47.206431509339055 ] } },
{ "type": "Feature", "properties": { "timestamp": "2026-04-30T16:39:09.003Z", "latitude": 47.206465875659852, "longitude": 8.7926360577437421, "BELAGSART": 200, "surface_classification_asphalt": null, "surface_classification_compacted": null, "surface_classification_paving": null, "surface_classification_sett": null, "surface_classification_standing": null, "surface_swisstopo": "nature", "surface_sensebox": "unknown", "surface_sensebox_probability": 0.0, "match": "unknown" }, "geometry": { "type": "Point", "coordinates": [ 8.792636066430491, 47.206465885693859 ] } },
{ "type": "Feature", "properties": { "timestamp": "2026-04-30T16:39:10.003Z", "latitude": 47.206499571231944, "longitude": 8.7926689315337505, "BELAGSART": 200, "surface_classification_asphalt": null, "surface_classification_compacted": null, "surface_classification_paving": null, "surface_classification_sett": null, "surface_classification_standing": null, "surface_swisstopo": "nature", "surface_sensebox": "unknown", "surface_sensebox_probability": 0.0, "match": "unknown" }, "geometry": { "type": "Point", "coordinates": [ 8.792668940220512, 47.206499581265973 ] } },
{ "type": "Feature", "properties": { "timestamp": "2026-04-30T16:39:11.003Z", "latitude": 47.206535529187143, "longitude": 8.7927025058104409, "BELAGSART": 200, "surface_classification_asphalt": 0.23, "surface_classification_compacted": 0.41, "surface_classification_paving": 0.23, "surface_classification_sett": 0.13, "surface_classification_standing": 0.0, "surface_swisstopo": "nature", "surface_sensebox": "unknown", "surface_sensebox_probability": 0.41, "match": "unknown" }, "geometry": { "type": "Point", "coordinates": [ 8.792702514497218, 47.206535539221136 ] } },
{ "type": "Feature", "properties": { "timestamp": "2026-04-30T16:39:12.003Z", "latitude": 47.206572617551757, "longitude": 8.7927395856519439, "BELAGSART": 200, "surface_classification_asphalt": null, "surface_classification_compacted": null, "surface_classification_paving": null, "surface_classification_sett": null, "surface_classification_standing": null, "surface_swisstopo": "nature", "surface_sensebox": "unknown", "surface_sensebox_probability": 0.0, "match": "unknown" }, "geometry": { "type": "Point", "coordinates": [ 8.792739594338752, 47.20657262758575 ] } },
{ "type": "Feature", "properties": { "timestamp": "2026-04-30T16:39:13.003Z", "latitude": 47.206610829958095, "longitude": 8.7927768067023155, "BELAGSART": 200, "surface_classification_asphalt": null, "surface_classification_compacted": null, "surface_classification_paving": null, "surface_classification_sett": null, "surface_classification_standing": null, "surface_swisstopo": "nature", "surface_sensebox": "unknown", "surface_sensebox_probability": 0.0, "match": "unknown" }, "geometry": { "type": "Point", "coordinates": [ 8.79277681538915, 47.206610839992109 ] } },
{ "type": "Feature", "properties": { "timestamp": "2026-04-30T16:39:14.003Z", "latitude": 47.206647230271486, "longitude": 8.7928104093894781, "BELAGSART": 200, "surface_classification_asphalt": 0.12, "surface_classification_compacted": 0.16, "surface_classification_paving": 0.7, "surface_classification_sett": 0.02, "surface_classification_standing": 0.0, "surface_swisstopo": "nature", "surface_sensebox": "paved", "surface_sensebox_probability": 0.7, "match": "False" }, "geometry": { "type": "Point", "coordinates": [ 8.792810418076327, 47.206647240305486 ] } },
{ "type": "Feature", "properties": { "timestamp": "2026-04-30T16:39:15.003Z", "latitude": 47.20668555986272, "longitude": 8.7928472597956961, "BELAGSART": 200, "surface_classification_asphalt": null, "surface_classification_compacted": null, "surface_classification_paving": null, "surface_classification_sett": null, "surface_classification_standing": null, "surface_swisstopo": "nature", "surface_sensebox": "unknown", "surface_sensebox_probability": 0.0, "match": "unknown" }, "geometry": { "type": "Point", "coordinates": [ 8.792847268482566, 47.206685569896713 ] } },
{ "type": "Feature", "properties": { "timestamp": "2026-04-30T16:39:16.003Z", "latitude": 47.206725184989224, "longitude": 8.7928817101835275, "BELAGSART": 200, "surface_classification_asphalt": null, "surface_classification_compacted": null, "surface_classification_paving": null, "surface_classification_sett": null, "surface_classification_standing": null, "surface_swisstopo": "nature", "surface_sensebox": "unknown", "surface_sensebox_probability": 0.0, "match": "unknown" }, "geometry": { "type": "Point", "coordinates": [ 8.792881718870422, 47.206725195023218 ] } },
{ "type": "Feature", "properties": { "timestamp": "2026-04-30T16:39:17.003Z", "latitude": 47.206763327519909, "longitude": 8.7929191008314067, "BELAGSART": 200, "surface_classification_asphalt": 0.06, "surface_classification_compacted": 0.41, "surface_classification_paving": 0.52, "surface_classification_sett": 0.01, "surface_classification_standing": 0.0, "surface_swisstopo": "nature", "surface_sensebox": "paved", "surface_sensebox_probability": 0.52, "match": "False" }, "geometry": { "type": "Point", "coordinates": [ 8.792919109518323, 47.206763337553909 ] } },
{ "type": "Feature", "properties": { "timestamp": "2026-04-30T16:39:18.003Z", "latitude": 47.206803555095746, "longitude": 8.7929556796661217, "BELAGSART": 200, "surface_classification_asphalt": null, "surface_classification_compacted": null, "surface_classification_paving": null, "surface_classification_sett": null, "surface_classification_standing": null, "surface_swisstopo": "nature", "surface_sensebox": "unknown", "surface_sensebox_probability": 0.0, "match": "unknown" }, "geometry": { "type": "Point", "coordinates": [ 8.79295568835307, 47.206803565129746 ] } },
{ "type": "Feature", "properties": { "timestamp": "2026-04-30T16:39:19.003Z", "latitude": 47.206842078963014, "longitude": 8.7929905362975855, "BELAGSART": 200, "surface_classification_asphalt": null, "surface_classification_compacted": null, "surface_classification_paving": null, "surface_classification_sett": null, "surface_classification_standing": null, "surface_swisstopo": "nature", "surface_sensebox": "unknown", "surface_sensebox_probability": 0.0, "match": "unknown" }, "geometry": { "type": "Point", "coordinates": [ 8.792990544984548, 47.206842088997043 ] } },
{ "type": "Feature", "properties": { "timestamp": "2026-04-30T16:39:20.003Z", "latitude": 47.20687822224955, "longitude": 8.7930262766516751, "BELAGSART": 200, "surface_classification_asphalt": 0.09, "surface_classification_compacted": 0.82, "surface_classification_paving": 0.07, "surface_classification_sett": 0.02, "surface_classification_standing": 0.0, "surface_swisstopo": "nature", "surface_sensebox": "nature", "surface_sensebox_probability": 0.82, "match": "True" }, "geometry": { "type": "Point", "coordinates": [ 8.793026285338664, 47.206878232283572 ] } },
{ "type": "Feature", "properties": { "timestamp": "2026-04-30T16:39:21.003Z", "latitude": 47.206918032794306, "longitude": 8.7930607953508897, "BELAGSART": 200, "surface_classification_asphalt": null, "surface_classification_compacted": null, "surface_classification_paving": null, "surface_classification_sett": null, "surface_classification_standing": null, "surface_swisstopo": "nature", "surface_sensebox": "unknown", "surface_sensebox_probability": 0.0, "match": "unknown" }, "geometry": { "type": "Point", "coordinates": [ 8.793060804037895, 47.206918042828292 ] } },
{ "type": "Feature", "properties": { "timestamp": "2026-04-30T16:39:22.003Z", "latitude": 47.206955588073249, "longitude": 8.7930918598701098, "BELAGSART": 200, "surface_classification_asphalt": 0.05, "surface_classification_compacted": 0.43, "surface_classification_paving": 0.48, "surface_classification_sett": 0.04, "surface_classification_standing": 0.0, "surface_swisstopo": "nature", "surface_sensebox": "unknown", "surface_sensebox_probability": 0.48, "match": "unknown" }, "geometry": { "type": "Point", "coordinates": [ 8.793091868557134, 47.206955598107307 ] } },
{ "type": "Feature", "properties": { "timestamp": "2026-04-30T16:39:23.003Z", "latitude": 47.206991671794192, "longitude": 8.7931270996527076, "BELAGSART": 200, "surface_classification_asphalt": null, "surface_classification_compacted": null, "surface_classification_paving": null, "surface_classification_sett": null, "surface_classification_standing": null, "surface_swisstopo": "nature", "surface_sensebox": "unknown", "surface_sensebox_probability": 0.0, "match": "unknown" }, "geometry": { "type": "Point", "coordinates": [ 8.793127108339755, 47.206991681828242 ] } },
{ "type": "Feature", "properties": { "timestamp": "2026-04-30T16:39:24.003Z", "latitude": 47.207028320486877, "longitude": 8.7931599528822701, "BELAGSART": 200, "surface_classification_asphalt": null, "surface_classification_compacted": null, "surface_classification_paving": null, "surface_classification_sett": null, "surface_classification_standing": null, "surface_swisstopo": "nature", "surface_sensebox": "unknown", "surface_sensebox_probability": 0.0, "match": "unknown" }, "geometry": { "type": "Point", "coordinates": [ 8.793159961569335, 47.207028330520856 ] } },
{ "type": "Feature", "properties": { "timestamp": "2026-04-30T16:39:25.003Z", "latitude": 47.207063634888819, "longitude": 8.7931953405116108, "BELAGSART": 200, "surface_classification_asphalt": 0.08, "surface_classification_compacted": 0.36, "surface_classification_paving": 0.23, "surface_classification_sett": 0.32, "surface_classification_standing": 0.0, "surface_swisstopo": "nature", "surface_sensebox": "unknown", "surface_sensebox_probability": 0.36, "match": "unknown" }, "geometry": { "type": "Point", "coordinates": [ 8.793195349198697, 47.207063644922862 ] } },
{ "type": "Feature", "properties": { "timestamp": "2026-04-30T16:39:26.003Z", "latitude": 47.207097714538165, "longitude": 8.79323266747123, "BELAGSART": 200, "surface_classification_asphalt": null, "surface_classification_compacted": null, "surface_classification_paving": null, "surface_classification_sett": null, "surface_classification_standing": null, "surface_swisstopo": "nature", "surface_sensebox": "unknown", "surface_sensebox_probability": 0.0, "match": "unknown" }, "geometry": { "type": "Point", "coordinates": [ 8.793232676158343, 47.207097724572201 ] } },
{ "type": "Feature", "properties": { "timestamp": "2026-04-30T16:39:27.003Z", "latitude": 47.20713051321605, "longitude": 8.7932692646283552, "BELAGSART": 200, "surface_classification_asphalt": null, "surface_classification_compacted": null, "surface_classification_paving": null, "surface_classification_sett": null, "surface_classification_standing": null, "surface_swisstopo": "nature", "surface_sensebox": "unknown", "surface_sensebox_probability": 0.0, "match": "unknown" }, "geometry": { "type": "Point", "coordinates": [ 8.793269273315495, 47.207130523250058 ] } },
{ "type": "Feature", "properties": { "timestamp": "2026-04-30T16:39:28.003Z", "latitude": 47.20715962931591, "longitude": 8.7932996541177317, "BELAGSART": 200, "surface_classification_asphalt": 0.02, "surface_classification_compacted": 0.91, "surface_classification_paving": 0.05, "surface_classification_sett": 0.02, "surface_classification_standing": 0.0, "surface_swisstopo": "nature", "surface_sensebox": "nature", "surface_sensebox_probability": 0.91, "match": "True" }, "geometry": { "type": "Point", "coordinates": [ 8.793299662804893, 47.207159639349896 ] } },
{ "type": "Feature", "properties": { "timestamp": "2026-04-30T16:39:29.003Z", "latitude": 47.207188215760887, "longitude": 8.7933293985583489, "BELAGSART": 200, "surface_classification_asphalt": null, "surface_classification_compacted": null, "surface_classification_paving": null, "surface_classification_sett": null, "surface_classification_standing": null, "surface_swisstopo": "nature", "surface_sensebox": "unknown", "surface_sensebox_probability": 0.0, "match": "unknown" }, "geometry": { "type": "Point", "coordinates": [ 8.793329407245533, 47.207188225794923 ] } },
{ "type": "Feature", "properties": { "timestamp": "2026-04-30T16:39:30.003Z", "latitude": 47.207209593112623, "longitude": 8.7933605401954367, "BELAGSART": 200, "surface_classification_asphalt": null, "surface_classification_compacted": null, "surface_classification_paving": null, "surface_classification_sett": null, "surface_classification_standing": null, "surface_swisstopo": "nature", "surface_sensebox": "unknown", "surface_sensebox_probability": 0.0, "match": "unknown" }, "geometry": { "type": "Point", "coordinates": [ 8.793360548882646, 47.207209603146651 ] } },
{ "type": "Feature", "properties": { "timestamp": "2026-04-30T16:39:31.003Z", "latitude": 47.207232102602795, "longitude": 8.7933833093419942, "BELAGSART": 200, "surface_classification_asphalt": 0.08, "surface_classification_compacted": 0.81, "surface_classification_paving": 0.1, "surface_classification_sett": 0.02, "surface_classification_standing": 0.0, "surface_swisstopo": "nature", "surface_sensebox": "nature", "surface_sensebox_probability": 0.81, "match": "True" }, "geometry": { "type": "Point", "coordinates": [ 8.793383318029214, 47.207232112636817 ] } },
{ "type": "Feature", "properties": { "timestamp": "2026-04-30T16:39:32.003Z", "latitude": 47.207257406205507, "longitude": 8.7934091722549343, "BELAGSART": 200, "surface_classification_asphalt": null, "surface_classification_compacted": null, "surface_classification_paving": null, "surface_classification_sett": null, "surface_classification_standing": null, "surface_swisstopo": "nature", "surface_sensebox": "unknown", "surface_sensebox_probability": 0.0, "match": "unknown" }, "geometry": { "type": "Point", "coordinates": [ 8.793409180942172, 47.207257416239557 ] } },
{ "type": "Feature", "properties": { "timestamp": "2026-04-30T16:39:33.003Z", "latitude": 47.207277260728112, "longitude": 8.793442135738017, "BELAGSART": 200, "surface_classification_asphalt": null, "surface_classification_compacted": null, "surface_classification_paving": null, "surface_classification_sett": null, "surface_classification_standing": null, "surface_swisstopo": "nature", "surface_sensebox": "unknown", "surface_sensebox_probability": 0.0, "match": "unknown" }, "geometry": { "type": "Point", "coordinates": [ 8.793442144425276, 47.207277270762141 ] } },
{ "type": "Feature", "properties": { "timestamp": "2026-04-30T16:39:34.003Z", "latitude": 47.207293656237091, "longitude": 8.7934775340966862, "BELAGSART": 100, "surface_classification_asphalt": 0.02, "surface_classification_compacted": 0.94, "surface_classification_paving": 0.04, "surface_classification_sett": 0.0, "surface_classification_standing": 0.0, "surface_swisstopo": "paved", "surface_sensebox": "nature", "surface_sensebox_probability": 0.94, "match": "False" }, "geometry": { "type": "Point", "coordinates": [ 8.79347754278397, 47.207293666271092 ] } },
{ "type": "Feature", "properties": { "timestamp": "2026-04-30T16:39:35.003Z", "latitude": 47.207312752601837, "longitude": 8.7935151111182552, "BELAGSART": 100, "surface_classification_asphalt": null, "surface_classification_compacted": null, "surface_classification_paving": null, "surface_classification_sett": null, "surface_classification_standing": null, "surface_swisstopo": "paved", "surface_sensebox": "unknown", "surface_sensebox_probability": 0.0, "match": "unknown" }, "geometry": { "type": "Point", "coordinates": [ 8.793515119805576, 47.207312762635844 ] } },
{ "type": "Feature", "properties": { "timestamp": "2026-04-30T16:39:36.003Z", "latitude": 47.207333954451698, "longitude": 8.7935339779903359, "BELAGSART": 100, "surface_classification_asphalt": 0.68, "surface_classification_compacted": 0.22, "surface_classification_paving": 0.04, "surface_classification_sett": 0.06, "surface_classification_standing": 0.0, "surface_swisstopo": "paved", "surface_sensebox": "paved", "surface_sensebox_probability": 0.68, "match": "True" }, "geometry": { "type": "Point", "coordinates": [ 8.793533986677664, 47.207333964485692 ] } },
{ "type": "Feature", "properties": { "timestamp": "2026-04-30T16:39:37.003Z", "latitude": 47.2073627959034, "longitude": 8.793553990804952, "BELAGSART": 100, "surface_classification_asphalt": null, "surface_classification_compacted": null, "surface_classification_paving": null, "surface_classification_sett": null, "surface_classification_standing": null, "surface_swisstopo": "paved", "surface_sensebox": "unknown", "surface_sensebox_probability": 0.0, "match": "unknown" }, "geometry": { "type": "Point", "coordinates": [ 8.793553999492294, 47.207362805937386 ] } },
{ "type": "Feature", "properties": { "timestamp": "2026-04-30T16:39:38.003Z", "latitude": 47.207389177118912, "longitude": 8.793589482865551, "BELAGSART": 100, "surface_classification_asphalt": null, "surface_classification_compacted": null, "surface_classification_paving": null, "surface_classification_sett": null, "surface_classification_standing": null, "surface_swisstopo": "paved", "surface_sensebox": "unknown", "surface_sensebox_probability": 0.0, "match": "unknown" }, "geometry": { "type": "Point", "coordinates": [ 8.793589491552913, 47.207389187152891 ] } },
{ "type": "Feature", "properties": { "timestamp": "2026-04-30T16:39:39.003Z", "latitude": 47.20741990010572, "longitude": 8.7936163194504395, "BELAGSART": 100, "surface_classification_asphalt": 0.56, "surface_classification_compacted": 0.18, "surface_classification_paving": 0.23, "surface_classification_sett": 0.03, "surface_classification_standing": 0.0, "surface_swisstopo": "paved", "surface_sensebox": "paved", "surface_sensebox_probability": 0.56, "match": "True" }, "geometry": { "type": "Point", "coordinates": [ 8.793616328137821, 47.207419910139748 ] } },
{ "type": "Feature", "properties": { "timestamp": "2026-04-30T16:39:40.003Z", "latitude": 47.207452945598703, "longitude": 8.7936455728300462, "BELAGSART": 100, "surface_classification_asphalt": null, "surface_classification_compacted": null, "surface_classification_paving": null, "surface_classification_sett": null, "surface_classification_standing": null, "surface_swisstopo": "paved", "surface_sensebox": "unknown", "surface_sensebox_probability": 0.0, "match": "unknown" }, "geometry": { "type": "Point", "coordinates": [ 8.793645581517449, 47.207452955632704 ] } },
{ "type": "Feature", "properties": { "timestamp": "2026-04-30T16:39:41.003Z", "latitude": 47.207480140497601, "longitude": 8.7936808618278697, "BELAGSART": 100, "surface_classification_asphalt": null, "surface_classification_compacted": null, "surface_classification_paving": null, "surface_classification_sett": null, "surface_classification_standing": null, "surface_swisstopo": "paved", "surface_sensebox": "unknown", "surface_sensebox_probability": 0.0, "match": "unknown" }, "geometry": { "type": "Point", "coordinates": [ 8.793680870515297, 47.207480150531616 ] } },
{ "type": "Feature", "properties": { "timestamp": "2026-04-30T16:39:42.003Z", "latitude": 47.207511721101554, "longitude": 8.793709639430725, "BELAGSART": 100, "surface_classification_asphalt": 0.11, "surface_classification_compacted": 0.05, "surface_classification_paving": 0.81, "surface_classification_sett": 0.03, "surface_classification_standing": 0.0, "surface_swisstopo": "paved", "surface_sensebox": "paved", "surface_sensebox_probability": 0.81, "match": "True" }, "geometry": { "type": "Point", "coordinates": [ 8.79370964811817, 47.207511731135597 ] } },
{ "type": "Feature", "properties": { "timestamp": "2026-04-30T16:39:43.003Z", "latitude": 47.207546964312343, "longitude": 8.7937440550897499, "BELAGSART": 100, "surface_classification_asphalt": null, "surface_classification_compacted": null, "surface_classification_paving": null, "surface_classification_sett": null, "surface_classification_standing": null, "surface_swisstopo": "paved", "surface_sensebox": "unknown", "surface_sensebox_probability": 0.0, "match": "unknown" }, "geometry": { "type": "Point", "coordinates": [ 8.793744063777217, 47.207546974346386 ] } },
{ "type": "Feature", "properties": { "timestamp": "2026-04-30T16:39:44.003Z", "latitude": 47.207576596859973, "longitude": 8.7937782025456581, "BELAGSART": 100, "surface_classification_asphalt": null, "surface_classification_compacted": null, "surface_classification_paving": null, "surface_classification_sett": null, "surface_classification_standing": null, "surface_swisstopo": "paved", "surface_sensebox": "unknown", "surface_sensebox_probability": 0.0, "match": "unknown" }, "geometry": { "type": "Point", "coordinates": [ 8.793778211233148, 47.207576606894001 ] } },
{ "type": "Feature", "properties": { "timestamp": "2026-04-30T16:39:45.003Z", "latitude": 47.20760307721514, "longitude": 8.7938143510838813, "BELAGSART": 100, "surface_classification_asphalt": 0.04, "surface_classification_compacted": 0.88, "surface_classification_paving": 0.06, "surface_classification_sett": 0.03, "surface_classification_standing": 0.0, "surface_swisstopo": "paved", "surface_sensebox": "nature", "surface_sensebox_probability": 0.88, "match": "False" }, "geometry": { "type": "Point", "coordinates": [ 8.793814359771391, 47.207603087249126 ] } },
{ "type": "Feature", "properties": { "timestamp": "2026-04-30T16:39:46.003Z", "latitude": 47.207620570475811, "longitude": 8.7938458920145024, "BELAGSART": 100, "surface_classification_asphalt": null, "surface_classification_compacted": null, "surface_classification_paving": null, "surface_classification_sett": null, "surface_classification_standing": null, "surface_swisstopo": "paved", "surface_sensebox": "unknown", "surface_sensebox_probability": 0.0, "match": "unknown" }, "geometry": { "type": "Point", "coordinates": [ 8.793845900702042, 47.207620580509854 ] } },
{ "type": "Feature", "properties": { "timestamp": "2026-04-30T16:39:47.003Z", "latitude": 47.20764534938229, "longitude": 8.7938637513965201, "BELAGSART": 100, "surface_classification_asphalt": null, "surface_classification_compacted": null, "surface_classification_paving": null, "surface_classification_sett": null, "surface_classification_standing": null, "surface_swisstopo": "paved", "surface_sensebox": "unknown", "surface_sensebox_probability": 0.0, "match": "unknown" }, "geometry": { "type": "Point", "coordinates": [ 8.793863760084072, 47.207645359416325 ] } },
{ "type": "Feature", "properties": { "timestamp": "2026-04-30T16:39:48.003Z", "latitude": 47.207667256485585, "longitude": 8.7938814276424253, "BELAGSART": 200, "surface_classification_asphalt": 0.06, "surface_classification_compacted": 0.93, "surface_classification_paving": 0.01, "surface_classification_sett": 0.0, "surface_classification_standing": 0.0, "surface_swisstopo": "nature", "surface_sensebox": "nature", "surface_sensebox_probability": 0.93, "match": "True" }, "geometry": { "type": "Point", "coordinates": [ 8.793881436329983, 47.207667266519657 ] } },
{ "type": "Feature", "properties": { "timestamp": "2026-04-30T16:39:49.003Z", "latitude": 47.207682416757791, "longitude": 8.7939009691868346, "BELAGSART": 200, "surface_classification_asphalt": null, "surface_classification_compacted": null, "surface_classification_paving": null, "surface_classification_sett": null, "surface_classification_standing": null, "surface_swisstopo": "nature", "surface_sensebox": "unknown", "surface_sensebox_probability": 0.0, "match": "unknown" }, "geometry": { "type": "Point", "coordinates": [ 8.793900977874408, 47.20768242679182 ] } },
{ "type": "Feature", "properties": { "timestamp": "2026-04-30T16:39:50.003Z", "latitude": 47.20770243695317, "longitude": 8.7939134820748315, "BELAGSART": 100, "surface_classification_asphalt": null, "surface_classification_compacted": null, "surface_classification_paving": null, "surface_classification_sett": null, "surface_classification_standing": null, "surface_swisstopo": "paved", "surface_sensebox": "unknown", "surface_sensebox_probability": 0.0, "match": "unknown" }, "geometry": { "type": "Point", "coordinates": [ 8.793913490762412, 47.207702446987184 ] } },
{ "type": "Feature", "properties": { "timestamp": "2026-04-30T16:39:51.003Z", "latitude": 47.207718536489367, "longitude": 8.7939379291090862, "BELAGSART": 100, "surface_classification_asphalt": 0.15, "surface_classification_compacted": 0.72, "surface_classification_paving": 0.12, "surface_classification_sett": 0.01, "surface_classification_standing": 0.0, "surface_swisstopo": "paved", "surface_sensebox": "nature", "surface_sensebox_probability": 0.72, "match": "False" }, "geometry": { "type": "Point", "coordinates": [ 8.793937937796688, 47.207718546523409 ] } },
{ "type": "Feature", "properties": { "timestamp": "2026-04-30T16:39:52.003Z", "latitude": 47.207739062369143, "longitude": 8.7939539063579311, "BELAGSART": 100, "surface_classification_asphalt": null, "surface_classification_compacted": null, "surface_classification_paving": null, "surface_classification_sett": null, "surface_classification_standing": null, "surface_swisstopo": "paved", "surface_sensebox": "unknown", "surface_sensebox_probability": 0.0, "match": "unknown" }, "geometry": { "type": "Point", "coordinates": [ 8.79395391504554, 47.207739072403157 ] } },
{ "type": "Feature", "properties": { "timestamp": "2026-04-30T16:39:53.003Z", "latitude": 47.207764680511673, "longitude": 8.7939701362650045, "BELAGSART": 100, "surface_classification_asphalt": 0.03, "surface_classification_compacted": 0.9, "surface_classification_paving": 0.05, "surface_classification_sett": 0.02, "surface_classification_standing": 0.0, "surface_swisstopo": "paved", "surface_sensebox": "nature", "surface_sensebox_probability": 0.9, "match": "False" }, "geometry": { "type": "Point", "coordinates": [ 8.793970144952622, 47.207764690545673 ] } },
{ "type": "Feature", "properties": { "timestamp": "2026-04-30T16:39:53.003Z", "latitude": 47.207764680511673, "longitude": 8.7939701362650045, "BELAGSART": 100, "surface_classification_asphalt": 0.03, "surface_classification_compacted": 0.9, "surface_classification_paving": 0.05, "surface_classification_sett": 0.02, "surface_classification_standing": 0.0, "surface_swisstopo": "paved", "surface_sensebox": "nature", "surface_sensebox_probability": 0.9, "match": "False" }, "geometry": { "type": "Point", "coordinates": [ 8.793970144952622, 47.207764690545673 ] } },
{ "type": "Feature", "properties": { "timestamp": "2026-04-30T16:39:54.003Z", "latitude": 47.207796957502808, "longitude": 8.7939815607447525, "BELAGSART": 100, "surface_classification_asphalt": null, "surface_classification_compacted": null, "surface_classification_paving": null, "surface_classification_sett": null, "surface_classification_standing": null, "surface_swisstopo": "paved", "surface_sensebox": "unknown", "surface_sensebox_probability": 0.0, "match": "unknown" }, "geometry": { "type": "Point", "coordinates": [ 8.79398156943237, 47.207796967536858 ] } },
{ "type": "Feature", "properties": { "timestamp": "2026-04-30T16:39:55.003Z", "latitude": 47.207830045134443, "longitude": 8.7939965329521144, "BELAGSART": 100, "surface_classification_asphalt": null, "surface_classification_compacted": null, "surface_classification_paving": null, "surface_classification_sett": null, "surface_classification_standing": null, "surface_swisstopo": "paved", "surface_sensebox": "unknown", "surface_sensebox_probability": 0.0, "match": "unknown" }, "geometry": { "type": "Point", "coordinates": [ 8.793996541639736, 47.207830055168529 ] } },
{ "type": "Feature", "properties": { "timestamp": "2026-04-30T16:39:56.003Z", "latitude": 47.207873410377857, "longitude": 8.7940335176047295, "BELAGSART": 100, "surface_classification_asphalt": 0.02, "surface_classification_compacted": 0.43, "surface_classification_paving": 0.06, "surface_classification_sett": 0.48, "surface_classification_standing": 0.0, "surface_swisstopo": "paved", "surface_sensebox": "unknown", "surface_sensebox_probability": 0.48, "match": "unknown" }, "geometry": { "type": "Point", "coordinates": [ 8.794033526292376, 47.207873420411893 ] } },
{ "type": "Feature", "properties": { "timestamp": "2026-04-30T16:39:57.003Z", "latitude": 47.207915089587857, "longitude": 8.7940739213243102, "BELAGSART": 100, "surface_classification_asphalt": null, "surface_classification_compacted": null, "surface_classification_paving": null, "surface_classification_sett": null, "surface_classification_standing": null, "surface_swisstopo": "paved", "surface_sensebox": "unknown", "surface_sensebox_probability": 0.0, "match": "unknown" }, "geometry": { "type": "Point", "coordinates": [ 8.794073930011979, 47.207915099621914 ] } },
{ "type": "Feature", "properties": { "timestamp": "2026-04-30T16:39:58.003Z", "latitude": 47.207963975476666, "longitude": 8.7941096261581819, "BELAGSART": 100, "surface_classification_asphalt": null, "surface_classification_compacted": null, "surface_classification_paving": null, "surface_classification_sett": null, "surface_classification_standing": null, "surface_swisstopo": "paved", "surface_sensebox": "unknown", "surface_sensebox_probability": 0.0, "match": "unknown" }, "geometry": { "type": "Point", "coordinates": [ 8.794109634845871, 47.20796398551073 ] } },
{ "type": "Feature", "properties": { "timestamp": "2026-04-30T16:39:59.003Z", "latitude": 47.208019160747781, "longitude": 8.7941458692267958, "BELAGSART": 100, "surface_classification_asphalt": 0.38, "surface_classification_compacted": 0.18, "surface_classification_paving": 0.06, "surface_classification_sett": 0.38, "surface_classification_standing": 0.0, "surface_swisstopo": "paved", "surface_sensebox": "unknown", "surface_sensebox_probability": 0.38, "match": "unknown" }, "geometry": { "type": "Point", "coordinates": [ 8.794145877914504, 47.208019170781853 ] } },
{ "type": "Feature", "properties": { "timestamp": "2026-04-30T16:40:00.003Z", "latitude": 47.208075090480548, "longitude": 8.7941866240973319, "BELAGSART": 100, "surface_classification_asphalt": null, "surface_classification_compacted": null, "surface_classification_paving": null, "surface_classification_sett": null, "surface_classification_standing": null, "surface_swisstopo": "paved", "surface_sensebox": "unknown", "surface_sensebox_probability": 0.0, "match": "unknown" }, "geometry": { "type": "Point", "coordinates": [ 8.79418663278506, 47.208075100514669 ] } },
{ "type": "Feature", "properties": { "timestamp": "2026-04-30T16:40:01.003Z", "latitude": 47.208134067698637, "longitude": 8.7942326116892851, "BELAGSART": 100, "surface_classification_asphalt": null, "surface_classification_compacted": null, "surface_classification_paving": null, "surface_classification_sett": null, "surface_classification_standing": null, "surface_swisstopo": "paved", "surface_sensebox": "unknown", "surface_sensebox_probability": 0.0, "match": "unknown" }, "geometry": { "type": "Point", "coordinates": [ 8.794232620377036, 47.20813407773273 ] } },
{ "type": "Feature", "properties": { "timestamp": "2026-04-30T16:40:02.003Z", "latitude": 47.2081961880791, "longitude": 8.794276619155708, "BELAGSART": 100, "surface_classification_asphalt": 0.08, "surface_classification_compacted": 0.07, "surface_classification_paving": 0.11, "surface_classification_sett": 0.74, "surface_classification_standing": 0.0, "surface_swisstopo": "paved", "surface_sensebox": "paved", "surface_sensebox_probability": 0.74, "match": "True" }, "geometry": { "type": "Point", "coordinates": [ 8.79427662784348, 47.208196198113164 ] } },
{ "type": "Feature", "properties": { "timestamp": "2026-04-30T16:40:03.003Z", "latitude": 47.208257856957452, "longitude": 8.794322540918369, "BELAGSART": 100, "surface_classification_asphalt": null, "surface_classification_compacted": null, "surface_classification_paving": null, "surface_classification_sett": null, "surface_classification_standing": null, "surface_swisstopo": "paved", "surface_sensebox": "unknown", "surface_sensebox_probability": 0.0, "match": "unknown" }, "geometry": { "type": "Point", "coordinates": [ 8.794322549606171, 47.20825786699158 ] } },
{ "type": "Feature", "properties": { "timestamp": "2026-04-30T16:40:04.003Z", "latitude": 47.208323222155975, "longitude": 8.7943674613811122, "BELAGSART": 100, "surface_classification_asphalt": null, "surface_classification_compacted": null, "surface_classification_paving": null, "surface_classification_sett": null, "surface_classification_standing": null, "surface_swisstopo": "paved", "surface_sensebox": "unknown", "surface_sensebox_probability": 0.0, "match": "unknown" }, "geometry": { "type": "Point", "coordinates": [ 8.794367470068934, 47.208323232190089 ] } },
{ "type": "Feature", "properties": { "timestamp": "2026-04-30T16:40:05.003Z", "latitude": 47.208387572329549, "longitude": 8.794420347538944, "BELAGSART": 100, "surface_classification_asphalt": 0.03, "surface_classification_compacted": 0.02, "surface_classification_paving": 0.01, "surface_classification_sett": 0.94, "surface_classification_standing": 0.0, "surface_swisstopo": "paved", "surface_sensebox": "paved", "surface_sensebox_probability": 0.94, "match": "True" }, "geometry": { "type": "Point", "coordinates": [ 8.794420356226802, 47.208387582363677 ] } },
{ "type": "Feature", "properties": { "timestamp": "2026-04-30T16:40:06.003Z", "latitude": 47.208451922909511, "longitude": 8.7944718875810413, "BELAGSART": 100, "surface_classification_asphalt": null, "surface_classification_compacted": null, "surface_classification_paving": null, "surface_classification_sett": null, "surface_classification_standing": null, "surface_swisstopo": "paved", "surface_sensebox": "unknown", "surface_sensebox_probability": 0.0, "match": "unknown" }, "geometry": { "type": "Point", "coordinates": [ 8.794471896268924, 47.208451932943639 ] } },
{ "type": "Feature", "properties": { "timestamp": "2026-04-30T16:40:07.003Z", "latitude": 47.208515745366128, "longitude": 8.7945203391684892, "BELAGSART": 100, "surface_classification_asphalt": 0.01, "surface_classification_compacted": 0.01, "surface_classification_paving": 0.02, "surface_classification_sett": 0.96, "surface_classification_standing": 0.0, "surface_swisstopo": "paved", "surface_sensebox": "paved", "surface_sensebox_probability": 0.96, "match": "True" }, "geometry": { "type": "Point", "coordinates": [ 8.794520347856398, 47.208515755400271 ] } },
{ "type": "Feature", "properties": { "timestamp": "2026-04-30T16:40:08.003Z", "latitude": 47.208577215526851, "longitude": 8.7945679169048763, "BELAGSART": 100, "surface_classification_asphalt": null, "surface_classification_compacted": null, "surface_classification_paving": null, "surface_classification_sett": null, "surface_classification_standing": null, "surface_swisstopo": "paved", "surface_sensebox": "unknown", "surface_sensebox_probability": 0.0, "match": "unknown" }, "geometry": { "type": "Point", "coordinates": [ 8.794567925592808, 47.208577225561008 ] } },
{ "type": "Feature", "properties": { "timestamp": "2026-04-30T16:40:09.003Z", "latitude": 47.208636396104829, "longitude": 8.7946157538899925, "BELAGSART": 100, "surface_classification_asphalt": null, "surface_classification_compacted": null, "surface_classification_paving": null, "surface_classification_sett": null, "surface_classification_standing": null, "surface_swisstopo": "paved", "surface_sensebox": "unknown", "surface_sensebox_probability": 0.0, "match": "unknown" }, "geometry": { "type": "Point", "coordinates": [ 8.794615762577957, 47.208636406138979 ] } },
{ "type": "Feature", "properties": { "timestamp": "2026-04-30T16:40:10.003Z", "latitude": 47.208695635047881, "longitude": 8.7946584463720754, "BELAGSART": 100, "surface_classification_asphalt": 0.05, "surface_classification_compacted": 0.15, "surface_classification_paving": 0.08, "surface_classification_sett": 0.72, "surface_classification_standing": 0.0, "surface_swisstopo": "paved", "surface_sensebox": "paved", "surface_sensebox_probability": 0.72, "match": "True" }, "geometry": { "type": "Point", "coordinates": [ 8.794658455060064, 47.208695645082038 ] } },
{ "type": "Feature", "properties": { "timestamp": "2026-04-30T16:40:11.003Z", "latitude": 47.20875520817448, "longitude": 8.794698191641011, "BELAGSART": 100, "surface_classification_asphalt": null, "surface_classification_compacted": null, "surface_classification_paving": null, "surface_classification_sett": null, "surface_classification_standing": null, "surface_swisstopo": "paved", "surface_sensebox": "unknown", "surface_sensebox_probability": 0.0, "match": "unknown" }, "geometry": { "type": "Point", "coordinates": [ 8.794698200329016, 47.208755218208658 ] } },
{ "type": "Feature", "properties": { "timestamp": "2026-04-30T16:40:12.003Z", "latitude": 47.208812603277771, "longitude": 8.7947406056885153, "BELAGSART": 100, "surface_classification_asphalt": null, "surface_classification_compacted": null, "surface_classification_paving": null, "surface_classification_sett": null, "surface_classification_standing": null, "surface_swisstopo": "paved", "surface_sensebox": "unknown", "surface_sensebox_probability": 0.0, "match": "unknown" }, "geometry": { "type": "Point", "coordinates": [ 8.794740614376549, 47.208812613311963 ] } },
{ "type": "Feature", "properties": { "timestamp": "2026-04-30T16:40:13.003Z", "latitude": 47.208871224979767, "longitude": 8.794777391277556, "BELAGSART": 100, "surface_classification_asphalt": 0.09, "surface_classification_compacted": 0.04, "surface_classification_paving": 0.02, "surface_classification_sett": 0.85, "surface_classification_standing": 0.0, "surface_swisstopo": "paved", "surface_sensebox": "paved", "surface_sensebox_probability": 0.85, "match": "True" }, "geometry": { "type": "Point", "coordinates": [ 8.794777399965596, 47.208871235013966 ] } },
{ "type": "Feature", "properties": { "timestamp": "2026-04-30T16:40:14.003Z", "latitude": 47.208931075037064, "longitude": 8.7948141783231666, "BELAGSART": 100, "surface_classification_asphalt": null, "surface_classification_compacted": null, "surface_classification_paving": null, "surface_classification_sett": null, "surface_classification_standing": null, "surface_swisstopo": "paved", "surface_sensebox": "unknown", "surface_sensebox_probability": 0.0, "match": "unknown" }, "geometry": { "type": "Point", "coordinates": [ 8.794814187011223, 47.208931085071235 ] } },
{ "type": "Feature", "properties": { "timestamp": "2026-04-30T16:40:15.003Z", "latitude": 47.208989070286563, "longitude": 8.7948529237354762, "BELAGSART": 100, "surface_classification_asphalt": null, "surface_classification_compacted": null, "surface_classification_paving": null, "surface_classification_sett": null, "surface_classification_standing": null, "surface_swisstopo": "paved", "surface_sensebox": "unknown", "surface_sensebox_probability": 0.0, "match": "unknown" }, "geometry": { "type": "Point", "coordinates": [ 8.794852932423552, 47.208989080320777 ] } },
{ "type": "Feature", "properties": { "timestamp": "2026-04-30T16:40:16.003Z", "latitude": 47.209043621130803, "longitude": 8.7948906154772359, "BELAGSART": 100, "surface_classification_asphalt": 0.15, "surface_classification_compacted": 0.63, "surface_classification_paving": 0.07, "surface_classification_sett": 0.15, "surface_classification_standing": 0.0, "surface_swisstopo": "paved", "surface_sensebox": "nature", "surface_sensebox_probability": 0.63, "match": "False" }, "geometry": { "type": "Point", "coordinates": [ 8.794890624165333, 47.209043631164981 ] } },
{ "type": "Feature", "properties": { "timestamp": "2026-04-30T16:40:17.003Z", "latitude": 47.209097667543773, "longitude": 8.7949244968795686, "BELAGSART": 100, "surface_classification_asphalt": null, "surface_classification_compacted": null, "surface_classification_paving": null, "surface_classification_sett": null, "surface_classification_standing": null, "surface_swisstopo": "paved", "surface_sensebox": "unknown", "surface_sensebox_probability": 0.0, "match": "unknown" }, "geometry": { "type": "Point", "coordinates": [ 8.794924505567684, 47.209097677578015 ] } },
{ "type": "Feature", "properties": { "timestamp": "2026-04-30T16:40:18.003Z", "latitude": 47.209151597697229, "longitude": 8.7949581144760547, "BELAGSART": 100, "surface_classification_asphalt": null, "surface_classification_compacted": null, "surface_classification_paving": null, "surface_classification_sett": null, "surface_classification_standing": null, "surface_swisstopo": "paved", "surface_sensebox": "unknown", "surface_sensebox_probability": 0.0, "match": "unknown" }, "geometry": { "type": "Point", "coordinates": [ 8.794958123164184, 47.209151607731457 ] } },
{ "type": "Feature", "properties": { "timestamp": "2026-04-30T16:40:19.003Z", "latitude": 47.20919989617331, "longitude": 8.7949936666035118, "BELAGSART": 100, "surface_classification_asphalt": 0.15, "surface_classification_compacted": 0.29, "surface_classification_paving": 0.21, "surface_classification_sett": 0.36, "surface_classification_standing": 0.0, "surface_swisstopo": "paved", "surface_sensebox": "unknown", "surface_sensebox_probability": 0.36, "match": "unknown" }, "geometry": { "type": "Point", "coordinates": [ 8.794993675291657, 47.209199906207516 ] } },
{ "type": "Feature", "properties": { "timestamp": "2026-04-30T16:40:20.003Z", "latitude": 47.209249658695967, "longitude": 8.7950234889855832, "BELAGSART": 100, "surface_classification_asphalt": null, "surface_classification_compacted": null, "surface_classification_paving": null, "surface_classification_sett": null, "surface_classification_standing": null, "surface_swisstopo": "paved", "surface_sensebox": "unknown", "surface_sensebox_probability": 0.0, "match": "unknown" }, "geometry": { "type": "Point", "coordinates": [ 8.795023497673746, 47.209249668730152 ] } },
{ "type": "Feature", "properties": { "timestamp": "2026-04-30T16:40:21.003Z", "latitude": 47.209296686066239, "longitude": 8.7950518398211663, "BELAGSART": 100, "surface_classification_asphalt": 0.22, "surface_classification_compacted": 0.18, "surface_classification_paving": 0.07, "surface_classification_sett": 0.54, "surface_classification_standing": 0.0, "surface_swisstopo": "paved", "surface_sensebox": "paved", "surface_sensebox_probability": 0.54, "match": "True" }, "geometry": { "type": "Point", "coordinates": [ 8.79505184850934, 47.209296696100488 ] } },
{ "type": "Feature", "properties": { "timestamp": "2026-04-30T16:40:22.003Z", "latitude": 47.209340478431081, "longitude": 8.7950830325268292, "BELAGSART": 100, "surface_classification_asphalt": null, "surface_classification_compacted": null, "surface_classification_paving": null, "surface_classification_sett": null, "surface_classification_standing": null, "surface_swisstopo": "paved", "surface_sensebox": "unknown", "surface_sensebox_probability": 0.0, "match": "unknown" }, "geometry": { "type": "Point", "coordinates": [ 8.795083041215019, 47.209340488465308 ] } },
{ "type": "Feature", "properties": { "timestamp": "2026-04-30T16:40:23.003Z", "latitude": 47.209382133722393, "longitude": 8.7951123712392985, "BELAGSART": 100, "surface_classification_asphalt": null, "surface_classification_compacted": null, "surface_classification_paving": null, "surface_classification_sett": null, "surface_classification_standing": null, "surface_swisstopo": "paved", "surface_sensebox": "unknown", "surface_sensebox_probability": 0.0, "match": "unknown" }, "geometry": { "type": "Point", "coordinates": [ 8.795112379927506, 47.209382143756613 ] } },
{ "type": "Feature", "properties": { "timestamp": "2026-04-30T16:40:24.003Z", "latitude": 47.209422077805826, "longitude": 8.7951378705457497, "BELAGSART": 100, "surface_classification_asphalt": 0.12, "surface_classification_compacted": 0.46, "surface_classification_paving": 0.23, "surface_classification_sett": 0.19, "surface_classification_standing": 0.0, "surface_swisstopo": "paved", "surface_sensebox": "unknown", "surface_sensebox_probability": 0.46, "match": "unknown" }, "geometry": { "type": "Point", "coordinates": [ 8.795137879233968, 47.209422087840075 ] } },
{ "type": "Feature", "properties": { "timestamp": "2026-04-30T16:40:25.003Z", "latitude": 47.209461514637738, "longitude": 8.7951619273653829, "BELAGSART": 100, "surface_classification_asphalt": null, "surface_classification_compacted": null, "surface_classification_paving": null, "surface_classification_sett": null, "surface_classification_standing": null, "surface_swisstopo": "paved", "surface_sensebox": "unknown", "surface_sensebox_probability": 0.0, "match": "unknown" }, "geometry": { "type": "Point", "coordinates": [ 8.79516193605361, 47.209461524672022 ] } },
{ "type": "Feature", "properties": { "timestamp": "2026-04-30T16:40:26.003Z", "latitude": 47.209500081119074, "longitude": 8.7951851085686901, "BELAGSART": 100, "surface_classification_asphalt": null, "surface_classification_compacted": null, "surface_classification_paving": null, "surface_classification_sett": null, "surface_classification_standing": null, "surface_swisstopo": "paved", "surface_sensebox": "unknown", "surface_sensebox_probability": 0.0, "match": "unknown" }, "geometry": { "type": "Point", "coordinates": [ 8.795185117256928, 47.20950009115338 ] } },
{ "type": "Feature", "properties": { "timestamp": "2026-04-30T16:40:27.003Z", "latitude": 47.209534604009669, "longitude": 8.7952102432032557, "BELAGSART": 100, "surface_classification_asphalt": 0.07, "surface_classification_compacted": 0.41, "surface_classification_paving": 0.11, "surface_classification_sett": 0.41, "surface_classification_standing": 0.0, "surface_swisstopo": "paved", "surface_sensebox": "unknown", "surface_sensebox_probability": 0.41, "match": "unknown" }, "geometry": { "type": "Point", "coordinates": [ 8.795210251891506, 47.209534614043939 ] } },
{ "type": "Feature", "properties": { "timestamp": "2026-04-30T16:40:28.003Z", "latitude": 47.209570971460991, "longitude": 8.7952349687250848, "BELAGSART": 100, "surface_classification_asphalt": null, "surface_classification_compacted": null, "surface_classification_paving": null, "surface_classification_sett": null, "surface_classification_standing": null, "surface_swisstopo": "paved", "surface_sensebox": "unknown", "surface_sensebox_probability": 0.0, "match": "unknown" }, "geometry": { "type": "Point", "coordinates": [ 8.795234977413346, 47.209570981495261 ] } },
{ "type": "Feature", "properties": { "timestamp": "2026-04-30T16:40:29.003Z", "latitude": 47.209601821830574, "longitude": 8.7952562752015577, "BELAGSART": 100, "surface_classification_asphalt": null, "surface_classification_compacted": null, "surface_classification_paving": null, "surface_classification_sett": null, "surface_classification_standing": null, "surface_swisstopo": "paved", "surface_sensebox": "unknown", "surface_sensebox_probability": 0.0, "match": "unknown" }, "geometry": { "type": "Point", "coordinates": [ 8.795256283889834, 47.209601831864859 ] } },
{ "type": "Feature", "properties": { "timestamp": "2026-04-30T16:40:30.003Z", "latitude": 47.209632759644201, "longitude": 8.7952747310795427, "BELAGSART": 100, "surface_classification_asphalt": 0.05, "surface_classification_compacted": 0.86, "surface_classification_paving": 0.08, "surface_classification_sett": 0.0, "surface_classification_standing": 0.0, "surface_swisstopo": "paved", "surface_sensebox": "nature", "surface_sensebox_probability": 0.86, "match": "False" }, "geometry": { "type": "Point", "coordinates": [ 8.795274739767827, 47.209632769678493 ] } },
{ "type": "Feature", "properties": { "timestamp": "2026-04-30T16:40:31.003Z", "latitude": 47.209658083355606, "longitude": 8.7952922528708957, "BELAGSART": 100, "surface_classification_asphalt": null, "surface_classification_compacted": null, "surface_classification_paving": null, "surface_classification_sett": null, "surface_classification_standing": null, "surface_swisstopo": "paved", "surface_sensebox": "unknown", "surface_sensebox_probability": 0.0, "match": "unknown" }, "geometry": { "type": "Point", "coordinates": [ 8.795292261559185, 47.209658093389876 ] } },
{ "type": "Feature", "properties": { "timestamp": "2026-04-30T16:40:32.003Z", "latitude": 47.209680871781977, "longitude": 8.7953084672795274, "BELAGSART": 100, "surface_classification_asphalt": null, "surface_classification_compacted": null, "surface_classification_paving": null, "surface_classification_sett": null, "surface_classification_standing": null, "surface_swisstopo": "paved", "surface_sensebox": "unknown", "surface_sensebox_probability": 0.0, "match": "unknown" }, "geometry": { "type": "Point", "coordinates": [ 8.795308475967824, 47.209680881816226 ] } },
{ "type": "Feature", "properties": { "timestamp": "2026-04-30T16:40:33.003Z", "latitude": 47.209696660493343, "longitude": 8.7953321549438179, "BELAGSART": 100, "surface_classification_asphalt": 0.05, "surface_classification_compacted": 0.89, "surface_classification_paving": 0.05, "surface_classification_sett": 0.01, "surface_classification_standing": 0.0, "surface_swisstopo": "paved", "surface_sensebox": "nature", "surface_sensebox_probability": 0.89, "match": "False" }, "geometry": { "type": "Point", "coordinates": [ 8.795332163632137, 47.209696670527663 ] } },
{ "type": "Feature", "properties": { "timestamp": "2026-04-30T16:40:34.003Z", "latitude": 47.209706692688947, "longitude": 8.7953547423580662, "BELAGSART": 100, "surface_classification_asphalt": null, "surface_classification_compacted": null, "surface_classification_paving": null, "surface_classification_sett": null, "surface_classification_standing": null, "surface_swisstopo": "paved", "surface_sensebox": "unknown", "surface_sensebox_probability": 0.0, "match": "unknown" }, "geometry": { "type": "Point", "coordinates": [ 8.795354751046402, 47.209706702723231 ] } },
{ "type": "Feature", "properties": { "timestamp": "2026-04-30T16:40:35.003Z", "latitude": 47.209706898748635, "longitude": 8.7953834193280258, "BELAGSART": 100, "surface_classification_asphalt": null, "surface_classification_compacted": null, "surface_classification_paving": null, "surface_classification_sett": null, "surface_classification_standing": null, "surface_swisstopo": "paved", "surface_sensebox": "unknown", "surface_sensebox_probability": 0.0, "match": "unknown" }, "geometry": { "type": "Point", "coordinates": [ 8.79538342801639, 47.20970690878292 ] } },
{ "type": "Feature", "properties": { "timestamp": "2026-04-30T16:40:36.003Z", "latitude": 47.209699397326055, "longitude": 8.7954076519724982, "BELAGSART": 100, "surface_classification_asphalt": 0.18, "surface_classification_compacted": 0.79, "surface_classification_paving": 0.02, "surface_classification_sett": 0.0, "surface_classification_standing": 0.0, "surface_swisstopo": "paved", "surface_sensebox": "nature", "surface_sensebox_probability": 0.79, "match": "False" }, "geometry": { "type": "Point", "coordinates": [ 8.79540766066089, 47.209699407360326 ] } },
{ "type": "Feature", "properties": { "timestamp": "2026-04-30T16:40:37.003Z", "latitude": 47.209674599496907, "longitude": 8.7954200715641697, "BELAGSART": 100, "surface_classification_asphalt": null, "surface_classification_compacted": null, "surface_classification_paving": null, "surface_classification_sett": null, "surface_classification_standing": null, "surface_swisstopo": "paved", "surface_sensebox": "unknown", "surface_sensebox_probability": 0.0, "match": "unknown" }, "geometry": { "type": "Point", "coordinates": [ 8.795420080252576, 47.20967460953112 ] } },
{ "type": "Feature", "properties": { "timestamp": "2026-04-30T16:40:38.003Z", "latitude": 47.209668396144451, "longitude": 8.7954110800449232, "BELAGSART": 100, "surface_classification_asphalt": null, "surface_classification_compacted": null, "surface_classification_paving": null, "surface_classification_sett": null, "surface_classification_standing": null, "surface_swisstopo": "paved", "surface_sensebox": "unknown", "surface_sensebox_probability": 0.0, "match": "unknown" }, "geometry": { "type": "Point", "coordinates": [ 8.795411088733328, 47.209668406178693 ] } },
{ "type": "Feature", "properties": { "timestamp": "2026-04-30T16:40:39.003Z", "latitude": 47.209667050474209, "longitude": 8.7954198318293102, "BELAGSART": 100, "surface_classification_asphalt": 0.09, "surface_classification_compacted": 0.43, "surface_classification_paving": 0.09, "surface_classification_sett": 0.39, "surface_classification_standing": 0.0, "surface_swisstopo": "paved", "surface_sensebox": "unknown", "surface_sensebox_probability": 0.43, "match": "unknown" }, "geometry": { "type": "Point", "coordinates": [ 8.795419840517726, 47.209667060508501 ] } },
{ "type": "Feature", "properties": { "timestamp": "2026-04-30T16:40:40.003Z", "latitude": 47.209658379324956, "longitude": 8.7954461238265065, "BELAGSART": 100, "surface_classification_asphalt": null, "surface_classification_compacted": null, "surface_classification_paving": null, "surface_classification_sett": null, "surface_classification_standing": null, "surface_swisstopo": "paved", "surface_sensebox": "unknown", "surface_sensebox_probability": 0.0, "match": "unknown" }, "geometry": { "type": "Point", "coordinates": [ 8.795446132514943, 47.209658389359241 ] } },
{ "type": "Feature", "properties": { "timestamp": "2026-04-30T16:40:41.003Z", "latitude": 47.20964890719226, "longitude": 8.7954751522269436, "BELAGSART": 100, "surface_classification_asphalt": null, "surface_classification_compacted": null, "surface_classification_paving": null, "surface_classification_sett": null, "surface_classification_standing": null, "surface_swisstopo": "paved", "surface_sensebox": "unknown", "surface_sensebox_probability": 0.0, "match": "unknown" }, "geometry": { "type": "Point", "coordinates": [ 8.795475160915414, 47.209648917226502 ] } },
{ "type": "Feature", "properties": { "timestamp": "2026-04-30T16:40:42.003Z", "latitude": 47.209636045626219, "longitude": 8.7955186256473663, "BELAGSART": 100, "surface_classification_asphalt": 0.01, "surface_classification_compacted": 0.98, "surface_classification_paving": 0.02, "surface_classification_sett": 0.0, "surface_classification_standing": 0.0, "surface_swisstopo": "paved", "surface_sensebox": "nature", "surface_sensebox_probability": 0.98, "match": "False" }, "geometry": { "type": "Point", "coordinates": [ 8.795518634335885, 47.209636055660383 ] } },
{ "type": "Feature", "properties": { "timestamp": "2026-04-30T16:40:43.003Z", "latitude": 47.209636947554522, "longitude": 8.7955964429254099, "BELAGSART": 100, "surface_classification_asphalt": null, "surface_classification_compacted": null, "surface_classification_paving": null, "surface_classification_sett": null, "surface_classification_standing": null, "surface_swisstopo": "paved", "surface_sensebox": "unknown", "surface_sensebox_probability": 0.0, "match": "unknown" }, "geometry": { "type": "Point", "coordinates": [ 8.795596451613998, 47.209636957588735 ] } },
{ "type": "Feature", "properties": { "timestamp": "2026-04-30T16:40:44.003Z", "latitude": 47.209652461731629, "longitude": 8.7956390096027359, "BELAGSART": 100, "surface_classification_asphalt": null, "surface_classification_compacted": null, "surface_classification_paving": null, "surface_classification_sett": null, "surface_classification_standing": null, "surface_swisstopo": "paved", "surface_sensebox": "unknown", "surface_sensebox_probability": 0.0, "match": "unknown" }, "geometry": { "type": "Point", "coordinates": [ 8.795639018291363, 47.209652471765814 ] } },
{ "type": "Feature", "properties": { "timestamp": "2026-04-30T16:40:45.003Z", "latitude": 47.209686673661651, "longitude": 8.7956718821395654, "BELAGSART": 100, "surface_classification_asphalt": 0.02, "surface_classification_compacted": 0.94, "surface_classification_paving": 0.03, "surface_classification_sett": 0.01, "surface_classification_standing": 0.0, "surface_swisstopo": "paved", "surface_sensebox": "nature", "surface_sensebox_probability": 0.94, "match": "False" }, "geometry": { "type": "Point", "coordinates": [ 8.795671890828217, 47.209686683695871 ] } },
{ "type": "Feature", "properties": { "timestamp": "2026-04-30T16:40:46.003Z", "latitude": 47.209728481413229, "longitude": 8.7956934619188161, "BELAGSART": 100, "surface_classification_asphalt": null, "surface_classification_compacted": null, "surface_classification_paving": null, "surface_classification_sett": null, "surface_classification_standing": null, "surface_swisstopo": "paved", "surface_sensebox": "unknown", "surface_sensebox_probability": 0.0, "match": "unknown" }, "geometry": { "type": "Point", "coordinates": [ 8.795693470607466, 47.209728491447443 ] } },
{ "type": "Feature", "properties": { "timestamp": "2026-04-30T16:40:47.003Z", "latitude": 47.209768141686531, "longitude": 8.7957118910076542, "BELAGSART": 100, "surface_classification_asphalt": 0.06, "surface_classification_compacted": 0.88, "surface_classification_paving": 0.06, "surface_classification_sett": 0.0, "surface_classification_standing": 0.0, "surface_swisstopo": "paved", "surface_sensebox": "nature", "surface_sensebox_probability": 0.88, "match": "False" }, "geometry": { "type": "Point", "coordinates": [ 8.795711899696315, 47.209768151720745 ] } },
{ "type": "Feature", "properties": { "timestamp": "2026-04-30T16:40:48.003Z", "latitude": 47.209807106467572, "longitude": 8.7957414993349694, "BELAGSART": 100, "surface_classification_asphalt": null, "surface_classification_compacted": null, "surface_classification_paving": null, "surface_classification_sett": null, "surface_classification_standing": null, "surface_swisstopo": "paved", "surface_sensebox": "unknown", "surface_sensebox_probability": 0.0, "match": "unknown" }, "geometry": { "type": "Point", "coordinates": [ 8.795741508023646, 47.209807116501814 ] } },
{ "type": "Feature", "properties": { "timestamp": "2026-04-30T16:40:49.003Z", "latitude": 47.209848012565999, "longitude": 8.7957740751914475, "BELAGSART": 100, "surface_classification_asphalt": null, "surface_classification_compacted": null, "surface_classification_paving": null, "surface_classification_sett": null, "surface_classification_standing": null, "surface_swisstopo": "paved", "surface_sensebox": "unknown", "surface_sensebox_probability": 0.0, "match": "unknown" }, "geometry": { "type": "Point", "coordinates": [ 8.795774083880147, 47.209848022600205 ] } },
{ "type": "Feature", "properties": { "timestamp": "2026-04-30T16:40:50.003Z", "latitude": 47.209890730902352, "longitude": 8.7958063157115998, "BELAGSART": 100, "surface_classification_asphalt": 0.01, "surface_classification_compacted": 0.73, "surface_classification_paving": 0.05, "surface_classification_sett": 0.21, "surface_classification_standing": 0.0, "surface_swisstopo": "paved", "surface_sensebox": "nature", "surface_sensebox_probability": 0.73, "match": "False" }, "geometry": { "type": "Point", "coordinates": [ 8.79580632440031, 47.209890740936551 ] } },
{ "type": "Feature", "properties": { "timestamp": "2026-04-30T16:40:51.003Z", "latitude": 47.209934361540213, "longitude": 8.7958376063310375, "BELAGSART": 100, "surface_classification_asphalt": null, "surface_classification_compacted": null, "surface_classification_paving": null, "surface_classification_sett": null, "surface_classification_standing": null, "surface_swisstopo": "paved", "surface_sensebox": "unknown", "surface_sensebox_probability": 0.0, "match": "unknown" }, "geometry": { "type": "Point", "coordinates": [ 8.795837615019764, 47.20993437157442 ] } },
{ "type": "Feature", "properties": { "timestamp": "2026-04-30T16:40:52.003Z", "latitude": 47.209975357387037, "longitude": 8.7958680962411844, "BELAGSART": 100, "surface_classification_asphalt": null, "surface_classification_compacted": null, "surface_classification_paving": null, "surface_classification_sett": null, "surface_classification_standing": null, "surface_swisstopo": "paved", "surface_sensebox": "unknown", "surface_sensebox_probability": 0.0, "match": "unknown" }, "geometry": { "type": "Point", "coordinates": [ 8.795868104929928, 47.209975367421229 ] } },
{ "type": "Feature", "properties": { "timestamp": "2026-04-30T16:40:53.003Z", "latitude": 47.21001599586711, "longitude": 8.7958949167467519, "BELAGSART": 100, "surface_classification_asphalt": 0.03, "surface_classification_compacted": 0.93, "surface_classification_paving": 0.02, "surface_classification_sett": 0.03, "surface_classification_standing": 0.0, "surface_swisstopo": "paved", "surface_sensebox": "nature", "surface_sensebox_probability": 0.93, "match": "False" }, "geometry": { "type": "Point", "coordinates": [ 8.79589492543551, 47.210016005901338 ] } },
{ "type": "Feature", "properties": { "timestamp": "2026-04-30T16:40:54.003Z", "latitude": 47.210061758439096, "longitude": 8.7959171779911003, "BELAGSART": 100, "surface_classification_asphalt": null, "surface_classification_compacted": null, "surface_classification_paving": null, "surface_classification_sett": null, "surface_classification_standing": null, "surface_swisstopo": "paved", "surface_sensebox": "unknown", "surface_sensebox_probability": 0.0, "match": "unknown" }, "geometry": { "type": "Point", "coordinates": [ 8.795917186679873, 47.210061768473331 ] } },
{ "type": "Feature", "properties": { "timestamp": "2026-04-30T16:40:55.003Z", "latitude": 47.210103807656786, "longitude": 8.7959443608076899, "BELAGSART": 100, "surface_classification_asphalt": null, "surface_classification_compacted": null, "surface_classification_paving": null, "surface_classification_sett": null, "surface_classification_standing": null, "surface_swisstopo": "paved", "surface_sensebox": "unknown", "surface_sensebox_probability": 0.0, "match": "unknown" }, "geometry": { "type": "Point", "coordinates": [ 8.795944369496475, 47.210103817691035 ] } },
{ "type": "Feature", "properties": { "timestamp": "2026-04-30T16:40:56.003Z", "latitude": 47.210143209807839, "longitude": 8.7959759821798489, "BELAGSART": 100, "surface_classification_asphalt": 0.05, "surface_classification_compacted": 0.16, "surface_classification_paving": 0.01, "surface_classification_sett": 0.78, "surface_classification_standing": 0.0, "surface_swisstopo": "paved", "surface_sensebox": "paved", "surface_sensebox_probability": 0.78, "match": "True" }, "geometry": { "type": "Point", "coordinates": [ 8.795975990868644, 47.210143219842095 ] } },
{ "type": "Feature", "properties": { "timestamp": "2026-04-30T16:40:57.003Z", "latitude": 47.210183700993149, "longitude": 8.7960115342031937, "BELAGSART": 100, "surface_classification_asphalt": null, "surface_classification_compacted": null, "surface_classification_paving": null, "surface_classification_sett": null, "surface_classification_standing": null, "surface_swisstopo": "paved", "surface_sensebox": "unknown", "surface_sensebox_probability": 0.0, "match": "unknown" }, "geometry": { "type": "Point", "coordinates": [ 8.796011542892009, 47.210183711027433 ] } },
{ "type": "Feature", "properties": { "timestamp": "2026-04-30T16:40:58.003Z", "latitude": 47.210222359662737, "longitude": 8.7960459676293912, "BELAGSART": 100, "surface_classification_asphalt": null, "surface_classification_compacted": null, "surface_classification_paving": null, "surface_classification_sett": null, "surface_classification_standing": null, "surface_swisstopo": "paved", "surface_sensebox": "unknown", "surface_sensebox_probability": 0.0, "match": "unknown" }, "geometry": { "type": "Point", "coordinates": [ 8.796045976318229, 47.210222369696993 ] } },
{ "type": "Feature", "properties": { "timestamp": "2026-04-30T16:40:59.003Z", "latitude": 47.210264346591877, "longitude": 8.7960774405977595, "BELAGSART": 100, "surface_classification_asphalt": 0.01, "surface_classification_compacted": 0.16, "surface_classification_paving": 0.0, "surface_classification_sett": 0.83, "surface_classification_standing": 0.0, "surface_swisstopo": "paved", "surface_sensebox": "paved", "surface_sensebox_probability": 0.83, "match": "True" }, "geometry": { "type": "Point", "coordinates": [ 8.796077449286615, 47.210264356626141 ] } },
{ "type": "Feature", "properties": { "timestamp": "2026-04-30T16:41:00.003Z", "latitude": 47.210300015104458, "longitude": 8.7961107425749461, "BELAGSART": 100, "surface_classification_asphalt": null, "surface_classification_compacted": null, "surface_classification_paving": null, "surface_classification_sett": null, "surface_classification_standing": null, "surface_swisstopo": "paved", "surface_sensebox": "unknown", "surface_sensebox_probability": 0.0, "match": "unknown" }, "geometry": { "type": "Point", "coordinates": [ 8.796110751263829, 47.210300025138757 ] } },
{ "type": "Feature", "properties": { "timestamp": "2026-04-30T16:41:01.003Z", "latitude": 47.210335450794453, "longitude": 8.7961474947806852, "BELAGSART": 100, "surface_classification_asphalt": 0.0, "surface_classification_compacted": 0.93, "surface_classification_paving": 0.0, "surface_classification_sett": 0.06, "surface_classification_standing": 0.0, "surface_swisstopo": "paved", "surface_sensebox": "nature", "surface_sensebox_probability": 0.93, "match": "False" }, "geometry": { "type": "Point", "coordinates": [ 8.796147503469587, 47.210335460828695 ] } },
{ "type": "Feature", "properties": { "timestamp": "2026-04-30T16:41:02.003Z", "latitude": 47.21037196491158, "longitude": 8.7961814268831766, "BELAGSART": 100, "surface_classification_asphalt": null, "surface_classification_compacted": null, "surface_classification_paving": null, "surface_classification_sett": null, "surface_classification_standing": null, "surface_swisstopo": "paved", "surface_sensebox": "unknown", "surface_sensebox_probability": 0.0, "match": "unknown" }, "geometry": { "type": "Point", "coordinates": [ 8.7961814355721, 47.210371974945872 ] } },
{ "type": "Feature", "properties": { "timestamp": "2026-04-30T16:41:03.004Z", "latitude": 47.210412307128827, "longitude": 8.7962181072871335, "BELAGSART": 100, "surface_classification_asphalt": null, "surface_classification_compacted": null, "surface_classification_paving": null, "surface_classification_sett": null, "surface_classification_standing": null, "surface_swisstopo": "paved", "surface_sensebox": "unknown", "surface_sensebox_probability": 0.0, "match": "unknown" }, "geometry": { "type": "Point", "coordinates": [ 8.796218115976082, 47.210412317163104 ] } },
{ "type": "Feature", "properties": { "timestamp": "2026-04-30T16:41:04.004Z", "latitude": 47.210452446464345, "longitude": 8.7962561377697455, "BELAGSART": 100, "surface_classification_asphalt": 0.22, "surface_classification_compacted": 0.61, "surface_classification_paving": 0.04, "surface_classification_sett": 0.13, "surface_classification_standing": 0.0, "surface_swisstopo": "paved", "surface_sensebox": "nature", "surface_sensebox_probability": 0.61, "match": "False" }, "geometry": { "type": "Point", "coordinates": [ 8.79625614645872, 47.210452456498636 ] } },
{ "type": "Feature", "properties": { "timestamp": "2026-04-30T16:41:05.004Z", "latitude": 47.210493414154598, "longitude": 8.7962901675713994, "BELAGSART": 100, "surface_classification_asphalt": null, "surface_classification_compacted": null, "surface_classification_paving": null, "surface_classification_sett": null, "surface_classification_standing": null, "surface_swisstopo": "paved", "surface_sensebox": "unknown", "surface_sensebox_probability": 0.0, "match": "unknown" }, "geometry": { "type": "Point", "coordinates": [ 8.796290176260388, 47.21049342418889 ] } },
{ "type": "Feature", "properties": { "timestamp": "2026-04-30T16:41:06.004Z", "latitude": 47.210537752908003, "longitude": 8.7963223650813074, "BELAGSART": 100, "surface_classification_asphalt": null, "surface_classification_compacted": null, "surface_classification_paving": null, "surface_classification_sett": null, "surface_classification_standing": null, "surface_swisstopo": "paved", "surface_sensebox": "unknown", "surface_sensebox_probability": 0.0, "match": "unknown" }, "geometry": { "type": "Point", "coordinates": [ 8.796322373770314, 47.210537762942295 ] } },
{ "type": "Feature", "properties": { "timestamp": "2026-04-30T16:41:07.004Z", "latitude": 47.210575196771522, "longitude": 8.7963632325100836, "BELAGSART": 100, "surface_classification_asphalt": 0.04, "surface_classification_compacted": 0.64, "surface_classification_paving": 0.23, "surface_classification_sett": 0.09, "surface_classification_standing": 0.0, "surface_swisstopo": "paved", "surface_sensebox": "nature", "surface_sensebox_probability": 0.64, "match": "False" }, "geometry": { "type": "Point", "coordinates": [ 8.796363241199119, 47.2105752068058 ] } },
{ "type": "Feature", "properties": { "timestamp": "2026-04-30T16:41:08.004Z", "latitude": 47.210614055626777, "longitude": 8.7964025556275196, "BELAGSART": 100, "surface_classification_asphalt": null, "surface_classification_compacted": null, "surface_classification_paving": null, "surface_classification_sett": null, "surface_classification_standing": null, "surface_swisstopo": "paved", "surface_sensebox": "unknown", "surface_sensebox_probability": 0.0, "match": "unknown" }, "geometry": { "type": "Point", "coordinates": [ 8.796402564316578, 47.210614065661069 ] } },
{ "type": "Feature", "properties": { "timestamp": "2026-04-30T16:41:09.004Z", "latitude": 47.21065433721833, "longitude": 8.7964409876483316, "BELAGSART": 100, "surface_classification_asphalt": null, "surface_classification_compacted": null, "surface_classification_paving": null, "surface_classification_sett": null, "surface_classification_standing": null, "surface_swisstopo": "paved", "surface_sensebox": "unknown", "surface_sensebox_probability": 0.0, "match": "unknown" }, "geometry": { "type": "Point", "coordinates": [ 8.796440996337413, 47.210654347252635 ] } },
{ "type": "Feature", "properties": { "timestamp": "2026-04-30T16:41:10.004Z", "latitude": 47.210695881403268, "longitude": 8.7964828334406135, "BELAGSART": 100, "surface_classification_asphalt": 0.15, "surface_classification_compacted": 0.64, "surface_classification_paving": 0.17, "surface_classification_sett": 0.05, "surface_classification_standing": 0.0, "surface_swisstopo": "paved", "surface_sensebox": "nature", "surface_sensebox_probability": 0.64, "match": "False" }, "geometry": { "type": "Point", "coordinates": [ 8.796482842129723, 47.210695891437581 ] } },
{ "type": "Feature", "properties": { "timestamp": "2026-04-30T16:41:11.004Z", "latitude": 47.210737936352331, "longitude": 8.79651808604976, "BELAGSART": 100, "surface_classification_asphalt": null, "surface_classification_compacted": null, "surface_classification_paving": null, "surface_classification_sett": null, "surface_classification_standing": null, "surface_swisstopo": "paved", "surface_sensebox": "unknown", "surface_sensebox_probability": 0.0, "match": "unknown" }, "geometry": { "type": "Point", "coordinates": [ 8.796518094738893, 47.210737946386608 ] } },
{ "type": "Feature", "properties": { "timestamp": "2026-04-30T16:41:12.004Z", "latitude": 47.210779576365283, "longitude": 8.7965533341725131, "BELAGSART": 100, "surface_classification_asphalt": null, "surface_classification_compacted": null, "surface_classification_paving": null, "surface_classification_sett": null, "surface_classification_standing": null, "surface_swisstopo": "paved", "surface_sensebox": "unknown", "surface_sensebox_probability": 0.0, "match": "unknown" }, "geometry": { "type": "Point", "coordinates": [ 8.796553342861662, 47.210779586399568 ] } },
{ "type": "Feature", "properties": { "timestamp": "2026-04-30T16:41:13.004Z", "latitude": 47.210821411580355, "longitude": 8.7965911436054665, "BELAGSART": 100, "surface_classification_asphalt": 0.11, "surface_classification_compacted": 0.72, "surface_classification_paving": 0.07, "surface_classification_sett": 0.1, "surface_classification_standing": 0.0, "surface_swisstopo": "paved", "surface_sensebox": "nature", "surface_sensebox_probability": 0.72, "match": "False" }, "geometry": { "type": "Point", "coordinates": [ 8.796591152294644, 47.210821421614668 ] } },
{ "type": "Feature", "properties": { "timestamp": "2026-04-30T16:41:14.004Z", "latitude": 47.210863344507437, "longitude": 8.7966288941541144, "BELAGSART": 100, "surface_classification_asphalt": null, "surface_classification_compacted": null, "surface_classification_paving": null, "surface_classification_sett": null, "surface_classification_standing": null, "surface_swisstopo": "paved", "surface_sensebox": "unknown", "surface_sensebox_probability": 0.0, "match": "unknown" }, "geometry": { "type": "Point", "coordinates": [ 8.796628902843311, 47.210863354541758 ] } },
{ "type": "Feature", "properties": { "timestamp": "2026-04-30T16:41:15.004Z", "latitude": 47.210904771806909, "longitude": 8.7966631780452769, "BELAGSART": 100, "surface_classification_asphalt": null, "surface_classification_compacted": null, "surface_classification_paving": null, "surface_classification_sett": null, "surface_classification_standing": null, "surface_swisstopo": "paved", "surface_sensebox": "unknown", "surface_sensebox_probability": 0.0, "match": "unknown" }, "geometry": { "type": "Point", "coordinates": [ 8.796663186734495, 47.210904781841236 ] } },
{ "type": "Feature", "properties": { "timestamp": "2026-04-30T16:41:16.004Z", "latitude": 47.210947378811476, "longitude": 8.7967053211523822, "BELAGSART": 100, "surface_classification_asphalt": 0.11, "surface_classification_compacted": 0.64, "surface_classification_paving": 0.23, "surface_classification_sett": 0.01, "surface_classification_standing": 0.0, "surface_swisstopo": "paved", "surface_sensebox": "nature", "surface_sensebox_probability": 0.64, "match": "False" }, "geometry": { "type": "Point", "coordinates": [ 8.796705329841625, 47.210947388845796 ] } },
{ "type": "Feature", "properties": { "timestamp": "2026-04-30T16:41:17.004Z", "latitude": 47.210990710038182, "longitude": 8.7967430993783147, "BELAGSART": 100, "surface_classification_asphalt": null, "surface_classification_compacted": null, "surface_classification_paving": null, "surface_classification_sett": null, "surface_classification_standing": null, "surface_swisstopo": "paved", "surface_sensebox": "unknown", "surface_sensebox_probability": 0.0, "match": "unknown" }, "geometry": { "type": "Point", "coordinates": [ 8.796743108067586, 47.21099072007253 ] } },
{ "type": "Feature", "properties": { "timestamp": "2026-04-30T16:41:18.004Z", "latitude": 47.211031885982621, "longitude": 8.7967851302848139, "BELAGSART": 100, "surface_classification_asphalt": 0.05, "surface_classification_compacted": 0.79, "surface_classification_paving": 0.13, "surface_classification_sett": 0.02, "surface_classification_standing": 0.0, "surface_swisstopo": "paved", "surface_sensebox": "nature", "surface_sensebox_probability": 0.79, "match": "False" }, "geometry": { "type": "Point", "coordinates": [ 8.796785138974112, 47.21103189601692 ] } },
{ "type": "Feature", "properties": { "timestamp": "2026-04-30T16:41:19.004Z", "latitude": 47.2110754236285, "longitude": 8.7968234676750008, "BELAGSART": 100, "surface_classification_asphalt": null, "surface_classification_compacted": null, "surface_classification_paving": null, "surface_classification_sett": null, "surface_classification_standing": null, "surface_swisstopo": "paved", "surface_sensebox": "unknown", "surface_sensebox_probability": 0.0, "match": "unknown" }, "geometry": { "type": "Point", "coordinates": [ 8.796823476364324, 47.211075433662842 ] } },
{ "type": "Feature", "properties": { "timestamp": "2026-04-30T16:41:20.004Z", "latitude": 47.211115354066308, "longitude": 8.7968641770306544, "BELAGSART": 100, "surface_classification_asphalt": null, "surface_classification_compacted": null, "surface_classification_paving": null, "surface_classification_sett": null, "surface_classification_standing": null, "surface_swisstopo": "paved", "surface_sensebox": "unknown", "surface_sensebox_probability": 0.0, "match": "unknown" }, "geometry": { "type": "Point", "coordinates": [ 8.796864185719995, 47.21111536410065 ] } },
{ "type": "Feature", "properties": { "timestamp": "2026-04-30T16:41:21.004Z", "latitude": 47.211155983768975, "longitude": 8.7969073968356408, "BELAGSART": 100, "surface_classification_asphalt": 0.2, "surface_classification_compacted": 0.44, "surface_classification_paving": 0.31, "surface_classification_sett": 0.05, "surface_classification_standing": 0.0, "surface_swisstopo": "paved", "surface_sensebox": "unknown", "surface_sensebox_probability": 0.44, "match": "unknown" }, "geometry": { "type": "Point", "coordinates": [ 8.796907405525019, 47.211155993803331 ] } },
{ "type": "Feature", "properties": { "timestamp": "2026-04-30T16:41:22.004Z", "latitude": 47.211197537024496, "longitude": 8.7969468548121075, "BELAGSART": 100, "surface_classification_asphalt": null, "surface_classification_compacted": null, "surface_classification_paving": null, "surface_classification_sett": null, "surface_classification_standing": null, "surface_swisstopo": "paved", "surface_sensebox": "unknown", "surface_sensebox_probability": 0.0, "match": "unknown" }, "geometry": { "type": "Point", "coordinates": [ 8.796946863501505, 47.211197547058873 ] } },
{ "type": "Feature", "properties": { "timestamp": "2026-04-30T16:41:23.004Z", "latitude": 47.211238872364845, "longitude": 8.7969821496522993, "BELAGSART": 100, "surface_classification_asphalt": null, "surface_classification_compacted": null, "surface_classification_paving": null, "surface_classification_sett": null, "surface_classification_standing": null, "surface_swisstopo": "paved", "surface_sensebox": "unknown", "surface_sensebox_probability": 0.0, "match": "unknown" }, "geometry": { "type": "Point", "coordinates": [ 8.79698215834172, 47.211238882399186 ] } },
{ "type": "Feature", "properties": { "timestamp": "2026-04-30T16:41:24.004Z", "latitude": 47.211280134310279, "longitude": 8.7970194149763952, "BELAGSART": 100, "surface_classification_asphalt": 0.06, "surface_classification_compacted": 0.66, "surface_classification_paving": 0.09, "surface_classification_sett": 0.2, "surface_classification_standing": 0.0, "surface_swisstopo": "paved", "surface_sensebox": "nature", "surface_sensebox_probability": 0.66, "match": "False" }, "geometry": { "type": "Point", "coordinates": [ 8.797019423665835, 47.211280144344634 ] } },
{ "type": "Feature", "properties": { "timestamp": "2026-04-30T16:41:25.004Z", "latitude": 47.211320563162609, "longitude": 8.7970550639908147, "BELAGSART": 100, "surface_classification_asphalt": null, "surface_classification_compacted": null, "surface_classification_paving": null, "surface_classification_sett": null, "surface_classification_standing": null, "surface_swisstopo": "paved", "surface_sensebox": "unknown", "surface_sensebox_probability": 0.0, "match": "unknown" }, "geometry": { "type": "Point", "coordinates": [ 8.79705507268028, 47.211320573197007 ] } },
{ "type": "Feature", "properties": { "timestamp": "2026-04-30T16:41:26.004Z", "latitude": 47.211362916711145, "longitude": 8.7970936511216689, "BELAGSART": 100, "surface_classification_asphalt": null, "surface_classification_compacted": null, "surface_classification_paving": null, "surface_classification_sett": null, "surface_classification_standing": null, "surface_swisstopo": "paved", "surface_sensebox": "unknown", "surface_sensebox_probability": 0.0, "match": "unknown" }, "geometry": { "type": "Point", "coordinates": [ 8.797093659811159, 47.211362926745522 ] } },
{ "type": "Feature", "properties": { "timestamp": "2026-04-30T16:41:27.004Z", "latitude": 47.211403825882762, "longitude": 8.7971301104152477, "BELAGSART": 100, "surface_classification_asphalt": 0.02, "surface_classification_compacted": 0.86, "surface_classification_paving": 0.08, "surface_classification_sett": 0.04, "surface_classification_standing": 0.0, "surface_swisstopo": "paved", "surface_sensebox": "nature", "surface_sensebox_probability": 0.86, "match": "False" }, "geometry": { "type": "Point", "coordinates": [ 8.797130119104756, 47.211403835917089 ] } },
{ "type": "Feature", "properties": { "timestamp": "2026-04-30T16:41:28.004Z", "latitude": 47.211441199480532, "longitude": 8.7971635370518708, "BELAGSART": 100, "surface_classification_asphalt": null, "surface_classification_compacted": null, "surface_classification_paving": null, "surface_classification_sett": null, "surface_classification_standing": null, "surface_swisstopo": "paved", "surface_sensebox": "unknown", "surface_sensebox_probability": 0.0, "match": "unknown" }, "geometry": { "type": "Point", "coordinates": [ 8.7971635457414, 47.211441209514902 ] } },
{ "type": "Feature", "properties": { "timestamp": "2026-04-30T16:41:29.004Z", "latitude": 47.211468696942362, "longitude": 8.7971989822350167, "BELAGSART": 100, "surface_classification_asphalt": null, "surface_classification_compacted": null, "surface_classification_paving": null, "surface_classification_sett": null, "surface_classification_standing": null, "surface_swisstopo": "paved", "surface_sensebox": "unknown", "surface_sensebox_probability": 0.0, "match": "unknown" }, "geometry": { "type": "Point", "coordinates": [ 8.797198990924576, 47.211468706976724 ] } },
{ "type": "Feature", "properties": { "timestamp": "2026-04-30T16:41:30.004Z", "latitude": 47.211484657626521, "longitude": 8.7972444616013927, "BELAGSART": 100, "surface_classification_asphalt": 0.19, "surface_classification_compacted": 0.71, "surface_classification_paving": 0.09, "surface_classification_sett": 0.0, "surface_classification_standing": 0.0, "surface_swisstopo": "paved", "surface_sensebox": "nature", "surface_sensebox_probability": 0.71, "match": "False" }, "geometry": { "type": "Point", "coordinates": [ 8.797244470290988, 47.211484667660883 ] } },
{ "type": "Feature", "properties": { "timestamp": "2026-04-30T16:41:31.004Z", "latitude": 47.211492452107478, "longitude": 8.797295546268872, "BELAGSART": 100, "surface_classification_asphalt": null, "surface_classification_compacted": null, "surface_classification_paving": null, "surface_classification_sett": null, "surface_classification_standing": null, "surface_swisstopo": "paved", "surface_sensebox": "unknown", "surface_sensebox_probability": 0.0, "match": "unknown" }, "geometry": { "type": "Point", "coordinates": [ 8.797295554958511, 47.211492462141827 ] } },
{ "type": "Feature", "properties": { "timestamp": "2026-04-30T16:41:32.004Z", "latitude": 47.211479453153295, "longitude": 8.7973530340951296, "BELAGSART": 100, "surface_classification_asphalt": 0.04, "surface_classification_compacted": 0.87, "surface_classification_paving": 0.09, "surface_classification_sett": 0.0, "surface_classification_standing": 0.0, "surface_swisstopo": "paved", "surface_sensebox": "nature", "surface_sensebox_probability": 0.87, "match": "False" }, "geometry": { "type": "Point", "coordinates": [ 8.797353042784829, 47.211479463187615 ] } },
{ "type": "Feature", "properties": { "timestamp": "2026-04-30T16:41:33.004Z", "latitude": 47.211461588026509, "longitude": 8.797408027615738, "BELAGSART": 100, "surface_classification_asphalt": null, "surface_classification_compacted": null, "surface_classification_paving": null, "surface_classification_sett": null, "surface_classification_standing": null, "surface_swisstopo": "paved", "surface_sensebox": "unknown", "surface_sensebox_probability": 0.0, "match": "unknown" }, "geometry": { "type": "Point", "coordinates": [ 8.797408036305498, 47.211461598060822 ] } },
{ "type": "Feature", "properties": { "timestamp": "2026-04-30T16:41:34.004Z", "latitude": 47.211442043756968, "longitude": 8.7974520492867327, "BELAGSART": 100, "surface_classification_asphalt": null, "surface_classification_compacted": null, "surface_classification_paving": null, "surface_classification_sett": null, "surface_classification_standing": null, "surface_swisstopo": "paved", "surface_sensebox": "unknown", "surface_sensebox_probability": 0.0, "match": "unknown" }, "geometry": { "type": "Point", "coordinates": [ 8.797452057976541, 47.211442053791245 ] } },
{ "type": "Feature", "properties": { "timestamp": "2026-04-30T16:41:35.004Z", "latitude": 47.211429394722529, "longitude": 8.7975017257266916, "BELAGSART": 100, "surface_classification_asphalt": 0.35, "surface_classification_compacted": 0.39, "surface_classification_paving": 0.2, "surface_classification_sett": 0.06, "surface_classification_standing": 0.0, "surface_swisstopo": "paved", "surface_sensebox": "unknown", "surface_sensebox_probability": 0.39, "match": "unknown" }, "geometry": { "type": "Point", "coordinates": [ 8.797501734416549, 47.211429404756743 ] } },
{ "type": "Feature", "properties": { "timestamp": "2026-04-30T16:41:36.004Z", "latitude": 47.211426627307155, "longitude": 8.7975527314788717, "BELAGSART": 100, "surface_classification_asphalt": null, "surface_classification_compacted": null, "surface_classification_paving": null, "surface_classification_sett": null, "surface_classification_standing": null, "surface_swisstopo": "paved", "surface_sensebox": "unknown", "surface_sensebox_probability": 0.0, "match": "unknown" }, "geometry": { "type": "Point", "coordinates": [ 8.797552740168781, 47.211426637341404 ] } },
{ "type": "Feature", "properties": { "timestamp": "2026-04-30T16:41:37.004Z", "latitude": 47.211434624254245, "longitude": 8.7976089185768078, "BELAGSART": 100, "surface_classification_asphalt": null, "surface_classification_compacted": null, "surface_classification_paving": null, "surface_classification_sett": null, "surface_classification_standing": null, "surface_swisstopo": "paved", "surface_sensebox": "unknown", "surface_sensebox_probability": 0.0, "match": "unknown" }, "geometry": { "type": "Point", "coordinates": [ 8.79760892726677, 47.211434634288445 ] } },
{ "type": "Feature", "properties": { "timestamp": "2026-04-30T16:41:38.004Z", "latitude": 47.211450576627684, "longitude": 8.7976593600630686, "BELAGSART": 100, "surface_classification_asphalt": 0.0, "surface_classification_compacted": 0.0, "surface_classification_paving": 0.0, "surface_classification_sett": 1.0, "surface_classification_standing": 0.0, "surface_swisstopo": "paved", "surface_sensebox": "paved", "surface_sensebox_probability": 1.0, "match": "True" }, "geometry": { "type": "Point", "coordinates": [ 8.79765936875307, 47.211450586661861 ] } },
{ "type": "Feature", "properties": { "timestamp": "2026-04-30T16:41:39.004Z", "latitude": 47.211480555483817, "longitude": 8.7977016333745812, "BELAGSART": 100, "surface_classification_asphalt": null, "surface_classification_compacted": null, "surface_classification_paving": null, "surface_classification_sett": null, "surface_classification_standing": null, "surface_swisstopo": "paved", "surface_sensebox": "unknown", "surface_sensebox_probability": 0.0, "match": "unknown" }, "geometry": { "type": "Point", "coordinates": [ 8.797701642064615, 47.211480565518016 ] } },
{ "type": "Feature", "properties": { "timestamp": "2026-04-30T16:41:40.004Z", "latitude": 47.211516165333471, "longitude": 8.7977272373387532, "BELAGSART": 100, "surface_classification_asphalt": null, "surface_classification_compacted": null, "surface_classification_paving": null, "surface_classification_sett": null, "surface_classification_standing": null, "surface_swisstopo": "paved", "surface_sensebox": "unknown", "surface_sensebox_probability": 0.0, "match": "unknown" }, "geometry": { "type": "Point", "coordinates": [ 8.797727246028805, 47.211516175367713 ] } },
{ "type": "Feature", "properties": { "timestamp": "2026-04-30T16:41:41.004Z", "latitude": 47.211550477905931, "longitude": 8.7977574196855368, "BELAGSART": 100, "surface_classification_asphalt": 0.02, "surface_classification_compacted": 0.93, "surface_classification_paving": 0.05, "surface_classification_sett": 0.0, "surface_classification_standing": 0.0, "surface_swisstopo": "paved", "surface_sensebox": "nature", "surface_sensebox_probability": 0.93, "match": "False" }, "geometry": { "type": "Point", "coordinates": [ 8.797757428375599, 47.211550487940187 ] } },
{ "type": "Feature", "properties": { "timestamp": "2026-04-30T16:41:42.004Z", "latitude": 47.211587560358275, "longitude": 8.7977842871980343, "BELAGSART": 100, "surface_classification_asphalt": null, "surface_classification_compacted": null, "surface_classification_paving": null, "surface_classification_sett": null, "surface_classification_standing": null, "surface_swisstopo": "paved", "surface_sensebox": "unknown", "surface_sensebox_probability": 0.0, "match": "unknown" }, "geometry": { "type": "Point", "coordinates": [ 8.797784295888112, 47.211587570392481 ] } },
{ "type": "Feature", "properties": { "timestamp": "2026-04-30T16:41:43.004Z", "latitude": 47.211619353940797, "longitude": 8.797817151747843, "BELAGSART": 100, "surface_classification_asphalt": null, "surface_classification_compacted": null, "surface_classification_paving": null, "surface_classification_sett": null, "surface_classification_standing": null, "surface_swisstopo": "paved", "surface_sensebox": "unknown", "surface_sensebox_probability": 0.0, "match": "unknown" }, "geometry": { "type": "Point", "coordinates": [ 8.797817160437944, 47.211619363974989 ] } },
{ "type": "Feature", "properties": { "timestamp": "2026-04-30T16:41:44.004Z", "latitude": 47.211646300455719, "longitude": 8.7978442692988779, "BELAGSART": 100, "surface_classification_asphalt": 0.05, "surface_classification_compacted": 0.92, "surface_classification_paving": 0.01, "surface_classification_sett": 0.02, "surface_classification_standing": 0.0, "surface_swisstopo": "paved", "surface_sensebox": "nature", "surface_sensebox_probability": 0.92, "match": "False" }, "geometry": { "type": "Point", "coordinates": [ 8.797844277989, 47.211646310489975 ] } },
{ "type": "Feature", "properties": { "timestamp": "2026-04-30T16:41:45.004Z", "latitude": 47.211679805564678, "longitude": 8.7978678506401096, "BELAGSART": 100, "surface_classification_asphalt": null, "surface_classification_compacted": null, "surface_classification_paving": null, "surface_classification_sett": null, "surface_classification_standing": null, "surface_swisstopo": "paved", "surface_sensebox": "unknown", "surface_sensebox_probability": 0.0, "match": "unknown" }, "geometry": { "type": "Point", "coordinates": [ 8.797867859330239, 47.211679815598941 ] } },
{ "type": "Feature", "properties": { "timestamp": "2026-04-30T16:41:46.004Z", "latitude": 47.21171701548144, "longitude": 8.7978996959749658, "BELAGSART": 100, "surface_classification_asphalt": 0.04, "surface_classification_compacted": 0.51, "surface_classification_paving": 0.21, "surface_classification_sett": 0.23, "surface_classification_standing": 0.0, "surface_swisstopo": "paved", "surface_sensebox": "nature", "surface_sensebox_probability": 0.51, "match": "False" }, "geometry": { "type": "Point", "coordinates": [ 8.797899704665115, 47.21171702551564 ] } },
{ "type": "Feature", "properties": { "timestamp": "2026-04-30T16:41:47.004Z", "latitude": 47.211750305903664, "longitude": 8.7979421227578207, "BELAGSART": 100, "surface_classification_asphalt": null, "surface_classification_compacted": null, "surface_classification_paving": null, "surface_classification_sett": null, "surface_classification_standing": null, "surface_swisstopo": "paved", "surface_sensebox": "unknown", "surface_sensebox_probability": 0.0, "match": "unknown" }, "geometry": { "type": "Point", "coordinates": [ 8.797942131448, 47.211750315937891 ] } },
{ "type": "Feature", "properties": { "timestamp": "2026-04-30T16:41:48.004Z", "latitude": 47.211785405791822, "longitude": 8.7979739351552979, "BELAGSART": 100, "surface_classification_asphalt": null, "surface_classification_compacted": null, "surface_classification_paving": null, "surface_classification_sett": null, "surface_classification_standing": null, "surface_swisstopo": "paved", "surface_sensebox": "unknown", "surface_sensebox_probability": 0.0, "match": "unknown" }, "geometry": { "type": "Point", "coordinates": [ 8.797973943845495, 47.211785415826014 ] } },
{ "type": "Feature", "properties": { "timestamp": "2026-04-30T16:41:49.004Z", "latitude": 47.211826722895729, "longitude": 8.798002536834586, "BELAGSART": 100, "surface_classification_asphalt": 0.08, "surface_classification_compacted": 0.21, "surface_classification_paving": 0.21, "surface_classification_sett": 0.51, "surface_classification_standing": 0.0, "surface_swisstopo": "paved", "surface_sensebox": "paved", "surface_sensebox_probability": 0.51, "match": "True" }, "geometry": { "type": "Point", "coordinates": [ 8.798002545524801, 47.211826732929971 ] } },
{ "type": "Feature", "properties": { "timestamp": "2026-04-30T16:41:50.004Z", "latitude": 47.211860957958883, "longitude": 8.798043628345722, "BELAGSART": 100, "surface_classification_asphalt": null, "surface_classification_compacted": null, "surface_classification_paving": null, "surface_classification_sett": null, "surface_classification_standing": null, "surface_swisstopo": "paved", "surface_sensebox": "unknown", "surface_sensebox_probability": 0.0, "match": "unknown" }, "geometry": { "type": "Point", "coordinates": [ 8.798043637035967, 47.211860967993083 ] } },
{ "type": "Feature", "properties": { "timestamp": "2026-04-30T16:41:51.004Z", "latitude": 47.21189603537875, "longitude": 8.7980768787188186, "BELAGSART": 100, "surface_classification_asphalt": null, "surface_classification_compacted": null, "surface_classification_paving": null, "surface_classification_sett": null, "surface_classification_standing": null, "surface_swisstopo": "paved", "surface_sensebox": "unknown", "surface_sensebox_probability": 0.0, "match": "unknown" }, "geometry": { "type": "Point", "coordinates": [ 8.798076887409081, 47.211896045412978 ] } },
{ "type": "Feature", "properties": { "timestamp": "2026-04-30T16:41:52.004Z", "latitude": 47.211931131342091, "longitude": 8.7981111612607954, "BELAGSART": 100, "surface_classification_asphalt": 0.1, "surface_classification_compacted": 0.73, "surface_classification_paving": 0.1, "surface_classification_sett": 0.07, "surface_classification_standing": 0.0, "surface_swisstopo": "paved", "surface_sensebox": "nature", "surface_sensebox_probability": 0.73, "match": "False" }, "geometry": { "type": "Point", "coordinates": [ 8.798111169951085, 47.211931141376333 ] } },
{ "type": "Feature", "properties": { "timestamp": "2026-04-30T16:41:53.004Z", "latitude": 47.211966803241253, "longitude": 8.7981478835053242, "BELAGSART": 100, "surface_classification_asphalt": null, "surface_classification_compacted": null, "surface_classification_paving": null, "surface_classification_sett": null, "surface_classification_standing": null, "surface_swisstopo": "paved", "surface_sensebox": "unknown", "surface_sensebox_probability": 0.0, "match": "unknown" }, "geometry": { "type": "Point", "coordinates": [ 8.79814789219563, 47.211966813275495 ] } },
{ "type": "Feature", "properties": { "timestamp": "2026-04-30T16:41:54.004Z", "latitude": 47.212000292702008, "longitude": 8.7981699574623917, "BELAGSART": 100, "surface_classification_asphalt": null, "surface_classification_compacted": null, "surface_classification_paving": null, "surface_classification_sett": null, "surface_classification_standing": null, "surface_swisstopo": "paved", "surface_sensebox": "unknown", "surface_sensebox_probability": 0.0, "match": "unknown" }, "geometry": { "type": "Point", "coordinates": [ 8.798169966152717, 47.212000302736215 ] } },
{ "type": "Feature", "properties": { "timestamp": "2026-04-30T16:41:55.004Z", "latitude": 47.21203351779041, "longitude": 8.7982087003440377, "BELAGSART": 100, "surface_classification_asphalt": 0.08, "surface_classification_compacted": 0.66, "surface_classification_paving": 0.08, "surface_classification_sett": 0.18, "surface_classification_standing": 0.0, "surface_swisstopo": "paved", "surface_sensebox": "nature", "surface_sensebox_probability": 0.66, "match": "False" }, "geometry": { "type": "Point", "coordinates": [ 8.798208709034386, 47.212033527824673 ] } },
{ "type": "Feature", "properties": { "timestamp": "2026-04-30T16:41:56.004Z", "latitude": 47.212073229595333, "longitude": 8.7982452341606106, "BELAGSART": 100, "surface_classification_asphalt": null, "surface_classification_compacted": null, "surface_classification_paving": null, "surface_classification_sett": null, "surface_classification_standing": null, "surface_swisstopo": "paved", "surface_sensebox": "unknown", "surface_sensebox_probability": 0.0, "match": "unknown" }, "geometry": { "type": "Point", "coordinates": [ 8.798245242850978, 47.212073239629554 ] } },
{ "type": "Feature", "properties": { "timestamp": "2026-04-30T16:41:57.004Z", "latitude": 47.212111750810372, "longitude": 8.7982768500255819, "BELAGSART": 100, "surface_classification_asphalt": null, "surface_classification_compacted": null, "surface_classification_paving": null, "surface_classification_sett": null, "surface_classification_standing": null, "surface_swisstopo": "paved", "surface_sensebox": "unknown", "surface_sensebox_probability": 0.0, "match": "unknown" }, "geometry": { "type": "Point", "coordinates": [ 8.798276858715973, 47.2121117608446 ] } },
{ "type": "Feature", "properties": { "timestamp": "2026-04-30T16:41:58.004Z", "latitude": 47.212149400146266, "longitude": 8.7983073340212883, "BELAGSART": 100, "surface_classification_asphalt": 0.04, "surface_classification_compacted": 0.91, "surface_classification_paving": 0.03, "surface_classification_sett": 0.03, "surface_classification_standing": 0.0, "surface_swisstopo": "paved", "surface_sensebox": "nature", "surface_sensebox_probability": 0.91, "match": "False" }, "geometry": { "type": "Point", "coordinates": [ 8.798307342711697, 47.212149410180544 ] } },
{ "type": "Feature", "properties": { "timestamp": "2026-04-30T16:41:59.004Z", "latitude": 47.212183922388583, "longitude": 8.7983407400856812, "BELAGSART": 100, "surface_classification_asphalt": null, "surface_classification_compacted": null, "surface_classification_paving": null, "surface_classification_sett": null, "surface_classification_standing": null, "surface_swisstopo": "paved", "surface_sensebox": "unknown", "surface_sensebox_probability": 0.0, "match": "unknown" }, "geometry": { "type": "Point", "coordinates": [ 8.798340748776111, 47.212183932422818 ] } },
{ "type": "Feature", "properties": { "timestamp": "2026-04-30T16:42:00.004Z", "latitude": 47.212219055383429, "longitude": 8.7983785833993089, "BELAGSART": 100, "surface_classification_asphalt": 0.12, "surface_classification_compacted": 0.77, "surface_classification_paving": 0.08, "surface_classification_sett": 0.04, "surface_classification_standing": 0.0, "surface_swisstopo": "paved", "surface_sensebox": "nature", "surface_sensebox_probability": 0.77, "match": "False" }, "geometry": { "type": "Point", "coordinates": [ 8.798378592089762, 47.212219065417713 ] } },
{ "type": "Feature", "properties": { "timestamp": "2026-04-30T16:42:01.004Z", "latitude": 47.212259133910706, "longitude": 8.7984080077773417, "BELAGSART": 100, "surface_classification_asphalt": null, "surface_classification_compacted": null, "surface_classification_paving": null, "surface_classification_sett": null, "surface_classification_standing": null, "surface_swisstopo": "paved", "surface_sensebox": "unknown", "surface_sensebox_probability": 0.0, "match": "unknown" }, "geometry": { "type": "Point", "coordinates": [ 8.798408016467807, 47.212259143944962 ] } },
{ "type": "Feature", "properties": { "timestamp": "2026-04-30T16:42:02.004Z", "latitude": 47.212296417639969, "longitude": 8.7984431331888722, "BELAGSART": 100, "surface_classification_asphalt": null, "surface_classification_compacted": null, "surface_classification_paving": null, "surface_classification_sett": null, "surface_classification_standing": null, "surface_swisstopo": "paved", "surface_sensebox": "unknown", "surface_sensebox_probability": 0.0, "match": "unknown" }, "geometry": { "type": "Point", "coordinates": [ 8.798443141879362, 47.212296427674211 ] } },
{ "type": "Feature", "properties": { "timestamp": "2026-04-30T16:42:03.004Z", "latitude": 47.212335665651288, "longitude": 8.7984707516352501, "BELAGSART": 100, "surface_classification_asphalt": 0.03, "surface_classification_compacted": 0.39, "surface_classification_paving": 0.04, "surface_classification_sett": 0.55, "surface_classification_standing": 0.0, "surface_swisstopo": "paved", "surface_sensebox": "paved", "surface_sensebox_probability": 0.55, "match": "True" }, "geometry": { "type": "Point", "coordinates": [ 8.798470760325754, 47.212335675685566 ] } },
{ "type": "Feature", "properties": { "timestamp": "2026-04-30T16:42:04.004Z", "latitude": 47.212376448213583, "longitude": 8.7984973325255389, "BELAGSART": 100, "surface_classification_asphalt": null, "surface_classification_compacted": null, "surface_classification_paving": null, "surface_classification_sett": null, "surface_classification_standing": null, "surface_swisstopo": "paved", "surface_sensebox": "unknown", "surface_sensebox_probability": 0.0, "match": "unknown" }, "geometry": { "type": "Point", "coordinates": [ 8.798497341216057, 47.212376458247846 ] } },
{ "type": "Feature", "properties": { "timestamp": "2026-04-30T16:42:05.004Z", "latitude": 47.212412530888216, "longitude": 8.7985360386993765, "BELAGSART": 100, "surface_classification_asphalt": null, "surface_classification_compacted": null, "surface_classification_paving": null, "surface_classification_sett": null, "surface_classification_standing": null, "surface_swisstopo": "paved", "surface_sensebox": "unknown", "surface_sensebox_probability": 0.0, "match": "unknown" }, "geometry": { "type": "Point", "coordinates": [ 8.798536047389922, 47.212412540922472 ] } },
{ "type": "Feature", "properties": { "timestamp": "2026-04-30T16:42:06.004Z", "latitude": 47.212445541021694, "longitude": 8.7985708311290676, "BELAGSART": 100, "surface_classification_asphalt": 0.1, "surface_classification_compacted": 0.02, "surface_classification_paving": 0.2, "surface_classification_sett": 0.68, "surface_classification_standing": 0.0, "surface_swisstopo": "paved", "surface_sensebox": "paved", "surface_sensebox_probability": 0.68, "match": "True" }, "geometry": { "type": "Point", "coordinates": [ 8.798570839819634, 47.212445551056035 ] } },
{ "type": "Feature", "properties": { "timestamp": "2026-04-30T16:42:07.004Z", "latitude": 47.212482118691533, "longitude": 8.7986144183790245, "BELAGSART": 100, "surface_classification_asphalt": null, "surface_classification_compacted": null, "surface_classification_paving": null, "surface_classification_sett": null, "surface_classification_standing": null, "surface_swisstopo": "paved", "surface_sensebox": "unknown", "surface_sensebox_probability": 0.0, "match": "unknown" }, "geometry": { "type": "Point", "coordinates": [ 8.798614427069619, 47.212482128725767 ] } },
{ "type": "Feature", "properties": { "timestamp": "2026-04-30T16:42:08.004Z", "latitude": 47.212516017202148, "longitude": 8.7986521227862511, "BELAGSART": 100, "surface_classification_asphalt": null, "surface_classification_compacted": null, "surface_classification_paving": null, "surface_classification_sett": null, "surface_classification_standing": null, "surface_swisstopo": "paved", "surface_sensebox": "unknown", "surface_sensebox_probability": 0.0, "match": "unknown" }, "geometry": { "type": "Point", "coordinates": [ 8.798652131476873, 47.212516027236404 ] } },
{ "type": "Feature", "properties": { "timestamp": "2026-04-30T16:42:09.004Z", "latitude": 47.212547655194477, "longitude": 8.7986853401133196, "BELAGSART": 100, "surface_classification_asphalt": 0.05, "surface_classification_compacted": 0.46, "surface_classification_paving": 0.04, "surface_classification_sett": 0.46, "surface_classification_standing": 0.0, "surface_swisstopo": "paved", "surface_sensebox": "unknown", "surface_sensebox_probability": 0.46, "match": "unknown" }, "geometry": { "type": "Point", "coordinates": [ 8.798685348803964, 47.212547665228797 ] } },
{ "type": "Feature", "properties": { "timestamp": "2026-04-30T16:42:10.004Z", "latitude": 47.212580566910823, "longitude": 8.798714896915687, "BELAGSART": 100, "surface_classification_asphalt": null, "surface_classification_compacted": null, "surface_classification_paving": null, "surface_classification_sett": null, "surface_classification_standing": null, "surface_swisstopo": "paved", "surface_sensebox": "unknown", "surface_sensebox_probability": 0.0, "match": "unknown" }, "geometry": { "type": "Point", "coordinates": [ 8.798714905606348, 47.212580576945115 ] } },
{ "type": "Feature", "properties": { "timestamp": "2026-04-30T16:42:11.004Z", "latitude": 47.21260928552465, "longitude": 8.7987429617281556, "BELAGSART": 100, "surface_classification_asphalt": null, "surface_classification_compacted": null, "surface_classification_paving": null, "surface_classification_sett": null, "surface_classification_standing": null, "surface_swisstopo": "paved", "surface_sensebox": "unknown", "surface_sensebox_probability": 0.0, "match": "unknown" }, "geometry": { "type": "Point", "coordinates": [ 8.798742970418834, 47.212609295558934 ] } },
{ "type": "Feature", "properties": { "timestamp": "2026-04-30T16:42:12.004Z", "latitude": 47.212642285021055, "longitude": 8.7987640679839938, "BELAGSART": 100, "surface_classification_asphalt": 0.05, "surface_classification_compacted": 0.43, "surface_classification_paving": 0.28, "surface_classification_sett": 0.25, "surface_classification_standing": 0.0, "surface_swisstopo": "paved", "surface_sensebox": "unknown", "surface_sensebox_probability": 0.43, "match": "unknown" }, "geometry": { "type": "Point", "coordinates": [ 8.798764076674685, 47.212642295055382 ] } },
{ "type": "Feature", "properties": { "timestamp": "2026-04-30T16:42:13.004Z", "latitude": 47.212666249010915, "longitude": 8.7987913626848879, "BELAGSART": 100, "surface_classification_asphalt": null, "surface_classification_compacted": null, "surface_classification_paving": null, "surface_classification_sett": null, "surface_classification_standing": null, "surface_swisstopo": "paved", "surface_sensebox": "unknown", "surface_sensebox_probability": 0.0, "match": "unknown" }, "geometry": { "type": "Point", "coordinates": [ 8.7987913713756, 47.212666259045257 ] } },
{ "type": "Feature", "properties": { "timestamp": "2026-04-30T16:42:14.004Z", "latitude": 47.212692426121009, "longitude": 8.7988173888881214, "BELAGSART": 100, "surface_classification_asphalt": 0.14, "surface_classification_compacted": 0.67, "surface_classification_paving": 0.06, "surface_classification_sett": 0.13, "surface_classification_standing": 0.0, "surface_swisstopo": "paved", "surface_sensebox": "nature", "surface_sensebox_probability": 0.67, "match": "False" }, "geometry": { "type": "Point", "coordinates": [ 8.798817397578848, 47.212692436155301 ] } },
{ "type": "Feature", "properties": { "timestamp": "2026-04-30T16:42:15.004Z", "latitude": 47.212718330738049, "longitude": 8.7988421487936765, "BELAGSART": 100, "surface_classification_asphalt": null, "surface_classification_compacted": null, "surface_classification_paving": null, "surface_classification_sett": null, "surface_classification_standing": null, "surface_swisstopo": "paved", "surface_sensebox": "unknown", "surface_sensebox_probability": 0.0, "match": "unknown" }, "geometry": { "type": "Point", "coordinates": [ 8.798842157484419, 47.212718340772319 ] } },
{ "type": "Feature", "properties": { "timestamp": "2026-04-30T16:42:16.004Z", "latitude": 47.212741583130935, "longitude": 8.7988653607761478, "BELAGSART": 100, "surface_classification_asphalt": null, "surface_classification_compacted": null, "surface_classification_paving": null, "surface_classification_sett": null, "surface_classification_standing": null, "surface_swisstopo": "paved", "surface_sensebox": "unknown", "surface_sensebox_probability": 0.0, "match": "unknown" }, "geometry": { "type": "Point", "coordinates": [ 8.798865369466901, 47.212741593165234 ] } },
{ "type": "Feature", "properties": { "timestamp": "2026-04-30T16:42:17.004Z", "latitude": 47.212764071264317, "longitude": 8.7988919451200793, "BELAGSART": 100, "surface_classification_asphalt": 0.0, "surface_classification_compacted": 0.0, "surface_classification_paving": 0.01, "surface_classification_sett": 0.99, "surface_classification_standing": 0.0, "surface_swisstopo": "paved", "surface_sensebox": "paved", "surface_sensebox_probability": 0.99, "match": "True" }, "geometry": { "type": "Point", "coordinates": [ 8.798891953810854, 47.21276408129863 ] } },
{ "type": "Feature", "properties": { "timestamp": "2026-04-30T16:42:18.004Z", "latitude": 47.21278521528162, "longitude": 8.7989230049889215, "BELAGSART": 100, "surface_classification_asphalt": null, "surface_classification_compacted": null, "surface_classification_paving": null, "surface_classification_sett": null, "surface_classification_standing": null, "surface_swisstopo": "paved", "surface_sensebox": "unknown", "surface_sensebox_probability": 0.0, "match": "unknown" }, "geometry": { "type": "Point", "coordinates": [ 8.798923013679721, 47.21278522531594 ] } },
{ "type": "Feature", "properties": { "timestamp": "2026-04-30T16:42:19.004Z", "latitude": 47.212811365946358, "longitude": 8.7989400985463853, "BELAGSART": 100, "surface_classification_asphalt": null, "surface_classification_compacted": null, "surface_classification_paving": null, "surface_classification_sett": null, "surface_classification_standing": null, "surface_swisstopo": "paved", "surface_sensebox": "unknown", "surface_sensebox_probability": 0.0, "match": "unknown" }, "geometry": { "type": "Point", "coordinates": [ 8.798940107237197, 47.212811375980635 ] } },
{ "type": "Feature", "properties": { "timestamp": "2026-04-30T16:42:20.004Z", "latitude": 47.212830734842285, "longitude": 8.7989696088740725, "BELAGSART": 100, "surface_classification_asphalt": 0.16, "surface_classification_compacted": 0.75, "surface_classification_paving": 0.02, "surface_classification_sett": 0.07, "surface_classification_standing": 0.0, "surface_swisstopo": "paved", "surface_sensebox": "nature", "surface_sensebox_probability": 0.75, "match": "False" }, "geometry": { "type": "Point", "coordinates": [ 8.798969617564898, 47.212830744876541 ] } },
{ "type": "Feature", "properties": { "timestamp": "2026-04-30T16:42:21.004Z", "latitude": 47.21285481119439, "longitude": 8.7989909461763567, "BELAGSART": 100, "surface_classification_asphalt": null, "surface_classification_compacted": null, "surface_classification_paving": null, "surface_classification_sett": null, "surface_classification_standing": null, "surface_swisstopo": "paved", "surface_sensebox": "unknown", "surface_sensebox_probability": 0.0, "match": "unknown" }, "geometry": { "type": "Point", "coordinates": [ 8.798990954867195, 47.21285482122871 ] } },
{ "type": "Feature", "properties": { "timestamp": "2026-04-30T16:42:22.004Z", "latitude": 47.212879270151632, "longitude": 8.799008174800715, "BELAGSART": 100, "surface_classification_asphalt": null, "surface_classification_compacted": null, "surface_classification_paving": null, "surface_classification_sett": null, "surface_classification_standing": null, "surface_swisstopo": "paved", "surface_sensebox": "unknown", "surface_sensebox_probability": 0.0, "match": "unknown" }, "geometry": { "type": "Point", "coordinates": [ 8.799008183491562, 47.212879280185945 ] } },
{ "type": "Feature", "properties": { "timestamp": "2026-04-30T16:42:23.004Z", "latitude": 47.212893912164603, "longitude": 8.7990435246309264, "BELAGSART": 100, "surface_classification_asphalt": 0.04, "surface_classification_compacted": 0.87, "surface_classification_paving": 0.08, "surface_classification_sett": 0.02, "surface_classification_standing": 0.0, "surface_swisstopo": "paved", "surface_sensebox": "nature", "surface_sensebox_probability": 0.87, "match": "False" }, "geometry": { "type": "Point", "coordinates": [ 8.799043533321806, 47.212893922198901 ] } },
{ "type": "Feature", "properties": { "timestamp": "2026-04-30T16:42:24.004Z", "latitude": 47.212918449013266, "longitude": 8.7990699633436407, "BELAGSART": 100, "surface_classification_asphalt": null, "surface_classification_compacted": null, "surface_classification_paving": null, "surface_classification_sett": null, "surface_classification_standing": null, "surface_swisstopo": "paved", "surface_sensebox": "unknown", "surface_sensebox_probability": 0.0, "match": "unknown" }, "geometry": { "type": "Point", "coordinates": [ 8.799069972034541, 47.212918459047572 ] } },
{ "type": "Feature", "properties": { "timestamp": "2026-04-30T16:42:25.004Z", "latitude": 47.212942871409645, "longitude": 8.7990901316957881, "BELAGSART": 100, "surface_classification_asphalt": null, "surface_classification_compacted": null, "surface_classification_paving": null, "surface_classification_sett": null, "surface_classification_standing": null, "surface_swisstopo": "paved", "surface_sensebox": "unknown", "surface_sensebox_probability": 0.0, "match": "unknown" }, "geometry": { "type": "Point", "coordinates": [ 8.799090140386696, 47.212942881443958 ] } },
{ "type": "Feature", "properties": { "timestamp": "2026-04-30T16:42:26.004Z", "latitude": 47.212967381842944, "longitude": 8.7991149597143448, "BELAGSART": 100, "surface_classification_asphalt": 0.04, "surface_classification_compacted": 0.86, "surface_classification_paving": 0.05, "surface_classification_sett": 0.04, "surface_classification_standing": 0.0, "surface_swisstopo": "paved", "surface_sensebox": "nature", "surface_sensebox_probability": 0.86, "match": "False" }, "geometry": { "type": "Point", "coordinates": [ 8.799114968405267, 47.212967391877243 ] } },
{ "type": "Feature", "properties": { "timestamp": "2026-04-30T16:42:27.004Z", "latitude": 47.212992483491064, "longitude": 8.7991378711652359, "BELAGSART": 100, "surface_classification_asphalt": null, "surface_classification_compacted": null, "surface_classification_paving": null, "surface_classification_sett": null, "surface_classification_standing": null, "surface_swisstopo": "paved", "surface_sensebox": "unknown", "surface_sensebox_probability": 0.0, "match": "unknown" }, "geometry": { "type": "Point", "coordinates": [ 8.799137879856177, 47.212992493525384 ] } },
{ "type": "Feature", "properties": { "timestamp": "2026-04-30T16:42:28.004Z", "latitude": 47.213018049642372, "longitude": 8.7991559068444705, "BELAGSART": 100, "surface_classification_asphalt": 0.0, "surface_classification_compacted": 1.0, "surface_classification_paving": 0.0, "surface_classification_sett": 0.0, "surface_classification_standing": 0.0, "surface_swisstopo": "paved", "surface_sensebox": "nature", "surface_sensebox_probability": 1.0, "match": "False" }, "geometry": { "type": "Point", "coordinates": [ 8.799155915535415, 47.213018059676671 ] } },
{ "type": "Feature", "properties": { "timestamp": "2026-04-30T16:42:29.004Z", "latitude": 47.213045142644965, "longitude": 8.7991786444213176, "BELAGSART": 100, "surface_classification_asphalt": null, "surface_classification_compacted": null, "surface_classification_paving": null, "surface_classification_sett": null, "surface_classification_standing": null, "surface_swisstopo": "paved", "surface_sensebox": "unknown", "surface_sensebox_probability": 0.0, "match": "unknown" }, "geometry": { "type": "Point", "coordinates": [ 8.799178653112277, 47.21304515267925 ] } },
{ "type": "Feature", "properties": { "timestamp": "2026-04-30T16:42:30.004Z", "latitude": 47.21307087897155, "longitude": 8.7992055997818444, "BELAGSART": 100, "surface_classification_asphalt": null, "surface_classification_compacted": null, "surface_classification_paving": null, "surface_classification_sett": null, "surface_classification_standing": null, "surface_swisstopo": "paved", "surface_sensebox": "unknown", "surface_sensebox_probability": 0.0, "match": "unknown" }, "geometry": { "type": "Point", "coordinates": [ 8.799205608472823, 47.213070889005877 ] } },
{ "type": "Feature", "properties": { "timestamp": "2026-04-30T16:42:31.004Z", "latitude": 47.21309852495304, "longitude": 8.7992299901444468, "BELAGSART": 100, "surface_classification_asphalt": 0.57, "surface_classification_compacted": 0.29, "surface_classification_paving": 0.04, "surface_classification_sett": 0.11, "surface_classification_standing": 0.0, "surface_swisstopo": "paved", "surface_sensebox": "paved", "surface_sensebox_probability": 0.57, "match": "True" }, "geometry": { "type": "Point", "coordinates": [ 8.799229998835441, 47.21309853498736 ] } },
{ "type": "Feature", "properties": { "timestamp": "2026-04-30T16:42:32.004Z", "latitude": 47.213116124002866, "longitude": 8.7992486038350144, "BELAGSART": 100, "surface_classification_asphalt": null, "surface_classification_compacted": null, "surface_classification_paving": null, "surface_classification_sett": null, "surface_classification_standing": null, "surface_swisstopo": "paved", "surface_sensebox": "unknown", "surface_sensebox_probability": 0.0, "match": "unknown" }, "geometry": { "type": "Point", "coordinates": [ 8.799248612526021, 47.213116134037186 ] } },
{ "type": "Feature", "properties": { "timestamp": "2026-04-30T16:42:33.004Z", "latitude": 47.213147537475351, "longitude": 8.7992684290337468, "BELAGSART": 100, "surface_classification_asphalt": null, "surface_classification_compacted": null, "surface_classification_paving": null, "surface_classification_sett": null, "surface_classification_standing": null, "surface_swisstopo": "paved", "surface_sensebox": "unknown", "surface_sensebox_probability": 0.0, "match": "unknown" }, "geometry": { "type": "Point", "coordinates": [ 8.799268437724766, 47.213147547509649 ] } },
{ "type": "Feature", "properties": { "timestamp": "2026-04-30T16:42:34.004Z", "latitude": 47.213175607867868, "longitude": 8.7992906702921463, "BELAGSART": 100, "surface_classification_asphalt": 0.14, "surface_classification_compacted": 0.83, "surface_classification_paving": 0.03, "surface_classification_sett": 0.01, "surface_classification_standing": 0.0, "surface_swisstopo": "paved", "surface_sensebox": "nature", "surface_sensebox_probability": 0.83, "match": "False" }, "geometry": { "type": "Point", "coordinates": [ 8.799290678983175, 47.213175617902174 ] } },
{ "type": "Feature", "properties": { "timestamp": "2026-04-30T16:42:35.004Z", "latitude": 47.213198971551549, "longitude": 8.7993144177065385, "BELAGSART": 100, "surface_classification_asphalt": null, "surface_classification_compacted": null, "surface_classification_paving": null, "surface_classification_sett": null, "surface_classification_standing": null, "surface_swisstopo": "paved", "surface_sensebox": "unknown", "surface_sensebox_probability": 0.0, "match": "unknown" }, "geometry": { "type": "Point", "coordinates": [ 8.799314426397581, 47.213198981585833 ] } },
{ "type": "Feature", "properties": { "timestamp": "2026-04-30T16:42:36.004Z", "latitude": 47.213221328204405, "longitude": 8.7993365374637715, "BELAGSART": 100, "surface_classification_asphalt": null, "surface_classification_compacted": null, "surface_classification_paving": null, "surface_classification_sett": null, "surface_classification_standing": null, "surface_swisstopo": "paved", "surface_sensebox": "unknown", "surface_sensebox_probability": 0.0, "match": "unknown" }, "geometry": { "type": "Point", "coordinates": [ 8.799336546154828, 47.213221338238746 ] } },
{ "type": "Feature", "properties": { "timestamp": "2026-04-30T16:42:37.004Z", "latitude": 47.213245251623249, "longitude": 8.7993554150708739, "BELAGSART": 100, "surface_classification_asphalt": 0.87, "surface_classification_compacted": 0.0, "surface_classification_paving": 0.09, "surface_classification_sett": 0.0, "surface_classification_standing": 0.04, "surface_swisstopo": "paved", "surface_sensebox": "paved", "surface_sensebox_probability": 0.87, "match": "True" }, "geometry": { "type": "Point", "coordinates": [ 8.799355423761945, 47.21324526165759 ] } },
{ "type": "Feature", "properties": { "timestamp": "2026-04-30T16:42:38.004Z", "latitude": 47.213272541707582, "longitude": 8.7993754124260235, "BELAGSART": 100, "surface_classification_asphalt": null, "surface_classification_compacted": null, "surface_classification_paving": null, "surface_classification_sett": null, "surface_classification_standing": null, "surface_swisstopo": "paved", "surface_sensebox": "unknown", "surface_sensebox_probability": 0.0, "match": "unknown" }, "geometry": { "type": "Point", "coordinates": [ 8.799375421117103, 47.213272551741881 ] } },
{ "type": "Feature", "properties": { "timestamp": "2026-04-30T16:42:39.004Z", "latitude": 47.213297059453012, "longitude": 8.7993966231709582, "BELAGSART": 100, "surface_classification_asphalt": null, "surface_classification_compacted": null, "surface_classification_paving": null, "surface_classification_sett": null, "surface_classification_standing": null, "surface_swisstopo": "paved", "surface_sensebox": "unknown", "surface_sensebox_probability": 0.0, "match": "unknown" }, "geometry": { "type": "Point", "coordinates": [ 8.799396631862047, 47.213297069487311 ] } },
{ "type": "Feature", "properties": { "timestamp": "2026-04-30T16:42:40.004Z", "latitude": 47.213322262562585, "longitude": 8.7994112914766074, "BELAGSART": 100, "surface_classification_asphalt": 0.52, "surface_classification_compacted": 0.37, "surface_classification_paving": 0.11, "surface_classification_sett": 0.0, "surface_classification_standing": 0.0, "surface_swisstopo": "paved", "surface_sensebox": "paved", "surface_sensebox_probability": 0.52, "match": "True" }, "geometry": { "type": "Point", "coordinates": [ 8.799411300167705, 47.213322272596884 ] } },
{ "type": "Feature", "properties": { "timestamp": "2026-04-30T16:42:41.004Z", "latitude": 47.213344794749837, "longitude": 8.7994335602999065, "BELAGSART": 100, "surface_classification_asphalt": null, "surface_classification_compacted": null, "surface_classification_paving": null, "surface_classification_sett": null, "surface_classification_standing": null, "surface_swisstopo": "paved", "surface_sensebox": "unknown", "surface_sensebox_probability": 0.0, "match": "unknown" }, "geometry": { "type": "Point", "coordinates": [ 8.79943356899102, 47.213344804784157 ] } },
{ "type": "Feature", "properties": { "timestamp": "2026-04-30T16:42:42.004Z", "latitude": 47.21336174440863, "longitude": 8.7994554137194694, "BELAGSART": 100, "surface_classification_asphalt": null, "surface_classification_compacted": null, "surface_classification_paving": null, "surface_classification_sett": null, "surface_classification_standing": null, "surface_swisstopo": "paved", "surface_sensebox": "unknown", "surface_sensebox_probability": 0.0, "match": "unknown" }, "geometry": { "type": "Point", "coordinates": [ 8.799455422410595, 47.213361754442985 ] } },
{ "type": "Feature", "properties": { "timestamp": "2026-04-30T16:42:43.004Z", "latitude": 47.213372816748461, "longitude": 8.799481831265819, "BELAGSART": 100, "surface_classification_asphalt": 0.01, "surface_classification_compacted": 0.98, "surface_classification_paving": 0.0, "surface_classification_sett": 0.0, "surface_classification_standing": 0.0, "surface_swisstopo": "paved", "surface_sensebox": "nature", "surface_sensebox_probability": 0.98, "match": "False" }, "geometry": { "type": "Point", "coordinates": [ 8.79948183995697, 47.213372826782773 ] } },
{ "type": "Feature", "properties": { "timestamp": "2026-04-30T16:42:44.004Z", "latitude": 47.21338970551809, "longitude": 8.7995099965578731, "BELAGSART": 100, "surface_classification_asphalt": null, "surface_classification_compacted": null, "surface_classification_paving": null, "surface_classification_sett": null, "surface_classification_standing": null, "surface_swisstopo": "paved", "surface_sensebox": "unknown", "surface_sensebox_probability": 0.0, "match": "unknown" }, "geometry": { "type": "Point", "coordinates": [ 8.799510005249047, 47.213389715552417 ] } },
{ "type": "Feature", "properties": { "timestamp": "2026-04-30T16:42:45.004Z", "latitude": 47.213410099489295, "longitude": 8.7995235472430817, "BELAGSART": 100, "surface_classification_asphalt": 0.77, "surface_classification_compacted": 0.11, "surface_classification_paving": 0.12, "surface_classification_sett": 0.0, "surface_classification_standing": 0.0, "surface_swisstopo": "paved", "surface_sensebox": "paved", "surface_sensebox_probability": 0.77, "match": "True" }, "geometry": { "type": "Point", "coordinates": [ 8.799523555934259, 47.213410109523636 ] } },
{ "type": "Feature", "properties": { "timestamp": "2026-04-30T16:42:46.004Z", "latitude": 47.213422194064037, "longitude": 8.7995317008848204, "BELAGSART": 100, "surface_classification_asphalt": null, "surface_classification_compacted": null, "surface_classification_paving": null, "surface_classification_sett": null, "surface_classification_standing": null, "surface_swisstopo": "paved", "surface_sensebox": "unknown", "surface_sensebox_probability": 0.0, "match": "unknown" }, "geometry": { "type": "Point", "coordinates": [ 8.799531709576002, 47.213422204098343 ] } },
{ "type": "Feature", "properties": { "timestamp": "2026-04-30T16:42:47.004Z", "latitude": 47.213428928372565, "longitude": 8.7995344080139866, "BELAGSART": 100, "surface_classification_asphalt": null, "surface_classification_compacted": null, "surface_classification_paving": null, "surface_classification_sett": null, "surface_classification_standing": null, "surface_swisstopo": "paved", "surface_sensebox": "unknown", "surface_sensebox_probability": 0.0, "match": "unknown" }, "geometry": { "type": "Point", "coordinates": [ 8.799534416705168, 47.213428938406899 ] } },
{ "type": "Feature", "properties": { "timestamp": "2026-04-30T16:42:48.004Z", "latitude": 47.213424993529451, "longitude": 8.7995353701288472, "BELAGSART": 100, "surface_classification_asphalt": 0.74, "surface_classification_compacted": 0.11, "surface_classification_paving": 0.14, "surface_classification_sett": 0.0, "surface_classification_standing": 0.0, "surface_swisstopo": "paved", "surface_sensebox": "paved", "surface_sensebox_probability": 0.74, "match": "True" }, "geometry": { "type": "Point", "coordinates": [ 8.799535378820035, 47.213425003563771 ] } },
{ "type": "Feature", "properties": { "timestamp": "2026-04-30T16:42:49.004Z", "latitude": 47.213424766280347, "longitude": 8.7995343950758826, "BELAGSART": 100, "surface_classification_asphalt": null, "surface_classification_compacted": null, "surface_classification_paving": null, "surface_classification_sett": null, "surface_classification_standing": null, "surface_swisstopo": "paved", "surface_sensebox": "unknown", "surface_sensebox_probability": 0.0, "match": "unknown" }, "geometry": { "type": "Point", "coordinates": [ 8.799534403767067, 47.213424776314689 ] } },
{ "type": "Feature", "properties": { "timestamp": "2026-04-30T16:42:50.004Z", "latitude": 47.21342244030339, "longitude": 8.7995325732018532, "BELAGSART": 100, "surface_classification_asphalt": null, "surface_classification_compacted": null, "surface_classification_paving": null, "surface_classification_sett": null, "surface_classification_standing": null, "surface_swisstopo": "paved", "surface_sensebox": "unknown", "surface_sensebox_probability": 0.0, "match": "unknown" }, "geometry": { "type": "Point", "coordinates": [ 8.799532581893038, 47.21342245033776 ] } },
{ "type": "Feature", "properties": { "timestamp": "2026-04-30T16:42:51.004Z", "latitude": 47.213430591663162, "longitude": 8.7995332163061466, "BELAGSART": 100, "surface_classification_asphalt": 0.7, "surface_classification_compacted": 0.0, "surface_classification_paving": 0.06, "surface_classification_sett": 0.0, "surface_classification_standing": 0.23, "surface_swisstopo": "paved", "surface_sensebox": "paved", "surface_sensebox_probability": 0.7, "match": "True" }, "geometry": { "type": "Point", "coordinates": [ 8.799533224997328, 47.213430601697524 ] } },
{ "type": "Feature", "properties": { "timestamp": "2026-04-30T16:42:52.004Z", "latitude": 47.213430601141887, "longitude": 8.7995308708623128, "BELAGSART": 100, "surface_classification_asphalt": null, "surface_classification_compacted": null, "surface_classification_paving": null, "surface_classification_sett": null, "surface_classification_standing": null, "surface_swisstopo": "paved", "surface_sensebox": "unknown", "surface_sensebox_probability": 0.0, "match": "unknown" }, "geometry": { "type": "Point", "coordinates": [ 8.799530879553492, 47.213430611176229 ] } },
{ "type": "Feature", "properties": { "timestamp": "2026-04-30T16:42:53.004Z", "latitude": 47.213429391029059, "longitude": 8.7995275949762508, "BELAGSART": 100, "surface_classification_asphalt": null, "surface_classification_compacted": null, "surface_classification_paving": null, "surface_classification_sett": null, "surface_classification_standing": null, "surface_swisstopo": "paved", "surface_sensebox": "unknown", "surface_sensebox_probability": 0.0, "match": "unknown" }, "geometry": { "type": "Point", "coordinates": [ 8.799527603667425, 47.213429401063337 ] } },
{ "type": "Feature", "properties": { "timestamp": "2026-04-30T16:42:54.004Z", "latitude": 47.213431742212073, "longitude": 8.7995223331984231, "BELAGSART": 100, "surface_classification_asphalt": 0.11, "surface_classification_compacted": 0.0, "surface_classification_paving": 0.01, "surface_classification_sett": 0.0, "surface_classification_standing": 0.88, "surface_swisstopo": "paved", "surface_sensebox": "unknown", "surface_sensebox_probability": 0.11, "match": "unknown" }, "geometry": { "type": "Point", "coordinates": [ 8.799522341889592, 47.213431752246414 ] } },
{ "type": "Feature", "properties": { "timestamp": "2026-04-30T16:42:55.004Z", "latitude": 47.213430745590422, "longitude": 8.7995173506173074, "BELAGSART": 100, "surface_classification_asphalt": null, "surface_classification_compacted": null, "surface_classification_paving": null, "surface_classification_sett": null, "surface_classification_standing": null, "surface_swisstopo": "paved", "surface_sensebox": "unknown", "surface_sensebox_probability": 0.0, "match": "unknown" }, "geometry": { "type": "Point", "coordinates": [ 8.799517359308473, 47.213430755624785 ] } },
{ "type": "Feature", "properties": { "timestamp": "2026-04-30T16:42:56.004Z", "latitude": 47.213430121226978, "longitude": 8.7995169853223683, "BELAGSART": 100, "surface_classification_asphalt": null, "surface_classification_compacted": null, "surface_classification_paving": null, "surface_classification_sett": null, "surface_classification_standing": null, "surface_swisstopo": "paved", "surface_sensebox": "unknown", "surface_sensebox_probability": 0.0, "match": "unknown" }, "geometry": { "type": "Point", "coordinates": [ 8.79951699401353, 47.213430131261255 ] } },
{ "type": "Feature", "properties": { "timestamp": "2026-04-30T16:42:57.004Z", "latitude": 47.21343528473821, "longitude": 8.7995219528040725, "BELAGSART": 100, "surface_classification_asphalt": 0.04, "surface_classification_compacted": 0.0, "surface_classification_paving": 0.1, "surface_classification_sett": 0.0, "surface_classification_standing": 0.86, "surface_swisstopo": "paved", "surface_sensebox": "unknown", "surface_sensebox_probability": 0.1, "match": "unknown" }, "geometry": { "type": "Point", "coordinates": [ 8.799521961495238, 47.213435294772516 ] } },
{ "type": "Feature", "properties": { "timestamp": "2026-04-30T16:42:58.004Z", "latitude": 47.213436299423307, "longitude": 8.7995208527049531, "BELAGSART": 100, "surface_classification_asphalt": null, "surface_classification_compacted": null, "surface_classification_paving": null, "surface_classification_sett": null, "surface_classification_standing": null, "surface_swisstopo": "paved", "surface_sensebox": "unknown", "surface_sensebox_probability": 0.0, "match": "unknown" }, "geometry": { "type": "Point", "coordinates": [ 8.79952086139612, 47.213436309457649 ] } },
{ "type": "Feature", "properties": { "timestamp": "2026-04-30T16:42:59.004Z", "latitude": 47.213432559746025, "longitude": 8.7995237429147348, "BELAGSART": 100, "surface_classification_asphalt": null, "surface_classification_compacted": null, "surface_classification_paving": null, "surface_classification_sett": null, "surface_classification_standing": null, "surface_swisstopo": "paved", "surface_sensebox": "unknown", "surface_sensebox_probability": 0.0, "match": "unknown" }, "geometry": { "type": "Point", "coordinates": [ 8.799523751605905, 47.21343256978038 ] } },
{ "type": "Feature", "properties": { "timestamp": "2026-04-30T16:43:00.004Z", "latitude": 47.21343133162005, "longitude": 8.7995255611106042, "BELAGSART": 100, "surface_classification_asphalt": 0.8, "surface_classification_compacted": 0.11, "surface_classification_paving": 0.08, "surface_classification_sett": 0.01, "surface_classification_standing": 0.0, "surface_swisstopo": "paved", "surface_sensebox": "paved", "surface_sensebox_probability": 0.8, "match": "True" }, "geometry": { "type": "Point", "coordinates": [ 8.799525569801784, 47.213431341654406 ] } },
{ "type": "Feature", "properties": { "timestamp": "2026-04-30T16:43:01.004Z", "latitude": 47.213430701216957, "longitude": 8.7995234405203355, "BELAGSART": 100, "surface_classification_asphalt": null, "surface_classification_compacted": null, "surface_classification_paving": null, "surface_classification_sett": null, "surface_classification_standing": null, "surface_swisstopo": "paved", "surface_sensebox": "unknown", "surface_sensebox_probability": 0.0, "match": "unknown" }, "geometry": { "type": "Point", "coordinates": [ 8.799523449211504, 47.21343071125127 ] } },
{ "type": "Feature", "properties": { "timestamp": "2026-04-30T16:43:02.004Z", "latitude": 47.213427715369633, "longitude": 8.7995201598520953, "BELAGSART": 100, "surface_classification_asphalt": 0.31, "surface_classification_compacted": 0.0, "surface_classification_paving": 0.08, "surface_classification_sett": 0.0, "surface_classification_standing": 0.61, "surface_swisstopo": "paved", "surface_sensebox": "unknown", "surface_sensebox_probability": 0.31, "match": "unknown" }, "geometry": { "type": "Point", "coordinates": [ 8.799520168543264, 47.213427725403953 ] } },
{ "type": "Feature", "properties": { "timestamp": "2026-04-30T16:43:03.004Z", "latitude": 47.213428148145631, "longitude": 8.799520405927618, "BELAGSART": 100, "surface_classification_asphalt": null, "surface_classification_compacted": null, "surface_classification_paving": null, "surface_classification_sett": null, "surface_classification_standing": null, "surface_swisstopo": "paved", "surface_sensebox": "unknown", "surface_sensebox_probability": 0.0, "match": "unknown" }, "geometry": { "type": "Point", "coordinates": [ 8.799520414618785, 47.213428158179987 ] } },
{ "type": "Feature", "properties": { "timestamp": "2026-04-30T16:43:04.004Z", "latitude": 47.213427374805079, "longitude": 8.7995183619639281, "BELAGSART": 100, "surface_classification_asphalt": null, "surface_classification_compacted": null, "surface_classification_paving": null, "surface_classification_sett": null, "surface_classification_standing": null, "surface_swisstopo": "paved", "surface_sensebox": "unknown", "surface_sensebox_probability": 0.0, "match": "unknown" }, "geometry": { "type": "Point", "coordinates": [ 8.799518370655099, 47.213427384839413 ] } },
{ "type": "Feature", "properties": { "timestamp": "2026-04-30T16:43:05.004Z", "latitude": 47.213425798241666, "longitude": 8.7995144288024605, "BELAGSART": 100, "surface_classification_asphalt": 0.14, "surface_classification_compacted": 0.0, "surface_classification_paving": 0.03, "surface_classification_sett": 0.0, "surface_classification_standing": 0.83, "surface_swisstopo": "paved", "surface_sensebox": "unknown", "surface_sensebox_probability": 0.14, "match": "unknown" }, "geometry": { "type": "Point", "coordinates": [ 8.799514437493627, 47.213425808276064 ] } },
{ "type": "Feature", "properties": { "timestamp": "2026-04-30T16:43:06.004Z", "latitude": 47.213426052036169, "longitude": 8.7995178329317234, "BELAGSART": 100, "surface_classification_asphalt": null, "surface_classification_compacted": null, "surface_classification_paving": null, "surface_classification_sett": null, "surface_classification_standing": null, "surface_swisstopo": "paved", "surface_sensebox": "unknown", "surface_sensebox_probability": 0.0, "match": "unknown" }, "geometry": { "type": "Point", "coordinates": [ 8.79951784162289, 47.213426062070539 ] } },
{ "type": "Feature", "properties": { "timestamp": "2026-04-30T16:43:07.004Z", "latitude": 47.213423425080663, "longitude": 8.7995167974273087, "BELAGSART": 100, "surface_classification_asphalt": null, "surface_classification_compacted": null, "surface_classification_paving": null, "surface_classification_sett": null, "surface_classification_standing": null, "surface_swisstopo": "paved", "surface_sensebox": "unknown", "surface_sensebox_probability": 0.0, "match": "unknown" }, "geometry": { "type": "Point", "coordinates": [ 8.799516806118479, 47.213423435115018 ] } },
{ "type": "Feature", "properties": { "timestamp": "2026-04-30T16:43:08.004Z", "latitude": 47.213424744745851, "longitude": 8.7995157912914461, "BELAGSART": 100, "surface_classification_asphalt": 0.09, "surface_classification_compacted": 0.0, "surface_classification_paving": 0.03, "surface_classification_sett": 0.0, "surface_classification_standing": 0.89, "surface_swisstopo": "paved", "surface_sensebox": "unknown", "surface_sensebox_probability": 0.09, "match": "unknown" }, "geometry": { "type": "Point", "coordinates": [ 8.799515799982611, 47.213424754780142 ] } },
{ "type": "Feature", "properties": { "timestamp": "2026-04-30T16:43:09.004Z", "latitude": 47.213424452342373, "longitude": 8.7995122645941937, "BELAGSART": 100, "surface_classification_asphalt": null, "surface_classification_compacted": null, "surface_classification_paving": null, "surface_classification_sett": null, "surface_classification_standing": null, "surface_swisstopo": "paved", "surface_sensebox": "unknown", "surface_sensebox_probability": 0.0, "match": "unknown" }, "geometry": { "type": "Point", "coordinates": [ 8.799512273285355, 47.213424462376722 ] } },
{ "type": "Feature", "properties": { "timestamp": "2026-04-30T16:43:10.004Z", "latitude": 47.213422391612582, "longitude": 8.7995092338041747, "BELAGSART": 100, "surface_classification_asphalt": null, "surface_classification_compacted": null, "surface_classification_paving": null, "surface_classification_sett": null, "surface_classification_standing": null, "surface_swisstopo": "paved", "surface_sensebox": "unknown", "surface_sensebox_probability": 0.0, "match": "unknown" }, "geometry": { "type": "Point", "coordinates": [ 8.799509242495338, 47.213422401646945 ] } },
{ "type": "Feature", "properties": { "timestamp": "2026-04-30T16:43:11.004Z", "latitude": 47.213420221550983, "longitude": 8.7995073388373122, "BELAGSART": 100, "surface_classification_asphalt": 0.05, "surface_classification_compacted": 0.0, "surface_classification_paving": 0.02, "surface_classification_sett": 0.0, "surface_classification_standing": 0.93, "surface_swisstopo": "paved", "surface_sensebox": "unknown", "surface_sensebox_probability": 0.0, "match": "unknown" }, "geometry": { "type": "Point", "coordinates": [ 8.799507347528468, 47.213420231585332 ] } },
{ "type": "Feature", "properties": { "timestamp": "2026-04-30T16:43:12.004Z", "latitude": 47.213415398140086, "longitude": 8.799509491647326, "BELAGSART": 100, "surface_classification_asphalt": null, "surface_classification_compacted": null, "surface_classification_paving": null, "surface_classification_sett": null, "surface_classification_standing": null, "surface_swisstopo": "paved", "surface_sensebox": "unknown", "surface_sensebox_probability": 0.0, "match": "unknown" }, "geometry": { "type": "Point", "coordinates": [ 8.799509500338488, 47.213415408174406 ] } },
{ "type": "Feature", "properties": { "timestamp": "2026-04-30T16:43:13.004Z", "latitude": 47.213418235802521, "longitude": 8.7995066375644768, "BELAGSART": 100, "surface_classification_asphalt": null, "surface_classification_compacted": null, "surface_classification_paving": null, "surface_classification_sett": null, "surface_classification_standing": null, "surface_swisstopo": "paved", "surface_sensebox": "unknown", "surface_sensebox_probability": 0.0, "match": "unknown" }, "geometry": { "type": "Point", "coordinates": [ 8.799506646255638, 47.213418245836849 ] } },
{ "type": "Feature", "properties": { "timestamp": "2026-04-30T16:43:14.004Z", "latitude": 47.213418017476329, "longitude": 8.7995058659811338, "BELAGSART": 100, "surface_classification_asphalt": 0.01, "surface_classification_compacted": 0.0, "surface_classification_paving": 0.01, "surface_classification_sett": 0.0, "surface_classification_standing": 0.98, "surface_swisstopo": "paved", "surface_sensebox": "unknown", "surface_sensebox_probability": 0.0, "match": "unknown" }, "geometry": { "type": "Point", "coordinates": [ 8.799505874672295, 47.213418027510642 ] } },
{ "type": "Feature", "properties": { "timestamp": "2026-04-30T16:43:15.004Z", "latitude": 47.213413869388376, "longitude": 8.799505432899112, "BELAGSART": 100, "surface_classification_asphalt": null, "surface_classification_compacted": null, "surface_classification_paving": null, "surface_classification_sett": null, "surface_classification_standing": null, "surface_swisstopo": "paved", "surface_sensebox": "unknown", "surface_sensebox_probability": 0.0, "match": "unknown" }, "geometry": { "type": "Point", "coordinates": [ 8.799505441590268, 47.21341387942271 ] } },
{ "type": "Feature", "properties": { "timestamp": "2026-04-30T16:43:16.004Z", "latitude": 47.213413822128317, "longitude": 8.7995049777235028, "BELAGSART": 100, "surface_classification_asphalt": 0.0, "surface_classification_compacted": 0.0, "surface_classification_paving": 0.0, "surface_classification_sett": 0.0, "surface_classification_standing": 1.0, "surface_swisstopo": "paved", "surface_sensebox": "unknown", "surface_sensebox_probability": 0.0, "match": "unknown" }, "geometry": { "type": "Point", "coordinates": [ 8.799504986414664, 47.213413832162672 ] } },
{ "type": "Feature", "properties": { "timestamp": "2026-04-30T16:43:17.004Z", "latitude": 47.213411505050189, "longitude": 8.7995047248347369, "BELAGSART": 100, "surface_classification_asphalt": null, "surface_classification_compacted": null, "surface_classification_paving": null, "surface_classification_sett": null, "surface_classification_standing": null, "surface_swisstopo": "paved", "surface_sensebox": "unknown", "surface_sensebox_probability": 0.0, "match": "unknown" }, "geometry": { "type": "Point", "coordinates": [ 8.799504733525898, 47.213411515084502 ] } },
{ "type": "Feature", "properties": { "timestamp": "2026-04-30T16:43:18.004Z", "latitude": 47.21341003915569, "longitude": 8.7995042553402882, "BELAGSART": 100, "surface_classification_asphalt": null, "surface_classification_compacted": null, "surface_classification_paving": null, "surface_classification_sett": null, "surface_classification_standing": null, "surface_swisstopo": "paved", "surface_sensebox": "unknown", "surface_sensebox_probability": 0.0, "match": "unknown" }, "geometry": { "type": "Point", "coordinates": [ 8.799504264031443, 47.213410049190003 ] } },
{ "type": "Feature", "properties": { "timestamp": "2026-04-30T16:43:19.004Z", "latitude": 47.213411193449637, "longitude": 8.7995058512082149, "BELAGSART": 100, "surface_classification_asphalt": 0.02, "surface_classification_compacted": 0.0, "surface_classification_paving": 0.02, "surface_classification_sett": 0.0, "surface_classification_standing": 0.97, "surface_swisstopo": "paved", "surface_sensebox": "unknown", "surface_sensebox_probability": 0.0, "match": "unknown" }, "geometry": { "type": "Point", "coordinates": [ 8.799505859899378, 47.213411203484021 ] } },
{ "type": "Feature", "properties": { "timestamp": "2026-04-30T16:43:20.004Z", "latitude": 47.213409645747767, "longitude": 8.7995049251818376, "BELAGSART": 100, "surface_classification_asphalt": null, "surface_classification_compacted": null, "surface_classification_paving": null, "surface_classification_sett": null, "surface_classification_standing": null, "surface_swisstopo": "paved", "surface_sensebox": "unknown", "surface_sensebox_probability": 0.0, "match": "unknown" }, "geometry": { "type": "Point", "coordinates": [ 8.799504933872992, 47.213409655782087 ] } },
{ "type": "Feature", "properties": { "timestamp": "2026-04-30T16:43:21.004Z", "latitude": 47.213409265647975, "longitude": 8.7995068534960357, "BELAGSART": 100, "surface_classification_asphalt": null, "surface_classification_compacted": null, "surface_classification_paving": null, "surface_classification_sett": null, "surface_classification_standing": null, "surface_swisstopo": "paved", "surface_sensebox": "unknown", "surface_sensebox_probability": 0.0, "match": "unknown" }, "geometry": { "type": "Point", "coordinates": [ 8.799506862187195, 47.213409275682267 ] } },
{ "type": "Feature", "properties": { "timestamp": "2026-04-30T16:43:22.004Z", "latitude": 47.213410041288455, "longitude": 8.7995069387120655, "BELAGSART": 100, "surface_classification_asphalt": 0.09, "surface_classification_compacted": 0.0, "surface_classification_paving": 0.06, "surface_classification_sett": 0.0, "surface_classification_standing": 0.85, "surface_swisstopo": "paved", "surface_sensebox": "unknown", "surface_sensebox_probability": 0.09, "match": "unknown" }, "geometry": { "type": "Point", "coordinates": [ 8.799506947403227, 47.213410051322768 ] } },
{ "type": "Feature", "properties": { "timestamp": "2026-04-30T16:43:23.004Z", "latitude": 47.213411955923085, "longitude": 8.7995095044497962, "BELAGSART": 100, "surface_classification_asphalt": null, "surface_classification_compacted": null, "surface_classification_paving": null, "surface_classification_sett": null, "surface_classification_standing": null, "surface_swisstopo": "paved", "surface_sensebox": "unknown", "surface_sensebox_probability": 0.0, "match": "unknown" }, "geometry": { "type": "Point", "coordinates": [ 8.79950951314096, 47.21341196595737 ] } },
{ "type": "Feature", "properties": { "timestamp": "2026-04-30T16:43:24.004Z", "latitude": 47.213412464010609, "longitude": 8.7995156069018723, "BELAGSART": 100, "surface_classification_asphalt": null, "surface_classification_compacted": null, "surface_classification_paving": null, "surface_classification_sett": null, "surface_classification_standing": null, "surface_swisstopo": "paved", "surface_sensebox": "unknown", "surface_sensebox_probability": 0.0, "match": "unknown" }, "geometry": { "type": "Point", "coordinates": [ 8.799515615593039, 47.213412474044944 ] } },
{ "type": "Feature", "properties": { "timestamp": "2026-04-30T16:43:25.004Z", "latitude": 47.213415957387184, "longitude": 8.7995204109147522, "BELAGSART": 100, "surface_classification_asphalt": 0.94, "surface_classification_compacted": 0.0, "surface_classification_paving": 0.05, "surface_classification_sett": 0.0, "surface_classification_standing": 0.01, "surface_swisstopo": "paved", "surface_sensebox": "paved", "surface_sensebox_probability": 0.94, "match": "True" }, "geometry": { "type": "Point", "coordinates": [ 8.799520419605924, 47.21341596742154 ] } },
{ "type": "Feature", "properties": { "timestamp": "2026-04-30T16:43:26.004Z", "latitude": 47.213402631167689, "longitude": 8.7995411265162993, "BELAGSART": 100, "surface_classification_asphalt": null, "surface_classification_compacted": null, "surface_classification_paving": null, "surface_classification_sett": null, "surface_classification_standing": null, "surface_swisstopo": "paved", "surface_sensebox": "unknown", "surface_sensebox_probability": 0.0, "match": "unknown" }, "geometry": { "type": "Point", "coordinates": [ 8.799541135207493, 47.213402641201981 ] } },
{ "type": "Feature", "properties": { "timestamp": "2026-04-30T16:43:27.004Z", "latitude": 47.213378788281254, "longitude": 8.7995724515519154, "BELAGSART": 100, "surface_classification_asphalt": null, "surface_classification_compacted": null, "surface_classification_paving": null, "surface_classification_sett": null, "surface_classification_standing": null, "surface_swisstopo": "paved", "surface_sensebox": "unknown", "surface_sensebox_probability": 0.0, "match": "unknown" }, "geometry": { "type": "Point", "coordinates": [ 8.79957246024315, 47.213378798315588 ] } },
{ "type": "Feature", "properties": { "timestamp": "2026-04-30T16:43:28.004Z", "latitude": 47.21335784046601, "longitude": 8.7996079490471839, "BELAGSART": 100, "surface_classification_asphalt": 0.57, "surface_classification_compacted": 0.29, "surface_classification_paving": 0.12, "surface_classification_sett": 0.01, "surface_classification_standing": 0.0, "surface_swisstopo": "paved", "surface_sensebox": "paved", "surface_sensebox_probability": 0.57, "match": "True" }, "geometry": { "type": "Point", "coordinates": [ 8.799607957738454, 47.213357850500323 ] } },
{ "type": "Feature", "properties": { "timestamp": "2026-04-30T16:43:29.004Z", "latitude": 47.213347461190594, "longitude": 8.7996592984922906, "BELAGSART": 100, "surface_classification_asphalt": null, "surface_classification_compacted": null, "surface_classification_paving": null, "surface_classification_sett": null, "surface_classification_standing": null, "surface_swisstopo": "paved", "surface_sensebox": "unknown", "surface_sensebox_probability": 0.0, "match": "unknown" }, "geometry": { "type": "Point", "coordinates": [ 8.799659307183619, 47.213347471224843 ] } },
{ "type": "Feature", "properties": { "timestamp": "2026-04-30T16:43:30.004Z", "latitude": 47.213342981237069, "longitude": 8.7996995727608187, "BELAGSART": 100, "surface_classification_asphalt": null, "surface_classification_compacted": null, "surface_classification_paving": null, "surface_classification_sett": null, "surface_classification_standing": null, "surface_swisstopo": "paved", "surface_sensebox": "unknown", "surface_sensebox_probability": 0.0, "match": "unknown" }, "geometry": { "type": "Point", "coordinates": [ 8.79969958145219, 47.213342991271311 ] } },
{ "type": "Feature", "properties": { "timestamp": "2026-04-30T16:43:31.004Z", "latitude": 47.213363330473435, "longitude": 8.7997529687318288, "BELAGSART": 100, "surface_classification_asphalt": 0.05, "surface_classification_compacted": 0.03, "surface_classification_paving": 0.1, "surface_classification_sett": 0.81, "surface_classification_standing": 0.0, "surface_swisstopo": "paved", "surface_sensebox": "paved", "surface_sensebox_probability": 0.81, "match": "True" }, "geometry": { "type": "Point", "coordinates": [ 8.799752977423241, 47.213363340507691 ] } },
{ "type": "Feature", "properties": { "timestamp": "2026-04-30T16:43:32.004Z", "latitude": 47.213386991413422, "longitude": 8.7998018472448081, "BELAGSART": 100, "surface_classification_asphalt": null, "surface_classification_compacted": null, "surface_classification_paving": null, "surface_classification_sett": null, "surface_classification_standing": null, "surface_swisstopo": "paved", "surface_sensebox": "unknown", "surface_sensebox_probability": 0.0, "match": "unknown" }, "geometry": { "type": "Point", "coordinates": [ 8.799801855936261, 47.213387001447622 ] } },
{ "type": "Feature", "properties": { "timestamp": "2026-04-30T16:43:33.004Z", "latitude": 47.213413431258672, "longitude": 8.7998410759749675, "BELAGSART": 100, "surface_classification_asphalt": 0.1, "surface_classification_compacted": 0.23, "surface_classification_paving": 0.61, "surface_classification_sett": 0.06, "surface_classification_standing": 0.0, "surface_swisstopo": "paved", "surface_sensebox": "paved", "surface_sensebox_probability": 0.61, "match": "True" }, "geometry": { "type": "Point", "coordinates": [ 8.799841084666452, 47.2134134412929 ] } },
{ "type": "Feature", "properties": { "timestamp": "2026-04-30T16:43:34.004Z", "latitude": 47.213438830376411, "longitude": 8.7998897626720769, "BELAGSART": 100, "surface_classification_asphalt": null, "surface_classification_compacted": null, "surface_classification_paving": null, "surface_classification_sett": null, "surface_classification_standing": null, "surface_swisstopo": "paved", "surface_sensebox": "unknown", "surface_sensebox_probability": 0.0, "match": "unknown" }, "geometry": { "type": "Point", "coordinates": [ 8.799889771363594, 47.213438840410625 ] } },
{ "type": "Feature", "properties": { "timestamp": "2026-04-30T16:43:35.004Z", "latitude": 47.213466504680085, "longitude": 8.7999481636166195, "BELAGSART": 100, "surface_classification_asphalt": null, "surface_classification_compacted": null, "surface_classification_paving": null, "surface_classification_sett": null, "surface_classification_standing": null, "surface_swisstopo": "paved", "surface_sensebox": "unknown", "surface_sensebox_probability": 0.0, "match": "unknown" }, "geometry": { "type": "Point", "coordinates": [ 8.799948172308186, 47.213466514714298 ] } },
{ "type": "Feature", "properties": { "timestamp": "2026-04-30T16:43:36.004Z", "latitude": 47.213489414035706, "longitude": 8.800010775656455, "BELAGSART": 100, "surface_classification_asphalt": 0.05, "surface_classification_compacted": 0.16, "surface_classification_paving": 0.74, "surface_classification_sett": 0.05, "surface_classification_standing": 0.0, "surface_swisstopo": "paved", "surface_sensebox": "paved", "surface_sensebox_probability": 0.74, "match": "True" }, "geometry": { "type": "Point", "coordinates": [ 8.800010784348077, 47.213489424069927 ] } },
{ "type": "Feature", "properties": { "timestamp": "2026-04-30T16:43:37.004Z", "latitude": 47.213517309040803, "longitude": 8.8000671095547069, "BELAGSART": 100, "surface_classification_asphalt": null, "surface_classification_compacted": null, "surface_classification_paving": null, "surface_classification_sett": null, "surface_classification_standing": null, "surface_swisstopo": "paved", "surface_sensebox": "unknown", "surface_sensebox_probability": 0.0, "match": "unknown" }, "geometry": { "type": "Point", "coordinates": [ 8.800067118246373, 47.213517319075009 ] } },
{ "type": "Feature", "properties": { "timestamp": "2026-04-30T16:43:38.004Z", "latitude": 47.213539930809496, "longitude": 8.8001281585446094, "BELAGSART": 100, "surface_classification_asphalt": null, "surface_classification_compacted": null, "surface_classification_paving": null, "surface_classification_sett": null, "surface_classification_standing": null, "surface_swisstopo": "paved", "surface_sensebox": "unknown", "surface_sensebox_probability": 0.0, "match": "unknown" }, "geometry": { "type": "Point", "coordinates": [ 8.800128167236329, 47.213539940843674 ] } },
{ "type": "Feature", "properties": { "timestamp": "2026-04-30T16:43:39.004Z", "latitude": 47.213550445997441, "longitude": 8.8002004476901181, "BELAGSART": 100, "surface_classification_asphalt": 0.82, "surface_classification_compacted": 0.1, "surface_classification_paving": 0.08, "surface_classification_sett": 0.0, "surface_classification_standing": 0.0, "surface_swisstopo": "paved", "surface_sensebox": "paved", "surface_sensebox_probability": 0.82, "match": "True" }, "geometry": { "type": "Point", "coordinates": [ 8.800200456381901, 47.213550456031648 ] } },
{ "type": "Feature", "properties": { "timestamp": "2026-04-30T16:43:40.004Z", "latitude": 47.213568471614515, "longitude": 8.800266414366769, "BELAGSART": 100, "surface_classification_asphalt": null, "surface_classification_compacted": null, "surface_classification_paving": null, "surface_classification_sett": null, "surface_classification_standing": null, "surface_swisstopo": "paved", "surface_sensebox": "unknown", "surface_sensebox_probability": 0.0, "match": "unknown" }, "geometry": { "type": "Point", "coordinates": [ 8.800266423058613, 47.213568481648643 ] } },
{ "type": "Feature", "properties": { "timestamp": "2026-04-30T16:43:41.004Z", "latitude": 47.213590067284429, "longitude": 8.8003316390339528, "BELAGSART": 100, "surface_classification_asphalt": null, "surface_classification_compacted": null, "surface_classification_paving": null, "surface_classification_sett": null, "surface_classification_standing": null, "surface_swisstopo": "paved", "surface_sensebox": "unknown", "surface_sensebox_probability": 0.0, "match": "unknown" }, "geometry": { "type": "Point", "coordinates": [ 8.800331647725852, 47.213590077318585 ] } },
{ "type": "Feature", "properties": { "timestamp": "2026-04-30T16:43:42.004Z", "latitude": 47.21361385880666, "longitude": 8.8003976016294914, "BELAGSART": 100, "surface_classification_asphalt": 0.23, "surface_classification_compacted": 0.63, "surface_classification_paving": 0.14, "surface_classification_sett": 0.0, "surface_classification_standing": 0.0, "surface_swisstopo": "paved", "surface_sensebox": "nature", "surface_sensebox_probability": 0.63, "match": "False" }, "geometry": { "type": "Point", "coordinates": [ 8.800397610321443, 47.213613868840802 ] } },
{ "type": "Feature", "properties": { "timestamp": "2026-04-30T16:43:43.004Z", "latitude": 47.21362838293615, "longitude": 8.8004556562534972, "BELAGSART": 100, "surface_classification_asphalt": null, "surface_classification_compacted": null, "surface_classification_paving": null, "surface_classification_sett": null, "surface_classification_standing": null, "surface_swisstopo": "paved", "surface_sensebox": "unknown", "surface_sensebox_probability": 0.0, "match": "unknown" }, "geometry": { "type": "Point", "coordinates": [ 8.800455664945495, 47.213628392970278 ] } },
{ "type": "Feature", "properties": { "timestamp": "2026-04-30T16:43:44.004Z", "latitude": 47.213644390259837, "longitude": 8.8005332597967065, "BELAGSART": 100, "surface_classification_asphalt": null, "surface_classification_compacted": null, "surface_classification_paving": null, "surface_classification_sett": null, "surface_classification_standing": null, "surface_swisstopo": "paved", "surface_sensebox": "unknown", "surface_sensebox_probability": 0.0, "match": "unknown" }, "geometry": { "type": "Point", "coordinates": [ 8.800533268488781, 47.213644400293923 ] } },
{ "type": "Feature", "properties": { "timestamp": "2026-04-30T16:43:45.004Z", "latitude": 47.213662753680545, "longitude": 8.8006022028517776, "BELAGSART": 100, "surface_classification_asphalt": 0.07, "surface_classification_compacted": 0.76, "surface_classification_paving": 0.18, "surface_classification_sett": 0.0, "surface_classification_standing": 0.0, "surface_swisstopo": "paved", "surface_sensebox": "nature", "surface_sensebox_probability": 0.76, "match": "False" }, "geometry": { "type": "Point", "coordinates": [ 8.800602211543911, 47.213662763714638 ] } },
{ "type": "Feature", "properties": { "timestamp": "2026-04-30T16:43:46.004Z", "latitude": 47.213684231314183, "longitude": 8.8006664883298189, "BELAGSART": 100, "surface_classification_asphalt": null, "surface_classification_compacted": null, "surface_classification_paving": null, "surface_classification_sett": null, "surface_classification_standing": null, "surface_swisstopo": "paved", "surface_sensebox": "unknown", "surface_sensebox_probability": 0.0, "match": "unknown" }, "geometry": { "type": "Point", "coordinates": [ 8.800666497022005, 47.213684241348247 ] } },
{ "type": "Feature", "properties": { "timestamp": "2026-04-30T16:43:47.004Z", "latitude": 47.213700312898347, "longitude": 8.8007353429022341, "BELAGSART": 100, "surface_classification_asphalt": 0.03, "surface_classification_compacted": 0.77, "surface_classification_paving": 0.08, "surface_classification_sett": 0.12, "surface_classification_standing": 0.0, "surface_swisstopo": "paved", "surface_sensebox": "nature", "surface_sensebox_probability": 0.77, "match": "False" }, "geometry": { "type": "Point", "coordinates": [ 8.800735351594486, 47.213700322932382 ] } },
{ "type": "Feature", "properties": { "timestamp": "2026-04-30T16:43:48.004Z", "latitude": 47.213712206208058, "longitude": 8.8007985725518001, "BELAGSART": 100, "surface_classification_asphalt": null, "surface_classification_compacted": null, "surface_classification_paving": null, "surface_classification_sett": null, "surface_classification_standing": null, "surface_swisstopo": "paved", "surface_sensebox": "unknown", "surface_sensebox_probability": 0.0, "match": "unknown" }, "geometry": { "type": "Point", "coordinates": [ 8.800798581244107, 47.213712216242129 ] } },
{ "type": "Feature", "properties": { "timestamp": "2026-04-30T16:43:49.004Z", "latitude": 47.213722931319062, "longitude": 8.8008596960554097, "BELAGSART": 100, "surface_classification_asphalt": null, "surface_classification_compacted": null, "surface_classification_paving": null, "surface_classification_sett": null, "surface_classification_standing": null, "surface_swisstopo": "paved", "surface_sensebox": "unknown", "surface_sensebox_probability": 0.0, "match": "unknown" }, "geometry": { "type": "Point", "coordinates": [ 8.800859704747774, 47.213722941353076 ] } },
{ "type": "Feature", "properties": { "timestamp": "2026-04-30T16:43:50.004Z", "latitude": 47.213734955823774, "longitude": 8.8009223658879989, "BELAGSART": 100, "surface_classification_asphalt": 0.02, "surface_classification_compacted": 0.95, "surface_classification_paving": 0.02, "surface_classification_sett": 0.0, "surface_classification_standing": 0.0, "surface_swisstopo": "paved", "surface_sensebox": "nature", "surface_sensebox_probability": 0.95, "match": "False" }, "geometry": { "type": "Point", "coordinates": [ 8.800922374580415, 47.213734965857803 ] } },
{ "type": "Feature", "properties": { "timestamp": "2026-04-30T16:43:51.004Z", "latitude": 47.213746201262865, "longitude": 8.8009801348701853, "BELAGSART": 100, "surface_classification_asphalt": null, "surface_classification_compacted": null, "surface_classification_paving": null, "surface_classification_sett": null, "surface_classification_standing": null, "surface_swisstopo": "paved", "surface_sensebox": "unknown", "surface_sensebox_probability": 0.0, "match": "unknown" }, "geometry": { "type": "Point", "coordinates": [ 8.800980143562654, 47.213746211296872 ] } },
{ "type": "Feature", "properties": { "timestamp": "2026-04-30T16:43:52.004Z", "latitude": 47.213754601406421, "longitude": 8.8010482132159371, "BELAGSART": 100, "surface_classification_asphalt": null, "surface_classification_compacted": null, "surface_classification_paving": null, "surface_classification_sett": null, "surface_classification_standing": null, "surface_swisstopo": "paved", "surface_sensebox": "unknown", "surface_sensebox_probability": 0.0, "match": "unknown" }, "geometry": { "type": "Point", "coordinates": [ 8.801048221908475, 47.213754611440415 ] } },
{ "type": "Feature", "properties": { "timestamp": "2026-04-30T16:43:53.004Z", "latitude": 47.21376601979339, "longitude": 8.8011100802550128, "BELAGSART": 100, "surface_classification_asphalt": 0.79, "surface_classification_compacted": 0.18, "surface_classification_paving": 0.01, "surface_classification_sett": 0.01, "surface_classification_standing": 0.0, "surface_swisstopo": "paved", "surface_sensebox": "paved", "surface_sensebox_probability": 0.79, "match": "True" }, "geometry": { "type": "Point", "coordinates": [ 8.801110088947601, 47.213766029827354 ] } },
{ "type": "Feature", "properties": { "timestamp": "2026-04-30T16:43:54.004Z", "latitude": 47.213782004163981, "longitude": 8.8011690999773755, "BELAGSART": 100, "surface_classification_asphalt": null, "surface_classification_compacted": null, "surface_classification_paving": null, "surface_classification_sett": null, "surface_classification_standing": null, "surface_swisstopo": "paved", "surface_sensebox": "unknown", "surface_sensebox_probability": 0.0, "match": "unknown" }, "geometry": { "type": "Point", "coordinates": [ 8.801169108670013, 47.213782014197967 ] } },
{ "type": "Feature", "properties": { "timestamp": "2026-04-30T16:43:55.004Z", "latitude": 47.213796783616552, "longitude": 8.8012346401426811, "BELAGSART": 100, "surface_classification_asphalt": null, "surface_classification_compacted": null, "surface_classification_paving": null, "surface_classification_sett": null, "surface_classification_standing": null, "surface_swisstopo": "paved", "surface_sensebox": "unknown", "surface_sensebox_probability": 0.0, "match": "unknown" }, "geometry": { "type": "Point", "coordinates": [ 8.801234648835374, 47.213796793650523 ] } },
{ "type": "Feature", "properties": { "timestamp": "2026-04-30T16:43:56.004Z", "latitude": 47.213806207658919, "longitude": 8.8012930865130503, "BELAGSART": 100, "surface_classification_asphalt": 0.64, "surface_classification_compacted": 0.07, "surface_classification_paving": 0.02, "surface_classification_sett": 0.27, "surface_classification_standing": 0.0, "surface_swisstopo": "paved", "surface_sensebox": "paved", "surface_sensebox_probability": 0.64, "match": "True" }, "geometry": { "type": "Point", "coordinates": [ 8.801293095205802, 47.213806217692856 ] } },
{ "type": "Feature", "properties": { "timestamp": "2026-04-30T16:43:57.004Z", "latitude": 47.213823457707178, "longitude": 8.8013351982235708, "BELAGSART": 100, "surface_classification_asphalt": null, "surface_classification_compacted": null, "surface_classification_paving": null, "surface_classification_sett": null, "surface_classification_standing": null, "surface_swisstopo": "paved", "surface_sensebox": "unknown", "surface_sensebox_probability": 0.0, "match": "unknown" }, "geometry": { "type": "Point", "coordinates": [ 8.80133520691636, 47.213823467741122 ] } },
{ "type": "Feature", "properties": { "timestamp": "2026-04-30T16:43:58.004Z", "latitude": 47.213824649802632, "longitude": 8.8013879355577682, "BELAGSART": 100, "surface_classification_asphalt": null, "surface_classification_compacted": null, "surface_classification_paving": null, "surface_classification_sett": null, "surface_classification_standing": null, "surface_swisstopo": "paved", "surface_sensebox": "unknown", "surface_sensebox_probability": 0.0, "match": "unknown" }, "geometry": { "type": "Point", "coordinates": [ 8.801387944250605, 47.21382465983654 ] } },
{ "type": "Feature", "properties": { "timestamp": "2026-04-30T16:43:59.004Z", "latitude": 47.213837813166435, "longitude": 8.8014565198940939, "BELAGSART": 100, "surface_classification_asphalt": 0.92, "surface_classification_compacted": 0.03, "surface_classification_paving": 0.04, "surface_classification_sett": 0.0, "surface_classification_standing": 0.0, "surface_swisstopo": "paved", "surface_sensebox": "paved", "surface_sensebox_probability": 0.92, "match": "True" }, "geometry": { "type": "Point", "coordinates": [ 8.801456528586989, 47.213837823200343 ] } },
{ "type": "Feature", "properties": { "timestamp": "2026-04-30T16:44:00.004Z", "latitude": 47.213845929957415, "longitude": 8.8015184805944617, "BELAGSART": 100, "surface_classification_asphalt": null, "surface_classification_compacted": null, "surface_classification_paving": null, "surface_classification_sett": null, "surface_classification_standing": null, "surface_swisstopo": "paved", "surface_sensebox": "unknown", "surface_sensebox_probability": 0.0, "match": "unknown" }, "geometry": { "type": "Point", "coordinates": [ 8.801518489287414, 47.21384593999128 ] } },
{ "type": "Feature", "properties": { "timestamp": "2026-04-30T16:44:01.004Z", "latitude": 47.213860458014679, "longitude": 8.8015793580996426, "BELAGSART": 100, "surface_classification_asphalt": 0.76, "surface_classification_compacted": 0.07, "surface_classification_paving": 0.16, "surface_classification_sett": 0.0, "surface_classification_standing": 0.0, "surface_swisstopo": "paved", "surface_sensebox": "paved", "surface_sensebox_probability": 0.76, "match": "True" }, "geometry": { "type": "Point", "coordinates": [ 8.801579366792645, 47.213860468048573 ] } },
{ "type": "Feature", "properties": { "timestamp": "2026-04-30T16:44:02.004Z", "latitude": 47.21387712306371, "longitude": 8.8016457269456652, "BELAGSART": 100, "surface_classification_asphalt": null, "surface_classification_compacted": null, "surface_classification_paving": null, "surface_classification_sett": null, "surface_classification_standing": null, "surface_swisstopo": "paved", "surface_sensebox": "unknown", "surface_sensebox_probability": 0.0, "match": "unknown" }, "geometry": { "type": "Point", "coordinates": [ 8.801645735638733, 47.21387713309759 ] } },
{ "type": "Feature", "properties": { "timestamp": "2026-04-30T16:44:03.004Z", "latitude": 47.213881610520538, "longitude": 8.8017164450481715, "BELAGSART": 100, "surface_classification_asphalt": null, "surface_classification_compacted": null, "surface_classification_paving": null, "surface_classification_sett": null, "surface_classification_standing": null, "surface_swisstopo": "paved", "surface_sensebox": "unknown", "surface_sensebox_probability": 0.0, "match": "unknown" }, "geometry": { "type": "Point", "coordinates": [ 8.801716453741301, 47.213881620554361 ] } },
{ "type": "Feature", "properties": { "timestamp": "2026-04-30T16:44:04.004Z", "latitude": 47.213884597727336, "longitude": 8.8017807505777785, "BELAGSART": 100, "surface_classification_asphalt": 0.6, "surface_classification_compacted": 0.34, "surface_classification_paving": 0.02, "surface_classification_sett": 0.04, "surface_classification_standing": 0.0, "surface_swisstopo": "paved", "surface_sensebox": "paved", "surface_sensebox_probability": 0.6, "match": "True" }, "geometry": { "type": "Point", "coordinates": [ 8.80178075927097, 47.213884607761173 ] } },
{ "type": "Feature", "properties": { "timestamp": "2026-04-30T16:44:05.004Z", "latitude": 47.213887585228754, "longitude": 8.8018409301918332, "BELAGSART": 100, "surface_classification_asphalt": null, "surface_classification_compacted": null, "surface_classification_paving": null, "surface_classification_sett": null, "surface_classification_standing": null, "surface_swisstopo": "paved", "surface_sensebox": "unknown", "surface_sensebox_probability": 0.0, "match": "unknown" }, "geometry": { "type": "Point", "coordinates": [ 8.801840938885084, 47.213887595262548 ] } },
{ "type": "Feature", "properties": { "timestamp": "2026-04-30T16:44:06.004Z", "latitude": 47.213892299904643, "longitude": 8.8019066843505946, "BELAGSART": 100, "surface_classification_asphalt": null, "surface_classification_compacted": null, "surface_classification_paving": null, "surface_classification_sett": null, "surface_classification_standing": null, "surface_swisstopo": "paved", "surface_sensebox": "unknown", "surface_sensebox_probability": 0.0, "match": "unknown" }, "geometry": { "type": "Point", "coordinates": [ 8.801906693043906, 47.213892309938394 ] } },
{ "type": "Feature", "properties": { "timestamp": "2026-04-30T16:44:07.004Z", "latitude": 47.213908719778999, "longitude": 8.801978708518023, "BELAGSART": 100, "surface_classification_asphalt": 0.86, "surface_classification_compacted": 0.02, "surface_classification_paving": 0.12, "surface_classification_sett": 0.0, "surface_classification_standing": 0.01, "surface_swisstopo": "paved", "surface_sensebox": "paved", "surface_sensebox_probability": 0.86, "match": "True" }, "geometry": { "type": "Point", "coordinates": [ 8.801978717211396, 47.213908729812779 ] } },
{ "type": "Feature", "properties": { "timestamp": "2026-04-30T16:44:08.004Z", "latitude": 47.213922497521217, "longitude": 8.8020496663554475, "BELAGSART": 100, "surface_classification_asphalt": null, "surface_classification_compacted": null, "surface_classification_paving": null, "surface_classification_sett": null, "surface_classification_standing": null, "surface_swisstopo": "paved", "surface_sensebox": "unknown", "surface_sensebox_probability": 0.0, "match": "unknown" }, "geometry": { "type": "Point", "coordinates": [ 8.802049675048885, 47.213922507554983 ] } },
{ "type": "Feature", "properties": { "timestamp": "2026-04-30T16:44:09.004Z", "latitude": 47.213928602821362, "longitude": 8.8021345120855372, "BELAGSART": 100, "surface_classification_asphalt": null, "surface_classification_compacted": null, "surface_classification_paving": null, "surface_classification_sett": null, "surface_classification_standing": null, "surface_swisstopo": "paved", "surface_sensebox": "unknown", "surface_sensebox_probability": 0.0, "match": "unknown" }, "geometry": { "type": "Point", "coordinates": [ 8.802134520779054, 47.213928612855057 ] } },
{ "type": "Feature", "properties": { "timestamp": "2026-04-30T16:44:10.004Z", "latitude": 47.213930592345278, "longitude": 8.8021969853436097, "BELAGSART": 100, "surface_classification_asphalt": 0.88, "surface_classification_compacted": 0.02, "surface_classification_paving": 0.09, "surface_classification_sett": 0.0, "surface_classification_standing": 0.01, "surface_swisstopo": "paved", "surface_sensebox": "paved", "surface_sensebox_probability": 0.88, "match": "True" }, "geometry": { "type": "Point", "coordinates": [ 8.802196994037191, 47.213930602379008 ] } },
{ "type": "Feature", "properties": { "timestamp": "2026-04-30T16:44:11.004Z", "latitude": 47.213927217381723, "longitude": 8.8022560772821627, "BELAGSART": 100, "surface_classification_asphalt": null, "surface_classification_compacted": null, "surface_classification_paving": null, "surface_classification_sett": null, "surface_classification_standing": null, "surface_swisstopo": "paved", "surface_sensebox": "unknown", "surface_sensebox_probability": 0.0, "match": "unknown" }, "geometry": { "type": "Point", "coordinates": [ 8.802256085975797, 47.213927227415404 ] } },
{ "type": "Feature", "properties": { "timestamp": "2026-04-30T16:44:12.004Z", "latitude": 47.213938326680562, "longitude": 8.8023201011103396, "BELAGSART": 100, "surface_classification_asphalt": null, "surface_classification_compacted": null, "surface_classification_paving": null, "surface_classification_sett": null, "surface_classification_standing": null, "surface_swisstopo": "paved", "surface_sensebox": "unknown", "surface_sensebox_probability": 0.0, "match": "unknown" }, "geometry": { "type": "Point", "coordinates": [ 8.802320109804034, 47.213938336714278 ] } },
{ "type": "Feature", "properties": { "timestamp": "2026-04-30T16:44:13.004Z", "latitude": 47.213940324669224, "longitude": 8.8023869661991458, "BELAGSART": 100, "surface_classification_asphalt": 0.31, "surface_classification_compacted": 0.25, "surface_classification_paving": 0.44, "surface_classification_sett": 0.0, "surface_classification_standing": 0.0, "surface_swisstopo": "paved", "surface_sensebox": "unknown", "surface_sensebox_probability": 0.44, "match": "unknown" }, "geometry": { "type": "Point", "coordinates": [ 8.802386974892897, 47.213940334702933 ] } },
{ "type": "Feature", "properties": { "timestamp": "2026-04-30T16:44:14.004Z", "latitude": 47.213937203371081, "longitude": 8.802446493039163, "BELAGSART": 100, "surface_classification_asphalt": null, "surface_classification_compacted": null, "surface_classification_paving": null, "surface_classification_sett": null, "surface_classification_standing": null, "surface_swisstopo": "paved", "surface_sensebox": "unknown", "surface_sensebox_probability": 0.0, "match": "unknown" }, "geometry": { "type": "Point", "coordinates": [ 8.802446501732973, 47.213937213404691 ] } },
{ "type": "Feature", "properties": { "timestamp": "2026-04-30T16:44:15.004Z", "latitude": 47.213938248043547, "longitude": 8.8025075076075723, "BELAGSART": 100, "surface_classification_asphalt": null, "surface_classification_compacted": null, "surface_classification_paving": null, "surface_classification_sett": null, "surface_classification_standing": null, "surface_swisstopo": "paved", "surface_sensebox": "unknown", "surface_sensebox_probability": 0.0, "match": "unknown" }, "geometry": { "type": "Point", "coordinates": [ 8.802507516301446, 47.213938258077185 ] } },
{ "type": "Feature", "properties": { "timestamp": "2026-04-30T16:44:16.004Z", "latitude": 47.213942510980154, "longitude": 8.8025760851551915, "BELAGSART": 100, "surface_classification_asphalt": 0.73, "surface_classification_compacted": 0.21, "surface_classification_paving": 0.05, "surface_classification_sett": 0.01, "surface_classification_standing": 0.0, "surface_swisstopo": "paved", "surface_sensebox": "paved", "surface_sensebox_probability": 0.73, "match": "True" }, "geometry": { "type": "Point", "coordinates": [ 8.802576093849128, 47.213942521013763 ] } },
{ "type": "Feature", "properties": { "timestamp": "2026-04-30T16:44:17.004Z", "latitude": 47.213943892055767, "longitude": 8.8026500452123795, "BELAGSART": 100, "surface_classification_asphalt": null, "surface_classification_compacted": null, "surface_classification_paving": null, "surface_classification_sett": null, "surface_classification_standing": null, "surface_swisstopo": "paved", "surface_sensebox": "unknown", "surface_sensebox_probability": 0.0, "match": "unknown" }, "geometry": { "type": "Point", "coordinates": [ 8.802650053906383, 47.213943902089319 ] } },
{ "type": "Feature", "properties": { "timestamp": "2026-04-30T16:44:18.004Z", "latitude": 47.21394267656914, "longitude": 8.802722689568748, "BELAGSART": 100, "surface_classification_asphalt": 0.05, "surface_classification_compacted": 0.02, "surface_classification_paving": 0.03, "surface_classification_sett": 0.89, "surface_classification_standing": 0.0, "surface_swisstopo": "paved", "surface_sensebox": "paved", "surface_sensebox_probability": 0.89, "match": "True" }, "geometry": { "type": "Point", "coordinates": [ 8.802722698262828, 47.213942686602657 ] } },
{ "type": "Feature", "properties": { "timestamp": "2026-04-30T16:44:19.004Z", "latitude": 47.213937695873085, "longitude": 8.8027926423185221, "BELAGSART": 100, "surface_classification_asphalt": null, "surface_classification_compacted": null, "surface_classification_paving": null, "surface_classification_sett": null, "surface_classification_standing": null, "surface_swisstopo": "paved", "surface_sensebox": "unknown", "surface_sensebox_probability": 0.0, "match": "unknown" }, "geometry": { "type": "Point", "coordinates": [ 8.80279265101267, 47.213937705906631 ] } },
{ "type": "Feature", "properties": { "timestamp": "2026-04-30T16:44:20.004Z", "latitude": 47.213934777552531, "longitude": 8.8028575662577548, "BELAGSART": 100, "surface_classification_asphalt": null, "surface_classification_compacted": null, "surface_classification_paving": null, "surface_classification_sett": null, "surface_classification_standing": null, "surface_swisstopo": "paved", "surface_sensebox": "unknown", "surface_sensebox_probability": 0.0, "match": "unknown" }, "geometry": { "type": "Point", "coordinates": [ 8.802857574951963, 47.213934787586041 ] } },
{ "type": "Feature", "properties": { "timestamp": "2026-04-30T16:44:21.004Z", "latitude": 47.213931909461429, "longitude": 8.8029253385859807, "BELAGSART": 100, "surface_classification_asphalt": 0.63, "surface_classification_compacted": 0.07, "surface_classification_paving": 0.26, "surface_classification_sett": 0.04, "surface_classification_standing": 0.0, "surface_swisstopo": "paved", "surface_sensebox": "paved", "surface_sensebox_probability": 0.63, "match": "True" }, "geometry": { "type": "Point", "coordinates": [ 8.802925347280251, 47.213931919494939 ] } },
{ "type": "Feature", "properties": { "timestamp": "2026-04-30T16:44:22.004Z", "latitude": 47.213930540939657, "longitude": 8.8029922359691035, "BELAGSART": 100, "surface_classification_asphalt": null, "surface_classification_compacted": null, "surface_classification_paving": null, "surface_classification_sett": null, "surface_classification_standing": null, "surface_swisstopo": "paved", "surface_sensebox": "unknown", "surface_sensebox_probability": 0.0, "match": "unknown" }, "geometry": { "type": "Point", "coordinates": [ 8.802992244663441, 47.213930550973103 ] } },
{ "type": "Feature", "properties": { "timestamp": "2026-04-30T16:44:23.004Z", "latitude": 47.213928349952425, "longitude": 8.8030595353857919, "BELAGSART": 100, "surface_classification_asphalt": null, "surface_classification_compacted": null, "surface_classification_paving": null, "surface_classification_sett": null, "surface_classification_standing": null, "surface_swisstopo": "paved", "surface_sensebox": "unknown", "surface_sensebox_probability": 0.0, "match": "unknown" }, "geometry": { "type": "Point", "coordinates": [ 8.803059544080194, 47.213928359985907 ] } },
{ "type": "Feature", "properties": { "timestamp": "2026-04-30T16:44:24.004Z", "latitude": 47.213917621648399, "longitude": 8.8031262327415245, "BELAGSART": 100, "surface_classification_asphalt": 0.14, "surface_classification_compacted": 0.08, "surface_classification_paving": 0.77, "surface_classification_sett": 0.0, "surface_classification_standing": 0.0, "surface_swisstopo": "paved", "surface_sensebox": "paved", "surface_sensebox_probability": 0.77, "match": "True" }, "geometry": { "type": "Point", "coordinates": [ 8.803126241435997, 47.213917631681824 ] } },
{ "type": "Feature", "properties": { "timestamp": "2026-04-30T16:44:25.004Z", "latitude": 47.213913377719571, "longitude": 8.803192840563673, "BELAGSART": 100, "surface_classification_asphalt": null, "surface_classification_compacted": null, "surface_classification_paving": null, "surface_classification_sett": null, "surface_classification_standing": null, "surface_swisstopo": "paved", "surface_sensebox": "unknown", "surface_sensebox_probability": 0.0, "match": "unknown" }, "geometry": { "type": "Point", "coordinates": [ 8.803192849258213, 47.213913387753017 ] } },
{ "type": "Feature", "properties": { "timestamp": "2026-04-30T16:44:26.004Z", "latitude": 47.213909149669917, "longitude": 8.8032563017613761, "BELAGSART": 100, "surface_classification_asphalt": null, "surface_classification_compacted": null, "surface_classification_paving": null, "surface_classification_sett": null, "surface_classification_standing": null, "surface_swisstopo": "paved", "surface_sensebox": "unknown", "surface_sensebox_probability": 0.0, "match": "unknown" }, "geometry": { "type": "Point", "coordinates": [ 8.803256310455973, 47.21390915970332 ] } },
{ "type": "Feature", "properties": { "timestamp": "2026-04-30T16:44:27.004Z", "latitude": 47.213905355382927, "longitude": 8.803315144889865, "BELAGSART": 100, "surface_classification_asphalt": 0.09, "surface_classification_compacted": 0.13, "surface_classification_paving": 0.43, "surface_classification_sett": 0.35, "surface_classification_standing": 0.0, "surface_swisstopo": "paved", "surface_sensebox": "unknown", "surface_sensebox_probability": 0.43, "match": "unknown" }, "geometry": { "type": "Point", "coordinates": [ 8.803315153584517, 47.213905365416281 ] } },
{ "type": "Feature", "properties": { "timestamp": "2026-04-30T16:44:28.004Z", "latitude": 47.213903243328282, "longitude": 8.8033666830660504, "BELAGSART": 100, "surface_classification_asphalt": null, "surface_classification_compacted": null, "surface_classification_paving": null, "surface_classification_sett": null, "surface_classification_standing": null, "surface_swisstopo": "paved", "surface_sensebox": "unknown", "surface_sensebox_probability": 0.0, "match": "unknown" }, "geometry": { "type": "Point", "coordinates": [ 8.803366691760754, 47.2139032533616 ] } },
{ "type": "Feature", "properties": { "timestamp": "2026-04-30T16:44:29.004Z", "latitude": 47.213896056670599, "longitude": 8.8034150511137383, "BELAGSART": 100, "surface_classification_asphalt": null, "surface_classification_compacted": null, "surface_classification_paving": null, "surface_classification_sett": null, "surface_classification_standing": null, "surface_swisstopo": "paved", "surface_sensebox": "unknown", "surface_sensebox_probability": 0.0, "match": "unknown" }, "geometry": { "type": "Point", "coordinates": [ 8.803415059808492, 47.213896066703889 ] } },
{ "type": "Feature", "properties": { "timestamp": "2026-04-30T16:44:30.004Z", "latitude": 47.213888572386708, "longitude": 8.803447825313901, "BELAGSART": 100, "surface_classification_asphalt": 0.68, "surface_classification_compacted": 0.08, "surface_classification_paving": 0.2, "surface_classification_sett": 0.0, "surface_classification_standing": 0.04, "surface_swisstopo": "paved", "surface_sensebox": "paved", "surface_sensebox_probability": 0.68, "match": "True" }, "geometry": { "type": "Point", "coordinates": [ 8.803447834008688, 47.213888582420047 ] } },
{ "type": "Feature", "properties": { "timestamp": "2026-04-30T16:44:31.004Z", "latitude": 47.213881850024201, "longitude": 8.8034662650496731, "BELAGSART": 100, "surface_classification_asphalt": null, "surface_classification_compacted": null, "surface_classification_paving": null, "surface_classification_sett": null, "surface_classification_standing": null, "surface_swisstopo": "paved", "surface_sensebox": "unknown", "surface_sensebox_probability": 0.0, "match": "unknown" }, "geometry": { "type": "Point", "coordinates": [ 8.803466273744476, 47.213881860057526 ] } },
{ "type": "Feature", "properties": { "timestamp": "2026-04-30T16:44:32.004Z", "latitude": 47.213877901598053, "longitude": 8.8034721145018651, "BELAGSART": 100, "surface_classification_asphalt": 0.58, "surface_classification_compacted": 0.15, "surface_classification_paving": 0.27, "surface_classification_sett": 0.0, "surface_classification_standing": 0.0, "surface_swisstopo": "paved", "surface_sensebox": "paved", "surface_sensebox_probability": 0.58, "match": "True" }, "geometry": { "type": "Point", "coordinates": [ 8.803472123196679, 47.21387791163135 ] } },
{ "type": "Feature", "properties": { "timestamp": "2026-04-30T16:44:33.004Z", "latitude": 47.213869405491245, "longitude": 8.8034684227880469, "BELAGSART": 100, "surface_classification_asphalt": null, "surface_classification_compacted": null, "surface_classification_paving": null, "surface_classification_sett": null, "surface_classification_standing": null, "surface_swisstopo": "paved", "surface_sensebox": "unknown", "surface_sensebox_probability": 0.0, "match": "unknown" }, "geometry": { "type": "Point", "coordinates": [ 8.803468431482854, 47.213869415524556 ] } },
{ "type": "Feature", "properties": { "timestamp": "2026-04-30T16:44:34.004Z", "latitude": 47.213873021796864, "longitude": 8.8034714652487214, "BELAGSART": 100, "surface_classification_asphalt": null, "surface_classification_compacted": null, "surface_classification_paving": null, "surface_classification_sett": null, "surface_classification_standing": null, "surface_swisstopo": "paved", "surface_sensebox": "unknown", "surface_sensebox_probability": 0.0, "match": "unknown" }, "geometry": { "type": "Point", "coordinates": [ 8.803471473943542, 47.21387303183019 ] } },
{ "type": "Feature", "properties": { "timestamp": "2026-04-30T16:44:35.004Z", "latitude": 47.213876215708645, "longitude": 8.8034664493185328, "BELAGSART": 100, "surface_classification_asphalt": 0.43, "surface_classification_compacted": 0.53, "surface_classification_paving": 0.01, "surface_classification_sett": 0.03, "surface_classification_standing": 0.0, "surface_swisstopo": "paved", "surface_sensebox": "nature", "surface_sensebox_probability": 0.53, "match": "False" }, "geometry": { "type": "Point", "coordinates": [ 8.803466458013343, 47.213876225742005 ] } },
{ "type": "Feature", "properties": { "timestamp": "2026-04-30T16:44:36.004Z", "latitude": 47.21387692920932, "longitude": 8.8034629647694924, "BELAGSART": 100, "surface_classification_asphalt": null, "surface_classification_compacted": null, "surface_classification_paving": null, "surface_classification_sett": null, "surface_classification_standing": null, "surface_swisstopo": "paved", "surface_sensebox": "unknown", "surface_sensebox_probability": 0.0, "match": "unknown" }, "geometry": { "type": "Point", "coordinates": [ 8.803462973464301, 47.213876939242638 ] } },
{ "type": "Feature", "properties": { "timestamp": "2026-04-30T16:44:37.004Z", "latitude": 47.213873295685502, "longitude": 8.8034629311650185, "BELAGSART": 100, "surface_classification_asphalt": null, "surface_classification_compacted": null, "surface_classification_paving": null, "surface_classification_sett": null, "surface_classification_standing": null, "surface_swisstopo": "paved", "surface_sensebox": "unknown", "surface_sensebox_probability": 0.0, "match": "unknown" }, "geometry": { "type": "Point", "coordinates": [ 8.80346293985982, 47.213873305718806 ] } },
{ "type": "Feature", "properties": { "timestamp": "2026-04-30T16:44:38.004Z", "latitude": 47.213872199537022, "longitude": 8.803459762934132, "BELAGSART": 100, "surface_classification_asphalt": 0.88, "surface_classification_compacted": 0.03, "surface_classification_paving": 0.07, "surface_classification_sett": 0.0, "surface_classification_standing": 0.01, "surface_swisstopo": "paved", "surface_sensebox": "paved", "surface_sensebox_probability": 0.88, "match": "True" }, "geometry": { "type": "Point", "coordinates": [ 8.803459771628935, 47.21387220957034 ] } },
{ "type": "Feature", "properties": { "timestamp": "2026-04-30T16:44:39.004Z", "latitude": 47.213869761661996, "longitude": 8.8034558375507714, "BELAGSART": 100, "surface_classification_asphalt": null, "surface_classification_compacted": null, "surface_classification_paving": null, "surface_classification_sett": null, "surface_classification_standing": null, "surface_swisstopo": "paved", "surface_sensebox": "unknown", "surface_sensebox_probability": 0.0, "match": "unknown" }, "geometry": { "type": "Point", "coordinates": [ 8.803455846245571, 47.213869771695343 ] } },
{ "type": "Feature", "properties": { "timestamp": "2026-04-30T16:44:40.004Z", "latitude": 47.213870097042893, "longitude": 8.803448442903095, "BELAGSART": 100, "surface_classification_asphalt": null, "surface_classification_compacted": null, "surface_classification_paving": null, "surface_classification_sett": null, "surface_classification_standing": null, "surface_swisstopo": "paved", "surface_sensebox": "unknown", "surface_sensebox_probability": 0.0, "match": "unknown" }, "geometry": { "type": "Point", "coordinates": [ 8.803448451597891, 47.213870107076183 ] } },
{ "type": "Feature", "properties": { "timestamp": "2026-04-30T16:44:41.004Z", "latitude": 47.213870326101954, "longitude": 8.8034499169564384, "BELAGSART": 100, "surface_classification_asphalt": 0.92, "surface_classification_compacted": 0.02, "surface_classification_paving": 0.05, "surface_classification_sett": 0.0, "surface_classification_standing": 0.01, "surface_swisstopo": "paved", "surface_sensebox": "paved", "surface_sensebox_probability": 0.92, "match": "True" }, "geometry": { "type": "Point", "coordinates": [ 8.803449925651234, 47.213870336135294 ] } },
{ "type": "Feature", "properties": { "timestamp": "2026-04-30T16:44:42.004Z", "latitude": 47.213871138610827, "longitude": 8.8034501900366404, "BELAGSART": 100, "surface_classification_asphalt": null, "surface_classification_compacted": null, "surface_classification_paving": null, "surface_classification_sett": null, "surface_classification_standing": null, "surface_swisstopo": "paved", "surface_sensebox": "unknown", "surface_sensebox_probability": 0.0, "match": "unknown" }, "geometry": { "type": "Point", "coordinates": [ 8.803450198731436, 47.213871148644166 ] } },
{ "type": "Feature", "properties": { "timestamp": "2026-04-30T16:44:43.004Z", "latitude": 47.213869580450272, "longitude": 8.8034507429512043, "BELAGSART": 100, "surface_classification_asphalt": null, "surface_classification_compacted": null, "surface_classification_paving": null, "surface_classification_sett": null, "surface_classification_standing": null, "surface_swisstopo": "paved", "surface_sensebox": "unknown", "surface_sensebox_probability": 0.0, "match": "unknown" }, "geometry": { "type": "Point", "coordinates": [ 8.803450751646002, 47.213869590483611 ] } },
{ "type": "Feature", "properties": { "timestamp": "2026-04-30T16:44:44.004Z", "latitude": 47.213871495643367, "longitude": 8.8034514742876642, "BELAGSART": 100, "surface_classification_asphalt": 0.24, "surface_classification_compacted": 0.11, "surface_classification_paving": 0.13, "surface_classification_sett": 0.53, "surface_classification_standing": 0.0, "surface_swisstopo": "paved", "surface_sensebox": "paved", "surface_sensebox_probability": 0.53, "match": "True" }, "geometry": { "type": "Point", "coordinates": [ 8.80345148298246, 47.213871505676707 ] } },
{ "type": "Feature", "properties": { "timestamp": "2026-04-30T16:44:45.004Z", "latitude": 47.213875901168272, "longitude": 8.8034472702624011, "BELAGSART": 100, "surface_classification_asphalt": null, "surface_classification_compacted": null, "surface_classification_paving": null, "surface_classification_sett": null, "surface_classification_standing": null, "surface_swisstopo": "paved", "surface_sensebox": "unknown", "surface_sensebox_probability": 0.0, "match": "unknown" }, "geometry": { "type": "Point", "coordinates": [ 8.803447278957195, 47.21387591120159 ] } },
{ "type": "Feature", "properties": { "timestamp": "2026-04-30T16:44:46.004Z", "latitude": 47.213874210772943, "longitude": 8.8034493487705685, "BELAGSART": 100, "surface_classification_asphalt": null, "surface_classification_compacted": null, "surface_classification_paving": null, "surface_classification_sett": null, "surface_classification_standing": null, "surface_swisstopo": "paved", "surface_sensebox": "unknown", "surface_sensebox_probability": 0.0, "match": "unknown" }, "geometry": { "type": "Point", "coordinates": [ 8.803449357465361, 47.213874220806275 ] } },
{ "type": "Feature", "properties": { "timestamp": "2026-04-30T16:44:47.004Z", "latitude": 47.213874247605602, "longitude": 8.803454634423467, "BELAGSART": 100, "surface_classification_asphalt": 0.39, "surface_classification_compacted": 0.0, "surface_classification_paving": 0.07, "surface_classification_sett": 0.0, "surface_classification_standing": 0.54, "surface_swisstopo": "paved", "surface_sensebox": "unknown", "surface_sensebox_probability": 0.39, "match": "unknown" }, "geometry": { "type": "Point", "coordinates": [ 8.803454643118265, 47.213874257638928 ] } },
{ "type": "Feature", "properties": { "timestamp": "2026-04-30T16:44:48.004Z", "latitude": 47.213874921588904, "longitude": 8.8034540380125978, "BELAGSART": 100, "surface_classification_asphalt": null, "surface_classification_compacted": null, "surface_classification_paving": null, "surface_classification_sett": null, "surface_classification_standing": null, "surface_swisstopo": "paved", "surface_sensebox": "unknown", "surface_sensebox_probability": 0.0, "match": "unknown" }, "geometry": { "type": "Point", "coordinates": [ 8.803454046707394, 47.213874931622186 ] } },
{ "type": "Feature", "properties": { "timestamp": "2026-04-30T16:44:49.004Z", "latitude": 47.213871676790902, "longitude": 8.8034583064091851, "BELAGSART": 100, "surface_classification_asphalt": null, "surface_classification_compacted": null, "surface_classification_paving": null, "surface_classification_sett": null, "surface_classification_standing": null, "surface_swisstopo": "paved", "surface_sensebox": "unknown", "surface_sensebox_probability": 0.0, "match": "unknown" }, "geometry": { "type": "Point", "coordinates": [ 8.803458315103994, 47.213871686824227 ] } },
{ "type": "Feature", "properties": { "timestamp": "2026-04-30T16:44:50.004Z", "latitude": 47.213874871769548, "longitude": 8.8034566701649979, "BELAGSART": 100, "surface_classification_asphalt": 0.54, "surface_classification_compacted": 0.0, "surface_classification_paving": 0.3, "surface_classification_sett": 0.0, "surface_classification_standing": 0.16, "surface_swisstopo": "paved", "surface_sensebox": "paved", "surface_sensebox_probability": 0.54, "match": "True" }, "geometry": { "type": "Point", "coordinates": [ 8.803456678859796, 47.213874881802894 ] } },
{ "type": "Feature", "properties": { "timestamp": "2026-04-30T16:44:51.004Z", "latitude": 47.21387606949893, "longitude": 8.8034586574359341, "BELAGSART": 100, "surface_classification_asphalt": null, "surface_classification_compacted": null, "surface_classification_paving": null, "surface_classification_sett": null, "surface_classification_standing": null, "surface_swisstopo": "paved", "surface_sensebox": "unknown", "surface_sensebox_probability": 0.0, "match": "unknown" }, "geometry": { "type": "Point", "coordinates": [ 8.803458666130735, 47.21387607953222 ] } },
{ "type": "Feature", "properties": { "timestamp": "2026-04-30T16:44:52.004Z", "latitude": 47.213873286747031, "longitude": 8.8034579995144053, "BELAGSART": 100, "surface_classification_asphalt": null, "surface_classification_compacted": null, "surface_classification_paving": null, "surface_classification_sett": null, "surface_classification_standing": null, "surface_swisstopo": "paved", "surface_sensebox": "unknown", "surface_sensebox_probability": 0.0, "match": "unknown" }, "geometry": { "type": "Point", "coordinates": [ 8.803458008209208, 47.21387329678037 ] } },
{ "type": "Feature", "properties": { "timestamp": "2026-04-30T16:44:53.004Z", "latitude": 47.213875827084195, "longitude": 8.8034594712333138, "BELAGSART": 100, "surface_classification_asphalt": 0.29, "surface_classification_compacted": 0.0, "surface_classification_paving": 0.02, "surface_classification_sett": 0.0, "surface_classification_standing": 0.7, "surface_swisstopo": "paved", "surface_sensebox": "unknown", "surface_sensebox_probability": 0.29, "match": "unknown" }, "geometry": { "type": "Point", "coordinates": [ 8.803459479928119, 47.213875837117534 ] } },
{ "type": "Feature", "properties": { "timestamp": "2026-04-30T16:44:54.004Z", "latitude": 47.213875177868701, "longitude": 8.80345945117352, "BELAGSART": 100, "surface_classification_asphalt": null, "surface_classification_compacted": null, "surface_classification_paving": null, "surface_classification_sett": null, "surface_classification_standing": null, "surface_swisstopo": "paved", "surface_sensebox": "unknown", "surface_sensebox_probability": 0.0, "match": "unknown" }, "geometry": { "type": "Point", "coordinates": [ 8.803459459868325, 47.213875187901998 ] } },
{ "type": "Feature", "properties": { "timestamp": "2026-04-30T16:44:55.004Z", "latitude": 47.213875676607977, "longitude": 8.8034598411415619, "BELAGSART": 100, "surface_classification_asphalt": null, "surface_classification_compacted": null, "surface_classification_paving": null, "surface_classification_sett": null, "surface_classification_standing": null, "surface_swisstopo": "paved", "surface_sensebox": "unknown", "surface_sensebox_probability": 0.0, "match": "unknown" }, "geometry": { "type": "Point", "coordinates": [ 8.803459849836367, 47.213875686641323 ] } },
{ "type": "Feature", "properties": { "timestamp": "2026-04-30T16:44:56.004Z", "latitude": 47.213866768131041, "longitude": 8.8034709567777938, "BELAGSART": 100, "surface_classification_asphalt": 0.05, "surface_classification_compacted": 0.0, "surface_classification_paving": 0.01, "surface_classification_sett": 0.0, "surface_classification_standing": 0.94, "surface_swisstopo": "paved", "surface_sensebox": "unknown", "surface_sensebox_probability": 0.0, "match": "unknown" }, "geometry": { "type": "Point", "coordinates": [ 8.803470965472609, 47.213866778164331 ] } },
{ "type": "Feature", "properties": { "timestamp": "2026-04-30T16:44:57.004Z", "latitude": 47.21386588181403, "longitude": 8.8034711347042887, "BELAGSART": 100, "surface_classification_asphalt": null, "surface_classification_compacted": null, "surface_classification_paving": null, "surface_classification_sett": null, "surface_classification_standing": null, "surface_swisstopo": "paved", "surface_sensebox": "unknown", "surface_sensebox_probability": 0.0, "match": "unknown" }, "geometry": { "type": "Point", "coordinates": [ 8.803471143399108, 47.213865891847341 ] } },
{ "type": "Feature", "properties": { "timestamp": "2026-04-30T16:44:58.004Z", "latitude": 47.213866327322052, "longitude": 8.8034710280997928, "BELAGSART": 100, "surface_classification_asphalt": null, "surface_classification_compacted": null, "surface_classification_paving": null, "surface_classification_sett": null, "surface_classification_standing": null, "surface_swisstopo": "paved", "surface_sensebox": "unknown", "surface_sensebox_probability": 0.0, "match": "unknown" }, "geometry": { "type": "Point", "coordinates": [ 8.80347103679461, 47.21386633735537 ] } },
{ "type": "Feature", "properties": { "timestamp": "2026-04-30T16:44:59.004Z", "latitude": 47.213862435086291, "longitude": 8.8034706182972524, "BELAGSART": 100, "surface_classification_asphalt": 0.64, "surface_classification_compacted": 0.03, "surface_classification_paving": 0.23, "surface_classification_sett": 0.01, "surface_classification_standing": 0.09, "surface_swisstopo": "paved", "surface_sensebox": "paved", "surface_sensebox_probability": 0.64, "match": "True" }, "geometry": { "type": "Point", "coordinates": [ 8.803470626992072, 47.213862445119616 ] } },
{ "type": "Feature", "properties": { "timestamp": "2026-04-30T16:45:00.004Z", "latitude": 47.213862192233321, "longitude": 8.8034698068842623, "BELAGSART": 100, "surface_classification_asphalt": null, "surface_classification_compacted": null, "surface_classification_paving": null, "surface_classification_sett": null, "surface_classification_standing": null, "surface_swisstopo": "paved", "surface_sensebox": "unknown", "surface_sensebox_probability": 0.0, "match": "unknown" }, "geometry": { "type": "Point", "coordinates": [ 8.803469815579078, 47.213862202266647 ] } },
{ "type": "Feature", "properties": { "timestamp": "2026-04-30T16:45:01.004Z", "latitude": 47.213859145160576, "longitude": 8.8034698803657339, "BELAGSART": 100, "surface_classification_asphalt": null, "surface_classification_compacted": null, "surface_classification_paving": null, "surface_classification_sett": null, "surface_classification_standing": null, "surface_swisstopo": "paved", "surface_sensebox": "unknown", "surface_sensebox_probability": 0.0, "match": "unknown" }, "geometry": { "type": "Point", "coordinates": [ 8.803469889060551, 47.213859155193873 ] } },
{ "type": "Feature", "properties": { "timestamp": "2026-04-30T16:45:02.004Z", "latitude": 47.213858437841502, "longitude": 8.8034677891071595, "BELAGSART": 100, "surface_classification_asphalt": 0.82, "surface_classification_compacted": 0.0, "surface_classification_paving": 0.06, "surface_classification_sett": 0.0, "surface_classification_standing": 0.11, "surface_swisstopo": "paved", "surface_sensebox": "paved", "surface_sensebox_probability": 0.82, "match": "True" }, "geometry": { "type": "Point", "coordinates": [ 8.803467797801975, 47.213858447874848 ] } },
{ "type": "Feature", "properties": { "timestamp": "2026-04-30T16:45:03.004Z", "latitude": 47.213862423586434, "longitude": 8.8034694795938471, "BELAGSART": 100, "surface_classification_asphalt": null, "surface_classification_compacted": null, "surface_classification_paving": null, "surface_classification_sett": null, "surface_classification_standing": null, "surface_swisstopo": "paved", "surface_sensebox": "unknown", "surface_sensebox_probability": 0.0, "match": "unknown" }, "geometry": { "type": "Point", "coordinates": [ 8.803469488288666, 47.213862433619767 ] } },
{ "type": "Feature", "properties": { "timestamp": "2026-04-30T16:45:04.004Z", "latitude": 47.213868896592835, "longitude": 8.803466520864129, "BELAGSART": 100, "surface_classification_asphalt": null, "surface_classification_compacted": null, "surface_classification_paving": null, "surface_classification_sett": null, "surface_classification_standing": null, "surface_swisstopo": "paved", "surface_sensebox": "unknown", "surface_sensebox_probability": 0.0, "match": "unknown" }, "geometry": { "type": "Point", "coordinates": [ 8.803466529558943, 47.213868906626139 ] } },
{ "type": "Feature", "properties": { "timestamp": "2026-04-30T16:45:05.004Z", "latitude": 47.213875352382452, "longitude": 8.8034668385862958, "BELAGSART": 100, "surface_classification_asphalt": 0.9, "surface_classification_compacted": 0.02, "surface_classification_paving": 0.02, "surface_classification_sett": 0.04, "surface_classification_standing": 0.0, "surface_swisstopo": "paved", "surface_sensebox": "paved", "surface_sensebox_probability": 0.9, "match": "True" }, "geometry": { "type": "Point", "coordinates": [ 8.80346684728111, 47.213875362415763 ] } },
{ "type": "Feature", "properties": { "timestamp": "2026-04-30T16:45:06.004Z", "latitude": 47.213881425619391, "longitude": 8.8034633559497486, "BELAGSART": 100, "surface_classification_asphalt": null, "surface_classification_compacted": null, "surface_classification_paving": null, "surface_classification_sett": null, "surface_classification_standing": null, "surface_swisstopo": "paved", "surface_sensebox": "unknown", "surface_sensebox_probability": 0.0, "match": "unknown" }, "geometry": { "type": "Point", "coordinates": [ 8.803463364644555, 47.213881435652702 ] } },
{ "type": "Feature", "properties": { "timestamp": "2026-04-30T16:45:07.004Z", "latitude": 47.213875169404908, "longitude": 8.8034561119236248, "BELAGSART": 100, "surface_classification_asphalt": null, "surface_classification_compacted": null, "surface_classification_paving": null, "surface_classification_sett": null, "surface_classification_standing": null, "surface_swisstopo": "paved", "surface_sensebox": "unknown", "surface_sensebox_probability": 0.0, "match": "unknown" }, "geometry": { "type": "Point", "coordinates": [ 8.803456120618424, 47.213875179438226 ] } },
{ "type": "Feature", "properties": { "timestamp": "2026-04-30T16:45:08.004Z", "latitude": 47.213879132575549, "longitude": 8.8034513489492436, "BELAGSART": 100, "surface_classification_asphalt": 0.0, "surface_classification_compacted": 0.0, "surface_classification_paving": 0.0, "surface_classification_sett": 0.0, "surface_classification_standing": 1.0, "surface_swisstopo": "paved", "surface_sensebox": "unknown", "surface_sensebox_probability": 0.0, "match": "unknown" }, "geometry": { "type": "Point", "coordinates": [ 8.803451357644038, 47.21387914260886 ] } },
{ "type": "Feature", "properties": { "timestamp": "2026-04-30T16:45:09.004Z", "latitude": 47.213879053603229, "longitude": 8.8034462894019629, "BELAGSART": 100, "surface_classification_asphalt": null, "surface_classification_compacted": null, "surface_classification_paving": null, "surface_classification_sett": null, "surface_classification_standing": null, "surface_swisstopo": "paved", "surface_sensebox": "unknown", "surface_sensebox_probability": 0.0, "match": "unknown" }, "geometry": { "type": "Point", "coordinates": [ 8.80344629809675, 47.213879063636526 ] } },
{ "type": "Feature", "properties": { "timestamp": "2026-04-30T16:45:12.004Z", "latitude": 47.213875397340338, "longitude": 8.8034401666653537, "BELAGSART": 100, "surface_classification_asphalt": 0.01, "surface_classification_compacted": 0.0, "surface_classification_paving": 0.0, "surface_classification_sett": 0.0, "surface_classification_standing": 0.99, "surface_swisstopo": "paved", "surface_sensebox": "unknown", "surface_sensebox_probability": 0.0, "match": "unknown" }, "geometry": { "type": "Point", "coordinates": [ 8.803440175360139, 47.213875407373713 ] } },
{ "type": "Feature", "properties": { "timestamp": "2026-04-30T16:45:13.004Z", "latitude": 47.213874319918226, "longitude": 8.8034405223275591, "BELAGSART": 100, "surface_classification_asphalt": 0.03, "surface_classification_compacted": 0.0, "surface_classification_paving": 0.02, "surface_classification_sett": 0.0, "surface_classification_standing": 0.95, "surface_swisstopo": "paved", "surface_sensebox": "unknown", "surface_sensebox_probability": 0.0, "match": "unknown" }, "geometry": { "type": "Point", "coordinates": [ 8.803440531022348, 47.213874329951587 ] } },
{ "type": "Feature", "properties": { "timestamp": "2026-04-30T16:45:14.004Z", "latitude": 47.213874978921062, "longitude": 8.8034429451127814, "BELAGSART": 100, "surface_classification_asphalt": null, "surface_classification_compacted": null, "surface_classification_paving": null, "surface_classification_sett": null, "surface_classification_standing": null, "surface_swisstopo": "paved", "surface_sensebox": "unknown", "surface_sensebox_probability": 0.0, "match": "unknown" }, "geometry": { "type": "Point", "coordinates": [ 8.803442953807568, 47.21387498895438 ] } },
{ "type": "Feature", "properties": { "timestamp": "2026-04-30T16:45:15.004Z", "latitude": 47.213876306883392, "longitude": 8.8034435341366581, "BELAGSART": 100, "surface_classification_asphalt": null, "surface_classification_compacted": null, "surface_classification_paving": null, "surface_classification_sett": null, "surface_classification_standing": null, "surface_swisstopo": "paved", "surface_sensebox": "unknown", "surface_sensebox_probability": 0.0, "match": "unknown" }, "geometry": { "type": "Point", "coordinates": [ 8.803443542831445, 47.213876316916704 ] } },
{ "type": "Feature", "properties": { "timestamp": "2026-04-30T16:45:16.005Z", "latitude": 47.213876306883392, "longitude": 8.8034435341366581, "BELAGSART": 100, "surface_classification_asphalt": 0.01, "surface_classification_compacted": 0.0, "surface_classification_paving": 0.0, "surface_classification_sett": 0.0, "surface_classification_standing": 0.99, "surface_swisstopo": "paved", "surface_sensebox": "unknown", "surface_sensebox_probability": 0.0, "match": "unknown" }, "geometry": { "type": "Point", "coordinates": [ 8.803443542831445, 47.213876316916704 ] } },
{ "type": "Feature", "properties": { "timestamp": "2026-04-30T16:45:18.005Z", "latitude": 47.213880341676195, "longitude": 8.8034420279478738, "BELAGSART": 100, "surface_classification_asphalt": null, "surface_classification_compacted": null, "surface_classification_paving": null, "surface_classification_sett": null, "surface_classification_standing": null, "surface_swisstopo": "paved", "surface_sensebox": "unknown", "surface_sensebox_probability": 0.0, "match": "unknown" }, "geometry": { "type": "Point", "coordinates": [ 8.803442036642657, 47.213880351709513 ] } },
{ "type": "Feature", "properties": { "timestamp": "2026-04-30T16:45:19.005Z", "latitude": 47.213880548016107, "longitude": 8.8034445223983635, "BELAGSART": 100, "surface_classification_asphalt": 0.01, "surface_classification_compacted": 0.0, "surface_classification_paving": 0.0, "surface_classification_sett": 0.0, "surface_classification_standing": 0.98, "surface_swisstopo": "paved", "surface_sensebox": "unknown", "surface_sensebox_probability": 0.0, "match": "unknown" }, "geometry": { "type": "Point", "coordinates": [ 8.803444531093149, 47.213880558049389 ] } },
{ "type": "Feature", "properties": { "timestamp": "2026-04-30T16:45:20.005Z", "latitude": 47.213880004723123, "longitude": 8.8034447900361545, "BELAGSART": 100, "surface_classification_asphalt": null, "surface_classification_compacted": null, "surface_classification_paving": null, "surface_classification_sett": null, "surface_classification_standing": null, "surface_swisstopo": "paved", "surface_sensebox": "unknown", "surface_sensebox_probability": 0.0, "match": "unknown" }, "geometry": { "type": "Point", "coordinates": [ 8.803444798730942, 47.213880014756434 ] } },
{ "type": "Feature", "properties": { "timestamp": "2026-04-30T16:45:21.005Z", "latitude": 47.213881309217818, "longitude": 8.803445336924586, "BELAGSART": 100, "surface_classification_asphalt": null, "surface_classification_compacted": null, "surface_classification_paving": null, "surface_classification_sett": null, "surface_classification_standing": null, "surface_swisstopo": "paved", "surface_sensebox": "unknown", "surface_sensebox_probability": 0.0, "match": "unknown" }, "geometry": { "type": "Point", "coordinates": [ 8.803445345619377, 47.213881319251165 ] } },
{ "type": "Feature", "properties": { "timestamp": "2026-04-30T16:45:22.005Z", "latitude": 47.213879277238526, "longitude": 8.8034476322933148, "BELAGSART": 100, "surface_classification_asphalt": 0.05, "surface_classification_compacted": 0.06, "surface_classification_paving": 0.07, "surface_classification_sett": 0.81, "surface_classification_standing": 0.0, "surface_swisstopo": "paved", "surface_sensebox": "paved", "surface_sensebox_probability": 0.81, "match": "True" }, "geometry": { "type": "Point", "coordinates": [ 8.803447640988107, 47.213879287271901 ] } },
{ "type": "Feature", "properties": { "timestamp": "2026-04-30T16:45:23.005Z", "latitude": 47.213871890429544, "longitude": 8.8034610755316862, "BELAGSART": 100, "surface_classification_asphalt": null, "surface_classification_compacted": null, "surface_classification_paving": null, "surface_classification_sett": null, "surface_classification_standing": null, "surface_swisstopo": "paved", "surface_sensebox": "unknown", "surface_sensebox_probability": 0.0, "match": "unknown" }, "geometry": { "type": "Point", "coordinates": [ 8.803461084226493, 47.213871900462884 ] } },
{ "type": "Feature", "properties": { "timestamp": "2026-04-30T16:45:24.005Z", "latitude": 47.213867483232193, "longitude": 8.8034758482198523, "BELAGSART": 100, "surface_classification_asphalt": null, "surface_classification_compacted": null, "surface_classification_paving": null, "surface_classification_sett": null, "surface_classification_standing": null, "surface_swisstopo": "paved", "surface_sensebox": "unknown", "surface_sensebox_probability": 0.0, "match": "unknown" }, "geometry": { "type": "Point", "coordinates": [ 8.803475856914671, 47.213867493265461 ] } },
{ "type": "Feature", "properties": { "timestamp": "2026-04-30T16:45:25.005Z", "latitude": 47.213860280936558, "longitude": 8.8034700656091758, "BELAGSART": 100, "surface_classification_asphalt": 0.12, "surface_classification_compacted": 0.09, "surface_classification_paving": 0.79, "surface_classification_sett": 0.01, "surface_classification_standing": 0.0, "surface_swisstopo": "paved", "surface_sensebox": "paved", "surface_sensebox_probability": 0.79, "match": "True" }, "geometry": { "type": "Point", "coordinates": [ 8.803470074303991, 47.213860290969862 ] } },
{ "type": "Feature", "properties": { "timestamp": "2026-04-30T16:45:26.005Z", "latitude": 47.213854666291702, "longitude": 8.8034628610589216, "BELAGSART": 100, "surface_classification_asphalt": null, "surface_classification_compacted": null, "surface_classification_paving": null, "surface_classification_sett": null, "surface_classification_standing": null, "surface_swisstopo": "paved", "surface_sensebox": "unknown", "surface_sensebox_probability": 0.0, "match": "unknown" }, "geometry": { "type": "Point", "coordinates": [ 8.803462869753739, 47.213854676325028 ] } },
{ "type": "Feature", "properties": { "timestamp": "2026-04-30T16:45:27.005Z", "latitude": 47.213861910881242, "longitude": 8.8034637585078173, "BELAGSART": 100, "surface_classification_asphalt": null, "surface_classification_compacted": null, "surface_classification_paving": null, "surface_classification_sett": null, "surface_classification_standing": null, "surface_swisstopo": "paved", "surface_sensebox": "unknown", "surface_sensebox_probability": 0.0, "match": "unknown" }, "geometry": { "type": "Point", "coordinates": [ 8.803463767202631, 47.213861920914582 ] } },
{ "type": "Feature", "properties": { "timestamp": "2026-04-30T16:45:28.005Z", "latitude": 47.213862979702192, "longitude": 8.803463979471239, "BELAGSART": 100, "surface_classification_asphalt": 0.61, "surface_classification_compacted": 0.01, "surface_classification_paving": 0.31, "surface_classification_sett": 0.0, "surface_classification_standing": 0.06, "surface_swisstopo": "paved", "surface_sensebox": "paved", "surface_sensebox_probability": 0.61, "match": "True" }, "geometry": { "type": "Point", "coordinates": [ 8.803463988166047, 47.213862989735517 ] } },
{ "type": "Feature", "properties": { "timestamp": "2026-04-30T16:45:33.005Z", "latitude": 47.213869275866102, "longitude": 8.8034630711766386, "BELAGSART": 100, "surface_classification_asphalt": 0.2, "surface_classification_compacted": 0.0, "surface_classification_paving": 0.04, "surface_classification_sett": 0.0, "surface_classification_standing": 0.76, "surface_swisstopo": "paved", "surface_sensebox": "unknown", "surface_sensebox_probability": 0.2, "match": "unknown" }, "geometry": { "type": "Point", "coordinates": [ 8.803463079871443, 47.213869285899406 ] } },
{ "type": "Feature", "properties": { "timestamp": "2026-04-30T16:45:34.005Z", "latitude": 47.213869136781533, "longitude": 8.8034644686135053, "BELAGSART": 100, "surface_classification_asphalt": 0.01, "surface_classification_compacted": 0.05, "surface_classification_paving": 0.02, "surface_classification_sett": 0.92, "surface_classification_standing": 0.0, "surface_swisstopo": "paved", "surface_sensebox": "paved", "surface_sensebox_probability": 0.92, "match": "True" }, "geometry": { "type": "Point", "coordinates": [ 8.803464477308315, 47.213869146814829 ] } },
{ "type": "Feature", "properties": { "timestamp": "2026-04-30T16:45:35.005Z", "latitude": 47.213873540371132, "longitude": 8.8034672839931929, "BELAGSART": 100, "surface_classification_asphalt": null, "surface_classification_compacted": null, "surface_classification_paving": null, "surface_classification_sett": null, "surface_classification_standing": null, "surface_swisstopo": "paved", "surface_sensebox": "unknown", "surface_sensebox_probability": 0.0, "match": "unknown" }, "geometry": { "type": "Point", "coordinates": [ 8.803467292688003, 47.21387355040445 ] } },
{ "type": "Feature", "properties": { "timestamp": "2026-04-30T16:45:36.005Z", "latitude": 47.213867899444864, "longitude": 8.803461614096241, "BELAGSART": 100, "surface_classification_asphalt": null, "surface_classification_compacted": null, "surface_classification_paving": null, "surface_classification_sett": null, "surface_classification_standing": null, "surface_swisstopo": "paved", "surface_sensebox": "unknown", "surface_sensebox_probability": 0.0, "match": "unknown" }, "geometry": { "type": "Point", "coordinates": [ 8.803461622791053, 47.213867909478154 ] } },
{ "type": "Feature", "properties": { "timestamp": "2026-04-30T16:45:37.005Z", "latitude": 47.213868112831641, "longitude": 8.8034675812542424, "BELAGSART": 100, "surface_classification_asphalt": 0.03, "surface_classification_compacted": 0.92, "surface_classification_paving": 0.05, "surface_classification_sett": 0.0, "surface_classification_standing": 0.0, "surface_swisstopo": "paved", "surface_sensebox": "nature", "surface_sensebox_probability": 0.92, "match": "False" }, "geometry": { "type": "Point", "coordinates": [ 8.803467589949054, 47.213868122864987 ] } },
{ "type": "Feature", "properties": { "timestamp": "2026-04-30T16:45:38.005Z", "latitude": 47.213861323346109, "longitude": 8.8034574326848993, "BELAGSART": 100, "surface_classification_asphalt": null, "surface_classification_compacted": null, "surface_classification_paving": null, "surface_classification_sett": null, "surface_classification_standing": null, "surface_swisstopo": "paved", "surface_sensebox": "unknown", "surface_sensebox_probability": 0.0, "match": "unknown" }, "geometry": { "type": "Point", "coordinates": [ 8.803457441379701, 47.213861333379398 ] } },
{ "type": "Feature", "properties": { "timestamp": "2026-04-30T16:45:39.005Z", "latitude": 47.213864210216947, "longitude": 8.8034570190653838, "BELAGSART": 100, "surface_classification_asphalt": null, "surface_classification_compacted": null, "surface_classification_paving": null, "surface_classification_sett": null, "surface_classification_standing": null, "surface_swisstopo": "paved", "surface_sensebox": "unknown", "surface_sensebox_probability": 0.0, "match": "unknown" }, "geometry": { "type": "Point", "coordinates": [ 8.803457027760187, 47.213864220250287 ] } },
{ "type": "Feature", "properties": { "timestamp": "2026-04-30T16:45:40.005Z", "latitude": 47.213865899821407, "longitude": 8.8034600146711632, "BELAGSART": 100, "surface_classification_asphalt": 0.66, "surface_classification_compacted": 0.14, "surface_classification_paving": 0.08, "surface_classification_sett": 0.02, "surface_classification_standing": 0.1, "surface_swisstopo": "paved", "surface_sensebox": "paved", "surface_sensebox_probability": 0.66, "match": "True" }, "geometry": { "type": "Point", "coordinates": [ 8.803460023365972, 47.213865909854725 ] } },
{ "type": "Feature", "properties": { "timestamp": "2026-04-30T16:45:41.005Z", "latitude": 47.21386587338236, "longitude": 8.8034569047799494, "BELAGSART": 100, "surface_classification_asphalt": null, "surface_classification_compacted": null, "surface_classification_paving": null, "surface_classification_sett": null, "surface_classification_standing": null, "surface_swisstopo": "paved", "surface_sensebox": "unknown", "surface_sensebox_probability": 0.0, "match": "unknown" }, "geometry": { "type": "Point", "coordinates": [ 8.803456913474754, 47.213865883415693 ] } },
{ "type": "Feature", "properties": { "timestamp": "2026-04-30T16:45:42.005Z", "latitude": 47.213863688089759, "longitude": 8.8034604984845615, "BELAGSART": 100, "surface_classification_asphalt": null, "surface_classification_compacted": null, "surface_classification_paving": null, "surface_classification_sett": null, "surface_classification_standing": null, "surface_swisstopo": "paved", "surface_sensebox": "unknown", "surface_sensebox_probability": 0.0, "match": "unknown" }, "geometry": { "type": "Point", "coordinates": [ 8.803460507179365, 47.21386369812307 ] } },
{ "type": "Feature", "properties": { "timestamp": "2026-04-30T16:45:43.005Z", "latitude": 47.213868335743669, "longitude": 8.8034578962088883, "BELAGSART": 100, "surface_classification_asphalt": 0.05, "surface_classification_compacted": 0.67, "surface_classification_paving": 0.01, "surface_classification_sett": 0.27, "surface_classification_standing": 0.0, "surface_swisstopo": "paved", "surface_sensebox": "nature", "surface_sensebox_probability": 0.67, "match": "False" }, "geometry": { "type": "Point", "coordinates": [ 8.803457904903691, 47.21386834577698 ] } },
{ "type": "Feature", "properties": { "timestamp": "2026-04-30T16:45:44.005Z", "latitude": 47.21385621817857, "longitude": 8.8034529852616821, "BELAGSART": 100, "surface_classification_asphalt": null, "surface_classification_compacted": null, "surface_classification_paving": null, "surface_classification_sett": null, "surface_classification_standing": null, "surface_swisstopo": "paved", "surface_sensebox": "unknown", "surface_sensebox_probability": 0.0, "match": "unknown" }, "geometry": { "type": "Point", "coordinates": [ 8.803452993956485, 47.213856228211895 ] } },
{ "type": "Feature", "properties": { "timestamp": "2026-04-30T16:45:45.005Z", "latitude": 47.213850762426496, "longitude": 8.8034481630642123, "BELAGSART": 100, "surface_classification_asphalt": null, "surface_classification_compacted": null, "surface_classification_paving": null, "surface_classification_sett": null, "surface_classification_standing": null, "surface_swisstopo": "paved", "surface_sensebox": "unknown", "surface_sensebox_probability": 0.0, "match": "unknown" }, "geometry": { "type": "Point", "coordinates": [ 8.80344817175901, 47.213850772459764 ] } },
{ "type": "Feature", "properties": { "timestamp": "2026-04-30T16:45:46.005Z", "latitude": 47.213845601810952, "longitude": 8.8034410010322457, "BELAGSART": 100, "surface_classification_asphalt": 0.04, "surface_classification_compacted": 0.23, "surface_classification_paving": 0.04, "surface_classification_sett": 0.7, "surface_classification_standing": 0.0, "surface_swisstopo": "paved", "surface_sensebox": "paved", "surface_sensebox_probability": 0.7, "match": "True" }, "geometry": { "type": "Point", "coordinates": [ 8.803441009727042, 47.213845611844249 ] } },
{ "type": "Feature", "properties": { "timestamp": "2026-04-30T16:45:47.005Z", "latitude": 47.213839877797255, "longitude": 8.8034357159958372, "BELAGSART": 100, "surface_classification_asphalt": null, "surface_classification_compacted": null, "surface_classification_paving": null, "surface_classification_sett": null, "surface_classification_standing": null, "surface_swisstopo": "paved", "surface_sensebox": "unknown", "surface_sensebox_probability": 0.0, "match": "unknown" }, "geometry": { "type": "Point", "coordinates": [ 8.803435724690626, 47.213839887830567 ] } },
{ "type": "Feature", "properties": { "timestamp": "2026-04-30T16:45:48.005Z", "latitude": 47.213832141885788, "longitude": 8.8034285142635813, "BELAGSART": 100, "surface_classification_asphalt": null, "surface_classification_compacted": null, "surface_classification_paving": null, "surface_classification_sett": null, "surface_classification_standing": null, "surface_swisstopo": "paved", "surface_sensebox": "unknown", "surface_sensebox_probability": 0.0, "match": "unknown" }, "geometry": { "type": "Point", "coordinates": [ 8.803428522958368, 47.2138321519191 ] } },
{ "type": "Feature", "properties": { "timestamp": "2026-04-30T16:45:49.005Z", "latitude": 47.213821622255942, "longitude": 8.8034264196644916, "BELAGSART": 100, "surface_classification_asphalt": 0.05, "surface_classification_compacted": 0.19, "surface_classification_paving": 0.03, "surface_classification_sett": 0.73, "surface_classification_standing": 0.0, "surface_swisstopo": "paved", "surface_sensebox": "paved", "surface_sensebox_probability": 0.73, "match": "True" }, "geometry": { "type": "Point", "coordinates": [ 8.803426428359286, 47.213821632289275 ] } },
{ "type": "Feature", "properties": { "timestamp": "2026-04-30T16:45:50.005Z", "latitude": 47.213823657276528, "longitude": 8.8034302395061257, "BELAGSART": 100, "surface_classification_asphalt": null, "surface_classification_compacted": null, "surface_classification_paving": null, "surface_classification_sett": null, "surface_classification_standing": null, "surface_swisstopo": "paved", "surface_sensebox": "unknown", "surface_sensebox_probability": 0.0, "match": "unknown" }, "geometry": { "type": "Point", "coordinates": [ 8.80343024820092, 47.213823667309867 ] } },
{ "type": "Feature", "properties": { "timestamp": "2026-04-30T16:45:51.005Z", "latitude": 47.213815079893131, "longitude": 8.8034371137148337, "BELAGSART": 100, "surface_classification_asphalt": null, "surface_classification_compacted": null, "surface_classification_paving": null, "surface_classification_sett": null, "surface_classification_standing": null, "surface_swisstopo": "paved", "surface_sensebox": "unknown", "surface_sensebox_probability": 0.0, "match": "unknown" }, "geometry": { "type": "Point", "coordinates": [ 8.803437122409637, 47.213815089926428 ] } },
{ "type": "Feature", "properties": { "timestamp": "2026-04-30T16:45:52.005Z", "latitude": 47.213856242119185, "longitude": 8.8034544362362297, "BELAGSART": 100, "surface_classification_asphalt": 0.16, "surface_classification_compacted": 0.78, "surface_classification_paving": 0.02, "surface_classification_sett": 0.04, "surface_classification_standing": 0.0, "surface_swisstopo": "paved", "surface_sensebox": "nature", "surface_sensebox_probability": 0.78, "match": "False" }, "geometry": { "type": "Point", "coordinates": [ 8.803454444931036, 47.213856252152503 ] } },
{ "type": "Feature", "properties": { "timestamp": "2026-04-30T16:45:53.005Z", "latitude": 47.21385494687982, "longitude": 8.8034554679612498, "BELAGSART": 100, "surface_classification_asphalt": null, "surface_classification_compacted": null, "surface_classification_paving": null, "surface_classification_sett": null, "surface_classification_standing": null, "surface_swisstopo": "paved", "surface_sensebox": "unknown", "surface_sensebox_probability": 0.0, "match": "unknown" }, "geometry": { "type": "Point", "coordinates": [ 8.803455476656053, 47.213854956913167 ] } },
{ "type": "Feature", "properties": { "timestamp": "2026-04-30T16:45:54.005Z", "latitude": 47.21385364444415, "longitude": 8.8034565280450838, "BELAGSART": 100, "surface_classification_asphalt": null, "surface_classification_compacted": null, "surface_classification_paving": null, "surface_classification_sett": null, "surface_classification_standing": null, "surface_swisstopo": "paved", "surface_sensebox": "unknown", "surface_sensebox_probability": 0.0, "match": "unknown" }, "geometry": { "type": "Point", "coordinates": [ 8.803456536739894, 47.213853654477468 ] } },
{ "type": "Feature", "properties": { "timestamp": "2026-04-30T16:45:55.143Z", "latitude": 47.213852335847811, "longitude": 8.8034576201355605, "BELAGSART": 100, "surface_classification_asphalt": 0.13, "surface_classification_compacted": 0.23, "surface_classification_paving": 0.13, "surface_classification_sett": 0.5, "surface_classification_standing": 0.0, "surface_swisstopo": "paved", "surface_sensebox": "unknown", "surface_sensebox_probability": 0.5, "match": "unknown" }, "geometry": { "type": "Point", "coordinates": [ 8.803457628830373, 47.213852345881151 ] } },
{ "type": "Feature", "properties": { "timestamp": "2026-04-30T16:46:12.574Z", "latitude": 47.21384234559838, "longitude": 8.8034319563529664, "BELAGSART": 100, "surface_classification_asphalt": 0.03, "surface_classification_compacted": 0.54, "surface_classification_paving": 0.02, "surface_classification_sett": 0.4, "surface_classification_standing": 0.0, "surface_swisstopo": "paved", "surface_sensebox": "nature", "surface_sensebox_probability": 0.54, "match": "False" }, "geometry": { "type": "Point", "coordinates": [ 8.80343196504775, 47.213842355631677 ] } },
{ "type": "Feature", "properties": { "timestamp": "2026-04-30T16:46:24.574Z", "latitude": 47.213825524023683, "longitude": 8.8035563370422167, "BELAGSART": 100, "surface_classification_asphalt": null, "surface_classification_compacted": null, "surface_classification_paving": null, "surface_classification_sett": null, "surface_classification_standing": null, "surface_swisstopo": "paved", "surface_sensebox": "unknown", "surface_sensebox_probability": 0.0, "match": "unknown" }, "geometry": { "type": "Point", "coordinates": [ 8.803556345737128, 47.213825534056923 ] } },
{ "type": "Feature", "properties": { "timestamp": "2026-04-30T16:46:31.017Z", "latitude": 47.213825243335172, "longitude": 8.8035584124858133, "BELAGSART": 100, "surface_classification_asphalt": null, "surface_classification_compacted": null, "surface_classification_paving": null, "surface_classification_sett": null, "surface_classification_standing": null, "surface_swisstopo": "paved", "surface_sensebox": "unknown", "surface_sensebox_probability": 0.0, "match": "unknown" }, "geometry": { "type": "Point", "coordinates": [ 8.803558421180728, 47.213825253368476 ] } },
{ "type": "Feature", "properties": { "timestamp": "2026-04-30T16:46:32.225Z", "latitude": 47.213825236705411, "longitude": 8.8035584615070199, "BELAGSART": 100, "surface_classification_asphalt": null, "surface_classification_compacted": null, "surface_classification_paving": null, "surface_classification_sett": null, "surface_classification_standing": null, "surface_swisstopo": "paved", "surface_sensebox": "unknown", "surface_sensebox_probability": 0.0, "match": "unknown" }, "geometry": { "type": "Point", "coordinates": [ 8.80355847020193, 47.213825246738708 ] } },
{ "type": "Feature", "properties": { "timestamp": "2026-04-30T16:46:42.556Z", "latitude": 47.213846875582732, "longitude": 8.8034430760522433, "BELAGSART": 100, "surface_classification_asphalt": null, "surface_classification_compacted": null, "surface_classification_paving": null, "surface_classification_sett": null, "surface_classification_standing": null, "surface_swisstopo": "paved", "surface_sensebox": "unknown", "surface_sensebox_probability": 0.0, "match": "unknown" }, "geometry": { "type": "Point", "coordinates": [ 8.803443084747038, 47.213846885616029 ] } },
{ "type": "Feature", "properties": { "timestamp": "2026-04-30T16:46:49.003Z", "latitude": 47.213865669193325, "longitude": 8.8033986296723494, "BELAGSART": 100, "surface_classification_asphalt": null, "surface_classification_compacted": null, "surface_classification_paving": null, "surface_classification_sett": null, "surface_classification_standing": null, "surface_swisstopo": "paved", "surface_sensebox": "unknown", "surface_sensebox_probability": 0.0, "match": "unknown" }, "geometry": { "type": "Point", "coordinates": [ 8.803398638367099, 47.213865679226664 ] } },
{ "type": "Feature", "properties": { "timestamp": "2026-04-30T16:47:00.571Z", "latitude": 47.213866336502157, "longitude": 8.8033968459008047, "BELAGSART": 100, "surface_classification_asphalt": null, "surface_classification_compacted": null, "surface_classification_paving": null, "surface_classification_sett": null, "surface_classification_standing": null, "surface_swisstopo": "paved", "surface_sensebox": "unknown", "surface_sensebox_probability": 0.0, "match": "unknown" }, "geometry": { "type": "Point", "coordinates": [ 8.803396854595549, 47.213866346535497 ] } },
{ "type": "Feature", "properties": { "timestamp": "2026-04-30T16:47:12.556Z", "latitude": 47.213873574484623, "longitude": 8.8033543292488492, "BELAGSART": 100, "surface_classification_asphalt": null, "surface_classification_compacted": null, "surface_classification_paving": null, "surface_classification_sett": null, "surface_classification_standing": null, "surface_swisstopo": "paved", "surface_sensebox": "unknown", "surface_sensebox_probability": 0.0, "match": "unknown" }, "geometry": { "type": "Point", "coordinates": [ 8.803354337943553, 47.213873584517984 ] } },
{ "type": "Feature", "properties": { "timestamp": "2026-04-30T16:47:24.571Z", "latitude": 47.213872879827079, "longitude": 8.8033702019584865, "BELAGSART": 100, "surface_classification_asphalt": null, "surface_classification_compacted": null, "surface_classification_paving": null, "surface_classification_sett": null, "surface_classification_standing": null, "surface_swisstopo": "paved", "surface_sensebox": "unknown", "surface_sensebox_probability": 0.0, "match": "unknown" }, "geometry": { "type": "Point", "coordinates": [ 8.803370210653204, 47.213872889860404 ] } },
{ "type": "Feature", "properties": { "timestamp": "2026-04-30T16:47:36.582Z", "latitude": 47.21386188411315, "longitude": 8.8033578425626047, "BELAGSART": 100, "surface_classification_asphalt": null, "surface_classification_compacted": null, "surface_classification_paving": null, "surface_classification_sett": null, "surface_classification_standing": null, "surface_swisstopo": "paved", "surface_sensebox": "unknown", "surface_sensebox_probability": 0.0, "match": "unknown" }, "geometry": { "type": "Point", "coordinates": [ 8.803357851257315, 47.21386189414654 ] } }
]
}
