{
"type": "FeatureCollection",
"name": "Bike_2026-05-02_14-13_webapp",
"crs": { "type": "name", "properties": { "name": "urn:ogc:def:crs:OGC:1.3:CRS84" } },
"features": [
{ "type": "Feature", "properties": { "timestamp": "2026-05-02T12:13:03.000Z", "latitude": 47.203688258349445, "longitude": 8.7587464135221769, "BELAGSART": 100, "surface_classification_asphalt": null, "surface_classification_compacted": null, "surface_classification_paving": null, "surface_classification_sett": null, "surface_classification_standing": null, "surface_swisstopo": "paved", "surface_sensebox": "unknown", "surface_sensebox_probability": 0.0, "match": "Unknown" }, "geometry": { "type": "Point", "coordinates": [ 8.758746422177234, 47.203688268392455 ] } },
{ "type": "Feature", "properties": { "timestamp": "2026-05-02T12:13:04.000Z", "latitude": 47.203685995235602, "longitude": 8.758745491512828, "BELAGSART": 100, "surface_classification_asphalt": 0.0, "surface_classification_compacted": 0.0, "surface_classification_paving": 0.0, "surface_classification_sett": 0.0, "surface_classification_standing": 1.0, "surface_swisstopo": "paved", "surface_sensebox": "unknown", "surface_sensebox_probability": 0.0, "match": "Unknown" }, "geometry": { "type": "Point", "coordinates": [ 8.758745500167885, 47.203686005278605 ] } },
{ "type": "Feature", "properties": { "timestamp": "2026-05-02T12:13:05.000Z", "latitude": 47.203684235035915, "longitude": 8.7587435636750968, "BELAGSART": 100, "surface_classification_asphalt": null, "surface_classification_compacted": null, "surface_classification_paving": null, "surface_classification_sett": null, "surface_classification_standing": null, "surface_swisstopo": "paved", "surface_sensebox": "unknown", "surface_sensebox_probability": 0.0, "match": "Unknown" }, "geometry": { "type": "Point", "coordinates": [ 8.758743572330154, 47.203684245078989 ] } },
{ "type": "Feature", "properties": { "timestamp": "2026-05-02T12:13:06.000Z", "latitude": 47.203683187298019, "longitude": 8.7587389536283524, "BELAGSART": 100, "surface_classification_asphalt": null, "surface_classification_compacted": null, "surface_classification_paving": null, "surface_classification_sett": null, "surface_classification_standing": null, "surface_swisstopo": "paved", "surface_sensebox": "unknown", "surface_sensebox_probability": 0.0, "match": "Unknown" }, "geometry": { "type": "Point", "coordinates": [ 8.758738962283408, 47.203683197341086 ] } },
{ "type": "Feature", "properties": { "timestamp": "2026-05-02T12:13:07.999Z", "latitude": 47.203681971922073, "longitude": 8.7587350141338618, "BELAGSART": 100, "surface_classification_asphalt": 0.0, "surface_classification_compacted": 0.0, "surface_classification_paving": 0.0, "surface_classification_sett": 0.0, "surface_classification_standing": 1.0, "surface_swisstopo": "paved", "surface_sensebox": "unknown", "surface_sensebox_probability": 0.0, "match": "Unknown" }, "geometry": { "type": "Point", "coordinates": [ 8.758735022788912, 47.203681981965147 ] } },
{ "type": "Feature", "properties": { "timestamp": "2026-05-02T12:13:09.000Z", "latitude": 47.203679750717725, "longitude": 8.7587324157438768, "BELAGSART": 100, "surface_classification_asphalt": null, "surface_classification_compacted": null, "surface_classification_paving": null, "surface_classification_sett": null, "surface_classification_standing": null, "surface_swisstopo": "paved", "surface_sensebox": "unknown", "surface_sensebox_probability": 0.0, "match": "Unknown" }, "geometry": { "type": "Point", "coordinates": [ 8.758732424398927, 47.203679760760778 ] } },
{ "type": "Feature", "properties": { "timestamp": "2026-05-02T12:13:11.999Z", "latitude": 47.203680798455622, "longitude": 8.7587307393632443, "BELAGSART": 100, "surface_classification_asphalt": 0.04, "surface_classification_compacted": 0.0, "surface_classification_paving": 0.0, "surface_classification_sett": 0.0, "surface_classification_standing": 0.96, "surface_swisstopo": "paved", "surface_sensebox": "unknown", "surface_sensebox_probability": 0.0, "match": "Unknown" }, "geometry": { "type": "Point", "coordinates": [ 8.758730748018293, 47.203680808498682 ] } },
{ "type": "Feature", "properties": { "timestamp": "2026-05-02T12:13:12.999Z", "latitude": 47.203683271117058, "longitude": 8.7587303202680875, "BELAGSART": 100, "surface_classification_asphalt": 0.8, "surface_classification_compacted": 0.01, "surface_classification_paving": 0.19, "surface_classification_sett": 0.0, "surface_classification_standing": 0.01, "surface_swisstopo": "paved", "surface_sensebox": "paved", "surface_sensebox_probability": 0.8, "match": "True" }, "geometry": { "type": "Point", "coordinates": [ 8.75873032892313, 47.203683281160096 ] } },
{ "type": "Feature", "properties": { "timestamp": "2026-05-02T12:13:13.999Z", "latitude": 47.203685785688009, "longitude": 8.7587283924303581, "BELAGSART": 100, "surface_classification_asphalt": null, "surface_classification_compacted": null, "surface_classification_paving": null, "surface_classification_sett": null, "surface_classification_standing": null, "surface_swisstopo": "paved", "surface_sensebox": "unknown", "surface_sensebox_probability": 0.0, "match": "Unknown" }, "geometry": { "type": "Point", "coordinates": [ 8.758728401085401, 47.203685795731062 ] } },
{ "type": "Feature", "properties": { "timestamp": "2026-05-02T12:13:18.999Z", "latitude": 47.203686833425905, "longitude": 8.7587257940403713, "BELAGSART": 100, "surface_classification_asphalt": 0.0, "surface_classification_compacted": 0.0, "surface_classification_paving": 0.0, "surface_classification_sett": 0.0, "surface_classification_standing": 0.99, "surface_swisstopo": "paved", "surface_sensebox": "unknown", "surface_sensebox_probability": 0.0, "match": "Unknown" }, "geometry": { "type": "Point", "coordinates": [ 8.758725802695411, 47.203686843468951 ] } },
{ "type": "Feature", "properties": { "timestamp": "2026-05-02T12:13:19.999Z", "latitude": 47.203686414330733, "longitude": 8.7587262131355317, "BELAGSART": 100, "surface_classification_asphalt": null, "surface_classification_compacted": null, "surface_classification_paving": null, "surface_classification_sett": null, "surface_classification_standing": null, "surface_swisstopo": "paved", "surface_sensebox": "unknown", "surface_sensebox_probability": 0.0, "match": "Unknown" }, "geometry": { "type": "Point", "coordinates": [ 8.758726221790573, 47.203686424373785 ] } },
{ "type": "Feature", "properties": { "timestamp": "2026-05-02T12:13:24.999Z", "latitude": 47.203701350554887, "longitude": 8.7587225610326698, "BELAGSART": 100, "surface_classification_asphalt": 0.05, "surface_classification_compacted": 0.0, "surface_classification_paving": 0.01, "surface_classification_sett": 0.0, "surface_classification_standing": 0.94, "surface_swisstopo": "paved", "surface_sensebox": "unknown", "surface_sensebox_probability": 0.0, "match": "Unknown" }, "geometry": { "type": "Point", "coordinates": [ 8.758722569687706, 47.203701360597961 ] } },
{ "type": "Feature", "properties": { "timestamp": "2026-05-02T12:13:25.999Z", "latitude": 47.203701648342623, "longitude": 8.7587239343603649, "BELAGSART": 100, "surface_classification_asphalt": null, "surface_classification_compacted": null, "surface_classification_paving": null, "surface_classification_sett": null, "surface_classification_standing": null, "surface_swisstopo": "paved", "surface_sensebox": "unknown", "surface_sensebox_probability": 0.0, "match": "Unknown" }, "geometry": { "type": "Point", "coordinates": [ 8.758723943015399, 47.203701658385697 ] } },
{ "type": "Feature", "properties": { "timestamp": "2026-05-02T12:13:26.999Z", "latitude": 47.203704989037085, "longitude": 8.7587244671962807, "BELAGSART": 100, "surface_classification_asphalt": null, "surface_classification_compacted": null, "surface_classification_paving": null, "surface_classification_sett": null, "surface_classification_standing": null, "surface_swisstopo": "paved", "surface_sensebox": "unknown", "surface_sensebox_probability": 0.0, "match": "Unknown" }, "geometry": { "type": "Point", "coordinates": [ 8.758724475851317, 47.203704999080138 ] } },
{ "type": "Feature", "properties": { "timestamp": "2026-05-02T12:13:27.999Z", "latitude": 47.203703392545385, "longitude": 8.7587199295705673, "BELAGSART": 100, "surface_classification_asphalt": 0.95, "surface_classification_compacted": 0.0, "surface_classification_paving": 0.01, "surface_classification_sett": 0.0, "surface_classification_standing": 0.04, "surface_swisstopo": "paved", "surface_sensebox": "paved", "surface_sensebox_probability": 0.95, "match": "True" }, "geometry": { "type": "Point", "coordinates": [ 8.758719938225594, 47.203703402588452 ] } },
{ "type": "Feature", "properties": { "timestamp": "2026-05-02T12:13:28.999Z", "latitude": 47.203694157059957, "longitude": 8.7587133500777323, "BELAGSART": 100, "surface_classification_asphalt": null, "surface_classification_compacted": null, "surface_classification_paving": null, "surface_classification_sett": null, "surface_classification_standing": null, "surface_swisstopo": "paved", "surface_sensebox": "unknown", "surface_sensebox_probability": 0.0, "match": "Unknown" }, "geometry": { "type": "Point", "coordinates": [ 8.758713358732765, 47.203694167103009 ] } },
{ "type": "Feature", "properties": { "timestamp": "2026-05-02T12:13:29.999Z", "latitude": 47.203695667733008, "longitude": 8.7587164294308266, "BELAGSART": 100, "surface_classification_asphalt": null, "surface_classification_compacted": null, "surface_classification_paving": null, "surface_classification_sett": null, "surface_classification_standing": null, "surface_swisstopo": "paved", "surface_sensebox": "unknown", "surface_sensebox_probability": 0.0, "match": "Unknown" }, "geometry": { "type": "Point", "coordinates": [ 8.758716438085854, 47.203695677776082 ] } },
{ "type": "Feature", "properties": { "timestamp": "2026-05-02T12:13:30.999Z", "latitude": 47.203693842609283, "longitude": 8.7587225397225783, "BELAGSART": 100, "surface_classification_asphalt": 0.56, "surface_classification_compacted": 0.0, "surface_classification_paving": 0.12, "surface_classification_sett": 0.0, "surface_classification_standing": 0.32, "surface_swisstopo": "paved", "surface_sensebox": "paved", "surface_sensebox_probability": 0.56, "match": "True" }, "geometry": { "type": "Point", "coordinates": [ 8.758722548377618, 47.203693852652371 ] } },
{ "type": "Feature", "properties": { "timestamp": "2026-05-02T12:13:31.999Z", "latitude": 47.203702184846946, "longitude": 8.758740403438761, "BELAGSART": 100, "surface_classification_asphalt": null, "surface_classification_compacted": null, "surface_classification_paving": null, "surface_classification_sett": null, "surface_classification_standing": null, "surface_swisstopo": "paved", "surface_sensebox": "unknown", "surface_sensebox_probability": 0.0, "match": "Unknown" }, "geometry": { "type": "Point", "coordinates": [ 8.758740412093815, 47.203702194890013 ] } },
{ "type": "Feature", "properties": { "timestamp": "2026-05-02T12:13:32.999Z", "latitude": 47.20370333751746, "longitude": 8.7587634276223181, "BELAGSART": 100, "surface_classification_asphalt": null, "surface_classification_compacted": null, "surface_classification_paving": null, "surface_classification_sett": null, "surface_classification_standing": null, "surface_swisstopo": "paved", "surface_sensebox": "unknown", "surface_sensebox_probability": 0.0, "match": "Unknown" }, "geometry": { "type": "Point", "coordinates": [ 8.758763436277395, 47.203703347560491 ] } },
{ "type": "Feature", "properties": { "timestamp": "2026-05-02T12:13:33.999Z", "latitude": 47.203702349001894, "longitude": 8.7587600868898043, "BELAGSART": 100, "surface_classification_asphalt": 0.25, "surface_classification_compacted": 0.0, "surface_classification_paving": 0.22, "surface_classification_sett": 0.0, "surface_classification_standing": 0.54, "surface_swisstopo": "paved", "surface_sensebox": "unknown", "surface_sensebox_probability": 0.25, "match": "Unknown" }, "geometry": { "type": "Point", "coordinates": [ 8.758760095544872, 47.203702359044954 ] } },
{ "type": "Feature", "properties": { "timestamp": "2026-05-02T12:13:34.999Z", "latitude": 47.203710967249037, "longitude": 8.7587902871891767, "BELAGSART": 100, "surface_classification_asphalt": null, "surface_classification_compacted": null, "surface_classification_paving": null, "surface_classification_sett": null, "surface_classification_standing": null, "surface_swisstopo": "paved", "surface_sensebox": "unknown", "surface_sensebox_probability": 0.0, "match": "Unknown" }, "geometry": { "type": "Point", "coordinates": [ 8.758790295844273, 47.20371097729209 ] } },
{ "type": "Feature", "properties": { "timestamp": "2026-05-02T12:13:35.999Z", "latitude": 47.20370068608409, "longitude": 8.7587957944840245, "BELAGSART": 100, "surface_classification_asphalt": 0.82, "surface_classification_compacted": 0.02, "surface_classification_paving": 0.11, "surface_classification_sett": 0.01, "surface_classification_standing": 0.04, "surface_swisstopo": "paved", "surface_sensebox": "paved", "surface_sensebox_probability": 0.82, "match": "True" }, "geometry": { "type": "Point", "coordinates": [ 8.758795803139126, 47.203700696127079 ] } },
{ "type": "Feature", "properties": { "timestamp": "2026-05-02T12:13:36.999Z", "latitude": 47.203712192036292, "longitude": 8.7588167131006038, "BELAGSART": 100, "surface_classification_asphalt": null, "surface_classification_compacted": null, "surface_classification_paving": null, "surface_classification_sett": null, "surface_classification_standing": null, "surface_swisstopo": "paved", "surface_sensebox": "unknown", "surface_sensebox_probability": 0.0, "match": "Unknown" }, "geometry": { "type": "Point", "coordinates": [ 8.758816721755728, 47.20371220207933 ] } },
{ "type": "Feature", "properties": { "timestamp": "2026-05-02T12:13:37.999Z", "latitude": 47.203718246811484, "longitude": 8.7588297667206181, "BELAGSART": 100, "surface_classification_asphalt": null, "surface_classification_compacted": null, "surface_classification_paving": null, "surface_classification_sett": null, "surface_classification_standing": null, "surface_swisstopo": "paved", "surface_sensebox": "unknown", "surface_sensebox_probability": 0.0, "match": "Unknown" }, "geometry": { "type": "Point", "coordinates": [ 8.758829775375748, 47.203718256854536 ] } },
{ "type": "Feature", "properties": { "timestamp": "2026-05-02T12:13:38.999Z", "latitude": 47.203720137351496, "longitude": 8.7588554735208657, "BELAGSART": 100, "surface_classification_asphalt": 0.96, "surface_classification_compacted": 0.0, "surface_classification_paving": 0.01, "surface_classification_sett": 0.0, "surface_classification_standing": 0.03, "surface_swisstopo": "paved", "surface_sensebox": "paved", "surface_sensebox_probability": 0.96, "match": "True" }, "geometry": { "type": "Point", "coordinates": [ 8.758855482176017, 47.203720147394527 ] } },
{ "type": "Feature", "properties": { "timestamp": "2026-05-02T12:13:39.999Z", "latitude": 47.203725769548448, "longitude": 8.7588774698461389, "BELAGSART": 100, "surface_classification_asphalt": null, "surface_classification_compacted": null, "surface_classification_paving": null, "surface_classification_sett": null, "surface_classification_standing": null, "surface_swisstopo": "paved", "surface_sensebox": "unknown", "surface_sensebox_probability": 0.0, "match": "Unknown" }, "geometry": { "type": "Point", "coordinates": [ 8.758877478501315, 47.203725779591473 ] } },
{ "type": "Feature", "properties": { "timestamp": "2026-05-02T12:13:40.999Z", "latitude": 47.203723000248864, "longitude": 8.7588977295641826, "BELAGSART": 100, "surface_classification_asphalt": null, "surface_classification_compacted": null, "surface_classification_paving": null, "surface_classification_sett": null, "surface_classification_standing": null, "surface_swisstopo": "paved", "surface_sensebox": "unknown", "surface_sensebox_probability": 0.0, "match": "Unknown" }, "geometry": { "type": "Point", "coordinates": [ 8.758897738219373, 47.203723010291874 ] } },
{ "type": "Feature", "properties": { "timestamp": "2026-05-02T12:13:41.999Z", "latitude": 47.203722525770957, "longitude": 8.7589205066072324, "BELAGSART": 100, "surface_classification_asphalt": 0.89, "surface_classification_compacted": 0.0, "surface_classification_paving": 0.03, "surface_classification_sett": 0.03, "surface_classification_standing": 0.05, "surface_swisstopo": "paved", "surface_sensebox": "paved", "surface_sensebox_probability": 0.89, "match": "True" }, "geometry": { "type": "Point", "coordinates": [ 8.758920515262448, 47.203722535813981 ] } },
{ "type": "Feature", "properties": { "timestamp": "2026-05-02T12:13:42.999Z", "latitude": 47.20370202314178, "longitude": 8.7589270425406465, "BELAGSART": 100, "surface_classification_asphalt": null, "surface_classification_compacted": null, "surface_classification_paving": null, "surface_classification_sett": null, "surface_classification_standing": null, "surface_swisstopo": "paved", "surface_sensebox": "unknown", "surface_sensebox_probability": 0.0, "match": "Unknown" }, "geometry": { "type": "Point", "coordinates": [ 8.758927051195874, 47.203702033184804 ] } },
{ "type": "Feature", "properties": { "timestamp": "2026-05-02T12:13:43.999Z", "latitude": 47.203677119691797, "longitude": 8.758942633870527, "BELAGSART": 100, "surface_classification_asphalt": null, "surface_classification_compacted": null, "surface_classification_paving": null, "surface_classification_sett": null, "surface_classification_standing": null, "surface_swisstopo": "paved", "surface_sensebox": "unknown", "surface_sensebox_probability": 0.0, "match": "Unknown" }, "geometry": { "type": "Point", "coordinates": [ 8.758942642525778, 47.203677129734778 ] } },
{ "type": "Feature", "properties": { "timestamp": "2026-05-02T12:13:44.999Z", "latitude": 47.203640758959843, "longitude": 8.7589479729974506, "BELAGSART": 100, "surface_classification_asphalt": 0.02, "surface_classification_compacted": 0.98, "surface_classification_paving": 0.01, "surface_classification_sett": 0.0, "surface_classification_standing": 0.0, "surface_swisstopo": "paved", "surface_sensebox": "nature", "surface_sensebox_probability": 0.98, "match": "False" }, "geometry": { "type": "Point", "coordinates": [ 8.758947981652721, 47.203640769002796 ] } },
{ "type": "Feature", "properties": { "timestamp": "2026-05-02T12:13:45.999Z", "latitude": 47.203611849962925, "longitude": 8.7589700261143424, "BELAGSART": 100, "surface_classification_asphalt": null, "surface_classification_compacted": null, "surface_classification_paving": null, "surface_classification_sett": null, "surface_classification_standing": null, "surface_swisstopo": "paved", "surface_sensebox": "unknown", "surface_sensebox_probability": 0.0, "match": "Unknown" }, "geometry": { "type": "Point", "coordinates": [ 8.758970034769639, 47.2036118600059 ] } },
{ "type": "Feature", "properties": { "timestamp": "2026-05-02T12:13:46.999Z", "latitude": 47.203555738278531, "longitude": 8.7589829859026391, "BELAGSART": 100, "surface_classification_asphalt": null, "surface_classification_compacted": null, "surface_classification_paving": null, "surface_classification_sett": null, "surface_classification_standing": null, "surface_swisstopo": "paved", "surface_sensebox": "unknown", "surface_sensebox_probability": 0.0, "match": "Unknown" }, "geometry": { "type": "Point", "coordinates": [ 8.758982994557968, 47.203555748321477 ] } },
{ "type": "Feature", "properties": { "timestamp": "2026-05-02T12:13:47.999Z", "latitude": 47.20350266777514, "longitude": 8.7590114905841521, "BELAGSART": 100, "surface_classification_asphalt": 0.02, "surface_classification_compacted": 0.85, "surface_classification_paving": 0.1, "surface_classification_sett": 0.03, "surface_classification_standing": 0.0, "surface_swisstopo": "paved", "surface_sensebox": "nature", "surface_sensebox_probability": 0.85, "match": "False" }, "geometry": { "type": "Point", "coordinates": [ 8.759011499239524, 47.203502677818015 ] } },
{ "type": "Feature", "properties": { "timestamp": "2026-05-02T12:13:48.999Z", "latitude": 47.203450180369906, "longitude": 8.7590464889579867, "BELAGSART": 100, "surface_classification_asphalt": null, "surface_classification_compacted": null, "surface_classification_paving": null, "surface_classification_sett": null, "surface_classification_standing": null, "surface_swisstopo": "paved", "surface_sensebox": "unknown", "surface_sensebox_probability": 0.0, "match": "Unknown" }, "geometry": { "type": "Point", "coordinates": [ 8.759046497613415, 47.203450190412795 ] } },
{ "type": "Feature", "properties": { "timestamp": "2026-05-02T12:13:49.999Z", "latitude": 47.203399982719745, "longitude": 8.7590804611778452, "BELAGSART": 100, "surface_classification_asphalt": 0.3, "surface_classification_compacted": 0.47, "surface_classification_paving": 0.22, "surface_classification_sett": 0.0, "surface_classification_standing": 0.0, "surface_swisstopo": "paved", "surface_sensebox": "unknown", "surface_sensebox_probability": 0.47, "match": "Unknown" }, "geometry": { "type": "Point", "coordinates": [ 8.759080469833318, 47.203399992762584 ] } },
{ "type": "Feature", "properties": { "timestamp": "2026-05-02T12:13:51.998Z", "latitude": 47.203271304376763, "longitude": 8.7591510817139451, "BELAGSART": 100, "surface_classification_asphalt": null, "surface_classification_compacted": null, "surface_classification_paving": null, "surface_classification_sett": null, "surface_classification_standing": null, "surface_swisstopo": "paved", "surface_sensebox": "unknown", "surface_sensebox_probability": 0.0, "match": "Unknown" }, "geometry": { "type": "Point", "coordinates": [ 8.759151090369519, 47.20327131441956 ] } },
{ "type": "Feature", "properties": { "timestamp": "2026-05-02T12:13:52.998Z", "latitude": 47.203211537876761, "longitude": 8.7591739732962814, "BELAGSART": 100, "surface_classification_asphalt": 0.78, "surface_classification_compacted": 0.03, "surface_classification_paving": 0.18, "surface_classification_sett": 0.01, "surface_classification_standing": 0.0, "surface_swisstopo": "paved", "surface_sensebox": "paved", "surface_sensebox_probability": 0.78, "match": "True" }, "geometry": { "type": "Point", "coordinates": [ 8.759173981951905, 47.203211547919544 ] } },
{ "type": "Feature", "properties": { "timestamp": "2026-05-02T12:13:53.998Z", "latitude": 47.203151249657779, "longitude": 8.7592016474429997, "BELAGSART": 100, "surface_classification_asphalt": null, "surface_classification_compacted": null, "surface_classification_paving": null, "surface_classification_sett": null, "surface_classification_standing": null, "surface_swisstopo": "paved", "surface_sensebox": "unknown", "surface_sensebox_probability": 0.0, "match": "Unknown" }, "geometry": { "type": "Point", "coordinates": [ 8.759201656098664, 47.203151259700576 ] } },
{ "type": "Feature", "properties": { "timestamp": "2026-05-02T12:13:54.998Z", "latitude": 47.203100002562763, "longitude": 8.7592360532607518, "BELAGSART": 100, "surface_classification_asphalt": null, "surface_classification_compacted": null, "surface_classification_paving": null, "surface_classification_sett": null, "surface_classification_standing": null, "surface_swisstopo": "paved", "surface_sensebox": "unknown", "surface_sensebox_probability": 0.0, "match": "Unknown" }, "geometry": { "type": "Point", "coordinates": [ 8.759236061916466, 47.203100012605468 ] } },
{ "type": "Feature", "properties": { "timestamp": "2026-05-02T12:13:55.998Z", "latitude": 47.20305008876813, "longitude": 8.7592634832613303, "BELAGSART": 100, "surface_classification_asphalt": 0.58, "surface_classification_compacted": 0.04, "surface_classification_paving": 0.38, "surface_classification_sett": 0.0, "surface_classification_standing": 0.0, "surface_swisstopo": "paved", "surface_sensebox": "paved", "surface_sensebox_probability": 0.58, "match": "True" }, "geometry": { "type": "Point", "coordinates": [ 8.759263491917084, 47.203050098810799 ] } },
{ "type": "Feature", "properties": { "timestamp": "2026-05-02T12:13:56.998Z", "latitude": 47.203006219976146, "longitude": 8.7592971692527879, "BELAGSART": 100, "surface_classification_asphalt": null, "surface_classification_compacted": null, "surface_classification_paving": null, "surface_classification_sett": null, "surface_classification_standing": null, "surface_swisstopo": "paved", "surface_sensebox": "unknown", "surface_sensebox_probability": 0.0, "match": "Unknown" }, "geometry": { "type": "Point", "coordinates": [ 8.759297177908591, 47.203006230018786 ] } },
{ "type": "Feature", "properties": { "timestamp": "2026-05-02T12:13:57.998Z", "latitude": 47.202957403577471, "longitude": 8.7593250859781602, "BELAGSART": 100, "surface_classification_asphalt": null, "surface_classification_compacted": null, "surface_classification_paving": null, "surface_classification_sett": null, "surface_classification_standing": null, "surface_swisstopo": "paved", "surface_sensebox": "unknown", "surface_sensebox_probability": 0.0, "match": "Unknown" }, "geometry": { "type": "Point", "coordinates": [ 8.759325094633999, 47.202957413620069 ] } },
{ "type": "Feature", "properties": { "timestamp": "2026-05-02T12:13:58.998Z", "latitude": 47.202920778695663, "longitude": 8.7593665145257074, "BELAGSART": 100, "surface_classification_asphalt": 0.14, "surface_classification_compacted": 0.08, "surface_classification_paving": 0.77, "surface_classification_sett": 0.01, "surface_classification_standing": 0.0, "surface_swisstopo": "paved", "surface_sensebox": "paved", "surface_sensebox_probability": 0.77, "match": "True" }, "geometry": { "type": "Point", "coordinates": [ 8.759366523181603, 47.202920788738247 ] } },
{ "type": "Feature", "properties": { "timestamp": "2026-05-02T12:13:59.998Z", "latitude": 47.20288733296109, "longitude": 8.7594053817809883, "BELAGSART": 100, "surface_classification_asphalt": null, "surface_classification_compacted": null, "surface_classification_paving": null, "surface_classification_sett": null, "surface_classification_standing": null, "surface_swisstopo": "paved", "surface_sensebox": "unknown", "surface_sensebox_probability": 0.0, "match": "Unknown" }, "geometry": { "type": "Point", "coordinates": [ 8.759405390436928, 47.202887343003631 ] } },
{ "type": "Feature", "properties": { "timestamp": "2026-05-02T12:14:00.998Z", "latitude": 47.202845351771195, "longitude": 8.7594295311750976, "BELAGSART": 100, "surface_classification_asphalt": null, "surface_classification_compacted": null, "surface_classification_paving": null, "surface_classification_sett": null, "surface_classification_standing": null, "surface_swisstopo": "paved", "surface_sensebox": "unknown", "surface_sensebox_probability": 0.0, "match": "Unknown" }, "geometry": { "type": "Point", "coordinates": [ 8.759429539831078, 47.202845361813743 ] } },
{ "type": "Feature", "properties": { "timestamp": "2026-05-02T12:14:01.998Z", "latitude": 47.202803948446729, "longitude": 8.7594563118127073, "BELAGSART": 100, "surface_classification_asphalt": 0.8, "surface_classification_compacted": 0.02, "surface_classification_paving": 0.17, "surface_classification_sett": 0.0, "surface_classification_standing": 0.02, "surface_swisstopo": "paved", "surface_sensebox": "paved", "surface_sensebox_probability": 0.8, "match": "True" }, "geometry": { "type": "Point", "coordinates": [ 8.759456320468727, 47.20280395848927 ] } },
{ "type": "Feature", "properties": { "timestamp": "2026-05-02T12:14:02.998Z", "latitude": 47.202766625365101, "longitude": 8.7594861454379291, "BELAGSART": 100, "surface_classification_asphalt": null, "surface_classification_compacted": null, "surface_classification_paving": null, "surface_classification_sett": null, "surface_classification_standing": null, "surface_swisstopo": "paved", "surface_sensebox": "unknown", "surface_sensebox_probability": 0.0, "match": "Unknown" }, "geometry": { "type": "Point", "coordinates": [ 8.759486154093985, 47.20276663540762 ] } },
{ "type": "Feature", "properties": { "timestamp": "2026-05-02T12:14:03.998Z", "latitude": 47.202734453219051, "longitude": 8.7595090093170267, "BELAGSART": 100, "surface_classification_asphalt": null, "surface_classification_compacted": null, "surface_classification_paving": null, "surface_classification_sett": null, "surface_classification_standing": null, "surface_swisstopo": "paved", "surface_sensebox": "unknown", "surface_sensebox_probability": 0.0, "match": "Unknown" }, "geometry": { "type": "Point", "coordinates": [ 8.759509017973116, 47.20273446326155 ] } },
{ "type": "Feature", "properties": { "timestamp": "2026-05-02T12:14:04.998Z", "latitude": 47.202691224617091, "longitude": 8.7595238296638716, "BELAGSART": 100, "surface_classification_asphalt": 0.72, "surface_classification_compacted": 0.01, "surface_classification_paving": 0.23, "surface_classification_sett": 0.0, "surface_classification_standing": 0.03, "surface_swisstopo": "paved", "surface_sensebox": "paved", "surface_sensebox_probability": 0.72, "match": "True" }, "geometry": { "type": "Point", "coordinates": [ 8.759523838319989, 47.202691234659561 ] } },
{ "type": "Feature", "properties": { "timestamp": "2026-05-02T12:14:05.998Z", "latitude": 47.202645159897386, "longitude": 8.7595412270851938, "BELAGSART": 100, "surface_classification_asphalt": null, "surface_classification_compacted": null, "surface_classification_paving": null, "surface_classification_sett": null, "surface_classification_standing": null, "surface_swisstopo": "paved", "surface_sensebox": "unknown", "surface_sensebox_probability": 0.0, "match": "Unknown" }, "geometry": { "type": "Point", "coordinates": [ 8.759541235741343, 47.202645169939842 ] } },
{ "type": "Feature", "properties": { "timestamp": "2026-05-02T12:14:06.998Z", "latitude": 47.20260421269662, "longitude": 8.7595699053273144, "BELAGSART": 100, "surface_classification_asphalt": 0.93, "surface_classification_compacted": 0.01, "surface_classification_paving": 0.06, "surface_classification_sett": 0.0, "surface_classification_standing": 0.0, "surface_swisstopo": "paved", "surface_sensebox": "paved", "surface_sensebox_probability": 0.93, "match": "True" }, "geometry": { "type": "Point", "coordinates": [ 8.759569913983501, 47.202604222739076 ] } },
{ "type": "Feature", "properties": { "timestamp": "2026-05-02T12:14:07.998Z", "latitude": 47.202570482187021, "longitude": 8.7595907761608913, "BELAGSART": 100, "surface_classification_asphalt": null, "surface_classification_compacted": null, "surface_classification_paving": null, "surface_classification_sett": null, "surface_classification_standing": null, "surface_swisstopo": "paved", "surface_sensebox": "unknown", "surface_sensebox_probability": 0.0, "match": "Unknown" }, "geometry": { "type": "Point", "coordinates": [ 8.75959078481711, 47.202570492229448 ] } },
{ "type": "Feature", "properties": { "timestamp": "2026-05-02T12:14:08.998Z", "latitude": 47.20253819108558, "longitude": 8.7596006930487231, "BELAGSART": 100, "surface_classification_asphalt": null, "surface_classification_compacted": null, "surface_classification_paving": null, "surface_classification_sett": null, "surface_classification_standing": null, "surface_swisstopo": "paved", "surface_sensebox": "unknown", "surface_sensebox_probability": 0.0, "match": "Unknown" }, "geometry": { "type": "Point", "coordinates": [ 8.759600701704965, 47.202538201128 ] } },
{ "type": "Feature", "properties": { "timestamp": "2026-05-02T12:14:09.998Z", "latitude": 47.202509899296878, "longitude": 8.7596290164257109, "BELAGSART": 100, "surface_classification_asphalt": 0.62, "surface_classification_compacted": 0.02, "surface_classification_paving": 0.35, "surface_classification_sett": 0.0, "surface_classification_standing": 0.01, "surface_swisstopo": "paved", "surface_sensebox": "paved", "surface_sensebox_probability": 0.62, "match": "True" }, "geometry": { "type": "Point", "coordinates": [ 8.75962902508199, 47.202509909339277 ] } },
{ "type": "Feature", "properties": { "timestamp": "2026-05-02T12:14:10.998Z", "latitude": 47.202476785020814, "longitude": 8.7596490940850558, "BELAGSART": 100, "surface_classification_asphalt": null, "surface_classification_compacted": null, "surface_classification_paving": null, "surface_classification_sett": null, "surface_classification_standing": null, "surface_swisstopo": "paved", "surface_sensebox": "unknown", "surface_sensebox_probability": 0.0, "match": "Unknown" }, "geometry": { "type": "Point", "coordinates": [ 8.75964910274136, 47.202476795063163 ] } },
{ "type": "Feature", "properties": { "timestamp": "2026-05-02T12:14:11.998Z", "latitude": 47.202449913444816, "longitude": 8.7596706961356627, "BELAGSART": 100, "surface_classification_asphalt": null, "surface_classification_compacted": null, "surface_classification_paving": null, "surface_classification_sett": null, "surface_classification_standing": null, "surface_swisstopo": "paved", "surface_sensebox": "unknown", "surface_sensebox_probability": 0.0, "match": "Unknown" }, "geometry": { "type": "Point", "coordinates": [ 8.759670704791994, 47.202449923487194 ] } },
{ "type": "Feature", "properties": { "timestamp": "2026-05-02T12:14:12.998Z", "latitude": 47.202413841278847, "longitude": 8.7596957743940109, "BELAGSART": 100, "surface_classification_asphalt": 0.07, "surface_classification_compacted": 0.34, "surface_classification_paving": 0.17, "surface_classification_sett": 0.42, "surface_classification_standing": 0.0, "surface_swisstopo": "paved", "surface_sensebox": "unknown", "surface_sensebox_probability": 0.42, "match": "Unknown" }, "geometry": { "type": "Point", "coordinates": [ 8.759695783050379, 47.202413851321175 ] } },
{ "type": "Feature", "properties": { "timestamp": "2026-05-02T12:14:13.998Z", "latitude": 47.202386773760587, "longitude": 8.7597149459089874, "BELAGSART": 100, "surface_classification_asphalt": null, "surface_classification_compacted": null, "surface_classification_paving": null, "surface_classification_sett": null, "surface_classification_standing": null, "surface_swisstopo": "paved", "surface_sensebox": "unknown", "surface_sensebox_probability": 0.0, "match": "Unknown" }, "geometry": { "type": "Point", "coordinates": [ 8.759714954565386, 47.202386783802908 ] } },
{ "type": "Feature", "properties": { "timestamp": "2026-05-02T12:14:14.998Z", "latitude": 47.202339525266787, "longitude": 8.759723794349668, "BELAGSART": 100, "surface_classification_asphalt": null, "surface_classification_compacted": null, "surface_classification_paving": null, "surface_classification_sett": null, "surface_classification_standing": null, "surface_swisstopo": "paved", "surface_sensebox": "unknown", "surface_sensebox_probability": 0.0, "match": "Unknown" }, "geometry": { "type": "Point", "coordinates": [ 8.759723803006082, 47.202339535309058 ] } },
{ "type": "Feature", "properties": { "timestamp": "2026-05-02T12:14:15.998Z", "latitude": 47.202297351474165, "longitude": 8.7597489484333515, "BELAGSART": 100, "surface_classification_asphalt": 0.39, "surface_classification_compacted": 0.31, "surface_classification_paving": 0.28, "surface_classification_sett": 0.02, "surface_classification_standing": 0.0, "surface_swisstopo": "paved", "surface_sensebox": "unknown", "surface_sensebox_probability": 0.39, "match": "Unknown" }, "geometry": { "type": "Point", "coordinates": [ 8.75974895708981, 47.202297361516429 ] } },
{ "type": "Feature", "properties": { "timestamp": "2026-05-02T12:14:16.998Z", "latitude": 47.20225640667865, "longitude": 8.7597733694805342, "BELAGSART": 100, "surface_classification_asphalt": null, "surface_classification_compacted": null, "surface_classification_paving": null, "surface_classification_sett": null, "surface_classification_standing": null, "surface_swisstopo": "paved", "surface_sensebox": "unknown", "surface_sensebox_probability": 0.0, "match": "Unknown" }, "geometry": { "type": "Point", "coordinates": [ 8.759773378137021, 47.2022564167209 ] } },
{ "type": "Feature", "properties": { "timestamp": "2026-05-02T12:14:17.998Z", "latitude": 47.20221319899435, "longitude": 8.7597991402054269, "BELAGSART": 100, "surface_classification_asphalt": null, "surface_classification_compacted": null, "surface_classification_paving": null, "surface_classification_sett": null, "surface_classification_standing": null, "surface_swisstopo": "paved", "surface_sensebox": "unknown", "surface_sensebox_probability": 0.0, "match": "Unknown" }, "geometry": { "type": "Point", "coordinates": [ 8.759799148861957, 47.202213209036586 ] } },
{ "type": "Feature", "properties": { "timestamp": "2026-05-02T12:14:18.998Z", "latitude": 47.202171511318411, "longitude": 8.7598236906795535, "BELAGSART": 100, "surface_classification_asphalt": 0.06, "surface_classification_compacted": 0.86, "surface_classification_paving": 0.07, "surface_classification_sett": 0.01, "surface_classification_standing": 0.0, "surface_swisstopo": "paved", "surface_sensebox": "nature", "surface_sensebox_probability": 0.86, "match": "False" }, "geometry": { "type": "Point", "coordinates": [ 8.759823699336117, 47.202171521360611 ] } },
{ "type": "Feature", "properties": { "timestamp": "2026-05-02T12:14:19.998Z", "latitude": 47.202146279135512, "longitude": 8.7598829517631618, "BELAGSART": 100, "surface_classification_asphalt": null, "surface_classification_compacted": null, "surface_classification_paving": null, "surface_classification_sett": null, "surface_classification_standing": null, "surface_swisstopo": "paved", "surface_sensebox": "unknown", "surface_sensebox_probability": 0.0, "match": "Unknown" }, "geometry": { "type": "Point", "coordinates": [ 8.759882960419793, 47.202146289177684 ] } },
{ "type": "Feature", "properties": { "timestamp": "2026-05-02T12:14:20.998Z", "latitude": 47.20211115850536, "longitude": 8.7599064109152298, "BELAGSART": 100, "surface_classification_asphalt": 0.9, "surface_classification_compacted": 0.01, "surface_classification_paving": 0.07, "surface_classification_sett": 0.0, "surface_classification_standing": 0.02, "surface_swisstopo": "paved", "surface_sensebox": "paved", "surface_sensebox_probability": 0.9, "match": "True" }, "geometry": { "type": "Point", "coordinates": [ 8.759906419571895, 47.202111168547525 ] } },
{ "type": "Feature", "properties": { "timestamp": "2026-05-02T12:14:21.998Z", "latitude": 47.202074198167566, "longitude": 8.7599253653849907, "BELAGSART": 100, "surface_classification_asphalt": null, "surface_classification_compacted": null, "surface_classification_paving": null, "surface_classification_sett": null, "surface_classification_standing": null, "surface_swisstopo": "paved", "surface_sensebox": "unknown", "surface_sensebox_probability": 0.0, "match": "Unknown" }, "geometry": { "type": "Point", "coordinates": [ 8.759925374041687, 47.202074208209737 ] } },
{ "type": "Feature", "properties": { "timestamp": "2026-05-02T12:14:22.998Z", "latitude": 47.202039278319077, "longitude": 8.7599492364520941, "BELAGSART": 100, "surface_classification_asphalt": null, "surface_classification_compacted": null, "surface_classification_paving": null, "surface_classification_sett": null, "surface_classification_standing": null, "surface_swisstopo": "paved", "surface_sensebox": "unknown", "surface_sensebox_probability": 0.0, "match": "Unknown" }, "geometry": { "type": "Point", "coordinates": [ 8.759949245108819, 47.202039288361199 ] } },
{ "type": "Feature", "properties": { "timestamp": "2026-05-02T12:14:23.998Z", "latitude": 47.202007615589395, "longitude": 8.7599698699814628, "BELAGSART": 100, "surface_classification_asphalt": 0.79, "surface_classification_compacted": 0.03, "surface_classification_paving": 0.09, "surface_classification_sett": 0.0, "surface_classification_standing": 0.08, "surface_swisstopo": "paved", "surface_sensebox": "paved", "surface_sensebox_probability": 0.79, "match": "True" }, "geometry": { "type": "Point", "coordinates": [ 8.759969878638218, 47.202007625631495 ] } },
{ "type": "Feature", "properties": { "timestamp": "2026-05-02T12:14:24.998Z", "latitude": 47.201977010126136, "longitude": 8.7599893739886454, "BELAGSART": 100, "surface_classification_asphalt": null, "surface_classification_compacted": null, "surface_classification_paving": null, "surface_classification_sett": null, "surface_classification_standing": null, "surface_swisstopo": "paved", "surface_sensebox": "unknown", "surface_sensebox_probability": 0.0, "match": "Unknown" }, "geometry": { "type": "Point", "coordinates": [ 8.759989382645429, 47.201977020168222 ] } },
{ "type": "Feature", "properties": { "timestamp": "2026-05-02T12:14:25.998Z", "latitude": 47.20194899160915, "longitude": 8.7600087113540361, "BELAGSART": 100, "surface_classification_asphalt": null, "surface_classification_compacted": null, "surface_classification_paving": null, "surface_classification_sett": null, "surface_classification_standing": null, "surface_swisstopo": "paved", "surface_sensebox": "unknown", "surface_sensebox_probability": 0.0, "match": "Unknown" }, "geometry": { "type": "Point", "coordinates": [ 8.760008720010852, 47.201949001651244 ] } },
{ "type": "Feature", "properties": { "timestamp": "2026-05-02T12:14:26.998Z", "latitude": 47.201919416226538, "longitude": 8.7600315220615741, "BELAGSART": 100, "surface_classification_asphalt": 0.8, "surface_classification_compacted": 0.05, "surface_classification_paving": 0.13, "surface_classification_sett": 0.0, "surface_classification_standing": 0.0, "surface_swisstopo": "paved", "surface_sensebox": "paved", "surface_sensebox_probability": 0.8, "match": "True" }, "geometry": { "type": "Point", "coordinates": [ 8.760031530718424, 47.201919426268596 ] } },
{ "type": "Feature", "properties": { "timestamp": "2026-05-02T12:14:27.998Z", "latitude": 47.20187861588807, "longitude": 8.7600474991983219, "BELAGSART": 100, "surface_classification_asphalt": null, "surface_classification_compacted": null, "surface_classification_paving": null, "surface_classification_sett": null, "surface_classification_standing": null, "surface_swisstopo": "paved", "surface_sensebox": "unknown", "surface_sensebox_probability": 0.0, "match": "Unknown" }, "geometry": { "type": "Point", "coordinates": [ 8.760047507855196, 47.201878625930078 ] } },
{ "type": "Feature", "properties": { "timestamp": "2026-05-02T12:14:28.998Z", "latitude": 47.201845872411653, "longitude": 8.7600704764891741, "BELAGSART": 100, "surface_classification_asphalt": null, "surface_classification_compacted": null, "surface_classification_paving": null, "surface_classification_sett": null, "surface_classification_standing": null, "surface_swisstopo": "paved", "surface_sensebox": "unknown", "surface_sensebox_probability": 0.0, "match": "Unknown" }, "geometry": { "type": "Point", "coordinates": [ 8.760070485146077, 47.201845882453696 ] } },
{ "type": "Feature", "properties": { "timestamp": "2026-05-02T12:14:29.998Z", "latitude": 47.201809840039608, "longitude": 8.7600900561958461, "BELAGSART": 100, "surface_classification_asphalt": 0.84, "surface_classification_compacted": 0.05, "surface_classification_paving": 0.1, "surface_classification_sett": 0.0, "surface_classification_standing": 0.01, "surface_swisstopo": "paved", "surface_sensebox": "paved", "surface_sensebox_probability": 0.84, "match": "True" }, "geometry": { "type": "Point", "coordinates": [ 8.760090064852783, 47.201809850081617 ] } },
{ "type": "Feature", "properties": { "timestamp": "2026-05-02T12:14:31.997Z", "latitude": 47.201733447383553, "longitude": 8.7601482205314856, "BELAGSART": 100, "surface_classification_asphalt": null, "surface_classification_compacted": null, "surface_classification_paving": null, "surface_classification_sett": null, "surface_classification_standing": null, "surface_swisstopo": "paved", "surface_sensebox": "unknown", "surface_sensebox_probability": 0.0, "match": "Unknown" }, "geometry": { "type": "Point", "coordinates": [ 8.760148229188498, 47.201733457425519 ] } },
{ "type": "Feature", "properties": { "timestamp": "2026-05-02T12:14:32.997Z", "latitude": 47.201692848729664, "longitude": 8.7601784908653055, "BELAGSART": 100, "surface_classification_asphalt": 0.34, "surface_classification_compacted": 0.22, "surface_classification_paving": 0.3, "surface_classification_sett": 0.14, "surface_classification_standing": 0.0, "surface_swisstopo": "paved", "surface_sensebox": "unknown", "surface_sensebox_probability": 0.34, "match": "Unknown" }, "geometry": { "type": "Point", "coordinates": [ 8.760178499522361, 47.201692858771594 ] } },
{ "type": "Feature", "properties": { "timestamp": "2026-05-02T12:14:33.997Z", "latitude": 47.201655042135783, "longitude": 8.7601980901153738, "BELAGSART": 100, "surface_classification_asphalt": null, "surface_classification_compacted": null, "surface_classification_paving": null, "surface_classification_sett": null, "surface_classification_standing": null, "surface_swisstopo": "paved", "surface_sensebox": "unknown", "surface_sensebox_probability": 0.0, "match": "Unknown" }, "geometry": { "type": "Point", "coordinates": [ 8.760198098772456, 47.201655052177713 ] } },
{ "type": "Feature", "properties": { "timestamp": "2026-05-02T12:14:34.997Z", "latitude": 47.201625874712917, "longitude": 8.7602144616719961, "BELAGSART": 100, "surface_classification_asphalt": 0.24, "surface_classification_compacted": 0.74, "surface_classification_paving": 0.02, "surface_classification_sett": 0.0, "surface_classification_standing": 0.0, "surface_swisstopo": "paved", "surface_sensebox": "nature", "surface_sensebox_probability": 0.74, "match": "False" }, "geometry": { "type": "Point", "coordinates": [ 8.760214470329108, 47.201625884754833 ] } },
{ "type": "Feature", "properties": { "timestamp": "2026-05-02T12:14:35.997Z", "latitude": 47.201595125920818, "longitude": 8.7602330526735592, "BELAGSART": 200, "surface_classification_asphalt": null, "surface_classification_compacted": null, "surface_classification_paving": null, "surface_classification_sett": null, "surface_classification_standing": null, "surface_swisstopo": "nature", "surface_sensebox": "unknown", "surface_sensebox_probability": 0.0, "match": "Unknown" }, "geometry": { "type": "Point", "coordinates": [ 8.760233061330693, 47.201595135962677 ] } },
{ "type": "Feature", "properties": { "timestamp": "2026-05-02T12:14:36.997Z", "latitude": 47.201572301513622, "longitude": 8.7602608381891347, "BELAGSART": 100, "surface_classification_asphalt": null, "surface_classification_compacted": null, "surface_classification_paving": null, "surface_classification_sett": null, "surface_classification_standing": null, "surface_swisstopo": "paved", "surface_sensebox": "unknown", "surface_sensebox_probability": 0.0, "match": "Unknown" }, "geometry": { "type": "Point", "coordinates": [ 8.760260846846306, 47.201572311555452 ] } },
{ "type": "Feature", "properties": { "timestamp": "2026-05-02T12:14:37.997Z", "latitude": 47.201538109658266, "longitude": 8.7602789730025563, "BELAGSART": 100, "surface_classification_asphalt": 0.48, "surface_classification_compacted": 0.39, "surface_classification_paving": 0.09, "surface_classification_sett": 0.03, "surface_classification_standing": 0.01, "surface_swisstopo": "paved", "surface_sensebox": "unknown", "surface_sensebox_probability": 0.48, "match": "Unknown" }, "geometry": { "type": "Point", "coordinates": [ 8.760278981659754, 47.201538119700118 ] } },
{ "type": "Feature", "properties": { "timestamp": "2026-05-02T12:14:38.997Z", "latitude": 47.201508280290774, "longitude": 8.7602997646039356, "BELAGSART": 100, "surface_classification_asphalt": null, "surface_classification_compacted": null, "surface_classification_paving": null, "surface_classification_sett": null, "surface_classification_standing": null, "surface_swisstopo": "paved", "surface_sensebox": "unknown", "surface_sensebox_probability": 0.0, "match": "Unknown" }, "geometry": { "type": "Point", "coordinates": [ 8.760299773261165, 47.201508290332598 ] } },
{ "type": "Feature", "properties": { "timestamp": "2026-05-02T12:14:39.997Z", "latitude": 47.20147567149813, "longitude": 8.7603205499091068, "BELAGSART": 100, "surface_classification_asphalt": null, "surface_classification_compacted": null, "surface_classification_paving": null, "surface_classification_sett": null, "surface_classification_standing": null, "surface_swisstopo": "paved", "surface_sensebox": "unknown", "surface_sensebox_probability": 0.0, "match": "Unknown" }, "geometry": { "type": "Point", "coordinates": [ 8.760320558566367, 47.201475681539954 ] } },
{ "type": "Feature", "properties": { "timestamp": "2026-05-02T12:14:40.997Z", "latitude": 47.201445867294488, "longitude": 8.7603321525732394, "BELAGSART": 100, "surface_classification_asphalt": 0.7, "surface_classification_compacted": 0.12, "surface_classification_paving": 0.13, "surface_classification_sett": 0.05, "surface_classification_standing": 0.0, "surface_swisstopo": "paved", "surface_sensebox": "paved", "surface_sensebox_probability": 0.7, "match": "True" }, "geometry": { "type": "Point", "coordinates": [ 8.76033216123052, 47.201445877336319 ] } },
{ "type": "Feature", "properties": { "timestamp": "2026-05-02T12:14:41.997Z", "latitude": 47.201419326012257, "longitude": 8.7603503145824266, "BELAGSART": 100, "surface_classification_asphalt": null, "surface_classification_compacted": null, "surface_classification_paving": null, "surface_classification_sett": null, "surface_classification_standing": null, "surface_swisstopo": "paved", "surface_sensebox": "unknown", "surface_sensebox_probability": 0.0, "match": "Unknown" }, "geometry": { "type": "Point", "coordinates": [ 8.760350323239736, 47.201419336054066 ] } },
{ "type": "Feature", "properties": { "timestamp": "2026-05-02T12:14:42.997Z", "latitude": 47.201392801952053, "longitude": 8.7603726508049888, "BELAGSART": 100, "surface_classification_asphalt": null, "surface_classification_compacted": null, "surface_classification_paving": null, "surface_classification_sett": null, "surface_classification_standing": null, "surface_swisstopo": "paved", "surface_sensebox": "unknown", "surface_sensebox_probability": 0.0, "match": "Unknown" }, "geometry": { "type": "Point", "coordinates": [ 8.760372659462325, 47.201392811993834 ] } },
{ "type": "Feature", "properties": { "timestamp": "2026-05-02T12:14:43.997Z", "latitude": 47.201364650589362, "longitude": 8.7604049053328534, "BELAGSART": 100, "surface_classification_asphalt": 0.84, "surface_classification_compacted": 0.1, "surface_classification_paving": 0.05, "surface_classification_sett": 0.0, "surface_classification_standing": 0.0, "surface_swisstopo": "paved", "surface_sensebox": "paved", "surface_sensebox_probability": 0.84, "match": "True" }, "geometry": { "type": "Point", "coordinates": [ 8.760404913990229, 47.201364660631128 ] } },
{ "type": "Feature", "properties": { "timestamp": "2026-05-02T12:14:44.997Z", "latitude": 47.201325394591137, "longitude": 8.7604201742766055, "BELAGSART": 100, "surface_classification_asphalt": null, "surface_classification_compacted": null, "surface_classification_paving": null, "surface_classification_sett": null, "surface_classification_standing": null, "surface_swisstopo": "paved", "surface_sensebox": "unknown", "surface_sensebox_probability": 0.0, "match": "Unknown" }, "geometry": { "type": "Point", "coordinates": [ 8.760420182934009, 47.201325404632861 ] } },
{ "type": "Feature", "properties": { "timestamp": "2026-05-02T12:14:45.997Z", "latitude": 47.201285625411913, "longitude": 8.7604401560596941, "BELAGSART": 100, "surface_classification_asphalt": null, "surface_classification_compacted": null, "surface_classification_paving": null, "surface_classification_sett": null, "surface_classification_standing": null, "surface_swisstopo": "paved", "surface_sensebox": "unknown", "surface_sensebox_probability": 0.0, "match": "Unknown" }, "geometry": { "type": "Point", "coordinates": [ 8.760440164717128, 47.201285635453601 ] } },
{ "type": "Feature", "properties": { "timestamp": "2026-05-02T12:14:46.997Z", "latitude": 47.20125314088299, "longitude": 8.7604567473806654, "BELAGSART": 100, "surface_classification_asphalt": 0.66, "surface_classification_compacted": 0.03, "surface_classification_paving": 0.3, "surface_classification_sett": 0.0, "surface_classification_standing": 0.0, "surface_swisstopo": "paved", "surface_sensebox": "paved", "surface_sensebox_probability": 0.66, "match": "True" }, "geometry": { "type": "Point", "coordinates": [ 8.760456756038121, 47.2012531509247 ] } },
{ "type": "Feature", "properties": { "timestamp": "2026-05-02T12:14:47.997Z", "latitude": 47.201226463406606, "longitude": 8.7604785353846673, "BELAGSART": 100, "surface_classification_asphalt": null, "surface_classification_compacted": null, "surface_classification_paving": null, "surface_classification_sett": null, "surface_classification_standing": null, "surface_swisstopo": "paved", "surface_sensebox": "unknown", "surface_sensebox_probability": 0.0, "match": "Unknown" }, "geometry": { "type": "Point", "coordinates": [ 8.760478544042156, 47.201226473448251 ] } },
{ "type": "Feature", "properties": { "timestamp": "2026-05-02T12:14:48.997Z", "latitude": 47.201198322194301, "longitude": 8.7604937859059895, "BELAGSART": 100, "surface_classification_asphalt": 0.82, "surface_classification_compacted": 0.0, "surface_classification_paving": 0.17, "surface_classification_sett": 0.0, "surface_classification_standing": 0.01, "surface_swisstopo": "paved", "surface_sensebox": "paved", "surface_sensebox_probability": 0.82, "match": "True" }, "geometry": { "type": "Point", "coordinates": [ 8.760493794563502, 47.20119833223599 ] } },
{ "type": "Feature", "properties": { "timestamp": "2026-05-02T12:14:49.997Z", "latitude": 47.201171987578022, "longitude": 8.7605124384833299, "BELAGSART": 100, "surface_classification_asphalt": null, "surface_classification_compacted": null, "surface_classification_paving": null, "surface_classification_sett": null, "surface_classification_standing": null, "surface_swisstopo": "paved", "surface_sensebox": "unknown", "surface_sensebox_probability": 0.0, "match": "Unknown" }, "geometry": { "type": "Point", "coordinates": [ 8.760512447140869, 47.201171997619639 ] } },
{ "type": "Feature", "properties": { "timestamp": "2026-05-02T12:14:50.997Z", "latitude": 47.201145316100266, "longitude": 8.7605272192593944, "BELAGSART": 100, "surface_classification_asphalt": null, "surface_classification_compacted": null, "surface_classification_paving": null, "surface_classification_sett": null, "surface_classification_standing": null, "surface_swisstopo": "paved", "surface_sensebox": "unknown", "surface_sensebox_probability": 0.0, "match": "Unknown" }, "geometry": { "type": "Point", "coordinates": [ 8.760527227916954, 47.201145326141926 ] } },
{ "type": "Feature", "properties": { "timestamp": "2026-05-02T12:14:51.997Z", "latitude": 47.201118169038445, "longitude": 8.7605365206295289, "BELAGSART": 100, "surface_classification_asphalt": 0.62, "surface_classification_compacted": 0.0, "surface_classification_paving": 0.06, "surface_classification_sett": 0.0, "surface_classification_standing": 0.32, "surface_swisstopo": "paved", "surface_sensebox": "paved", "surface_sensebox_probability": 0.62, "match": "True" }, "geometry": { "type": "Point", "coordinates": [ 8.760536529287108, 47.201118179080062 ] } },
{ "type": "Feature", "properties": { "timestamp": "2026-05-02T12:14:52.997Z", "latitude": 47.201103959829339, "longitude": 8.7605542199383279, "BELAGSART": 100, "surface_classification_asphalt": null, "surface_classification_compacted": null, "surface_classification_paving": null, "surface_classification_sett": null, "surface_classification_standing": null, "surface_swisstopo": "paved", "surface_sensebox": "unknown", "surface_sensebox_probability": 0.0, "match": "Unknown" }, "geometry": { "type": "Point", "coordinates": [ 8.760554228595927, 47.201103969870971 ] } },
{ "type": "Feature", "properties": { "timestamp": "2026-05-02T12:14:53.997Z", "latitude": 47.201080296794188, "longitude": 8.7605650954825585, "BELAGSART": 100, "surface_classification_asphalt": null, "surface_classification_compacted": null, "surface_classification_paving": null, "surface_classification_sett": null, "surface_classification_standing": null, "surface_swisstopo": "paved", "surface_sensebox": "unknown", "surface_sensebox_probability": 0.0, "match": "Unknown" }, "geometry": { "type": "Point", "coordinates": [ 8.760565104140174, 47.201080306835827 ] } },
{ "type": "Feature", "properties": { "timestamp": "2026-05-02T12:14:54.997Z", "latitude": 47.201058095179171, "longitude": 8.7605901211007797, "BELAGSART": 100, "surface_classification_asphalt": 0.75, "surface_classification_compacted": 0.02, "surface_classification_paving": 0.22, "surface_classification_sett": 0.0, "surface_classification_standing": 0.01, "surface_swisstopo": "paved", "surface_sensebox": "paved", "surface_sensebox_probability": 0.75, "match": "True" }, "geometry": { "type": "Point", "coordinates": [ 8.760590129758432, 47.201058105220781 ] } },
{ "type": "Feature", "properties": { "timestamp": "2026-05-02T12:14:55.997Z", "latitude": 47.201025595840783, "longitude": 8.760610468973054, "BELAGSART": 100, "surface_classification_asphalt": null, "surface_classification_compacted": null, "surface_classification_paving": null, "surface_classification_sett": null, "surface_classification_standing": null, "surface_swisstopo": "paved", "surface_sensebox": "unknown", "surface_sensebox_probability": 0.0, "match": "Unknown" }, "geometry": { "type": "Point", "coordinates": [ 8.760610477630729, 47.201025605882343 ] } },
{ "type": "Feature", "properties": { "timestamp": "2026-05-02T12:14:56.997Z", "latitude": 47.200993144773605, "longitude": 8.7606223776976915, "BELAGSART": 100, "surface_classification_asphalt": null, "surface_classification_compacted": null, "surface_classification_paving": null, "surface_classification_sett": null, "surface_classification_standing": null, "surface_swisstopo": "paved", "surface_sensebox": "unknown", "surface_sensebox_probability": 0.0, "match": "Unknown" }, "geometry": { "type": "Point", "coordinates": [ 8.760622386355395, 47.200993154815173 ] } },
{ "type": "Feature", "properties": { "timestamp": "2026-05-02T12:14:57.997Z", "latitude": 47.200969077595616, "longitude": 8.7606415863356428, "BELAGSART": 100, "surface_classification_asphalt": 0.68, "surface_classification_compacted": 0.2, "surface_classification_paving": 0.1, "surface_classification_sett": 0.01, "surface_classification_standing": 0.0, "surface_swisstopo": "paved", "surface_sensebox": "paved", "surface_sensebox_probability": 0.68, "match": "True" }, "geometry": { "type": "Point", "coordinates": [ 8.76064159499337, 47.200969087637176 ] } },
{ "type": "Feature", "properties": { "timestamp": "2026-05-02T12:14:58.997Z", "latitude": 47.200945652368866, "longitude": 8.7606535618585344, "BELAGSART": 100, "surface_classification_asphalt": null, "surface_classification_compacted": null, "surface_classification_paving": null, "surface_classification_sett": null, "surface_classification_standing": null, "surface_swisstopo": "paved", "surface_sensebox": "unknown", "surface_sensebox_probability": 0.0, "match": "Unknown" }, "geometry": { "type": "Point", "coordinates": [ 8.760653570516281, 47.200945662410405 ] } },
{ "type": "Feature", "properties": { "timestamp": "2026-05-02T12:14:59.997Z", "latitude": 47.200912453957173, "longitude": 8.7606823268049769, "BELAGSART": 100, "surface_classification_asphalt": null, "surface_classification_compacted": null, "surface_classification_paving": null, "surface_classification_sett": null, "surface_classification_standing": null, "surface_swisstopo": "paved", "surface_sensebox": "unknown", "surface_sensebox_probability": 0.0, "match": "Unknown" }, "geometry": { "type": "Point", "coordinates": [ 8.760682335462761, 47.200912463998684 ] } },
{ "type": "Feature", "properties": { "timestamp": "2026-05-02T12:15:00.997Z", "latitude": 47.200876563347585, "longitude": 8.7606962136118618, "BELAGSART": 100, "surface_classification_asphalt": 0.67, "surface_classification_compacted": 0.2, "surface_classification_paving": 0.13, "surface_classification_sett": 0.0, "surface_classification_standing": 0.0, "surface_swisstopo": "paved", "surface_sensebox": "paved", "surface_sensebox_probability": 0.67, "match": "True" }, "geometry": { "type": "Point", "coordinates": [ 8.760696222269663, 47.200876573389081 ] } },
{ "type": "Feature", "properties": { "timestamp": "2026-05-02T12:15:01.999Z", "latitude": 47.200841078177504, "longitude": 8.7607151985734415, "BELAGSART": 100, "surface_classification_asphalt": null, "surface_classification_compacted": null, "surface_classification_paving": null, "surface_classification_sett": null, "surface_classification_standing": null, "surface_swisstopo": "paved", "surface_sensebox": "unknown", "surface_sensebox_probability": 0.0, "match": "Unknown" }, "geometry": { "type": "Point", "coordinates": [ 8.760715207231277, 47.200841088218986 ] } },
{ "type": "Feature", "properties": { "timestamp": "2026-05-02T12:15:02.999Z", "latitude": 47.200812298082525, "longitude": 8.7607312204756553, "BELAGSART": 100, "surface_classification_asphalt": 0.55, "surface_classification_compacted": 0.04, "surface_classification_paving": 0.39, "surface_classification_sett": 0.01, "surface_classification_standing": 0.02, "surface_swisstopo": "paved", "surface_sensebox": "paved", "surface_sensebox_probability": 0.55, "match": "True" }, "geometry": { "type": "Point", "coordinates": [ 8.760731229133516, 47.200812308123965 ] } },
{ "type": "Feature", "properties": { "timestamp": "2026-05-02T12:15:03.999Z", "latitude": 47.200789304114082, "longitude": 8.7607512834255878, "BELAGSART": 100, "surface_classification_asphalt": null, "surface_classification_compacted": null, "surface_classification_paving": null, "surface_classification_sett": null, "surface_classification_standing": null, "surface_swisstopo": "paved", "surface_sensebox": "unknown", "surface_sensebox_probability": 0.0, "match": "Unknown" }, "geometry": { "type": "Point", "coordinates": [ 8.760751292083473, 47.200789314155543 ] } },
{ "type": "Feature", "properties": { "timestamp": "2026-05-02T12:15:04.999Z", "latitude": 47.200768068354009, "longitude": 8.7607746031839184, "BELAGSART": 100, "surface_classification_asphalt": null, "surface_classification_compacted": null, "surface_classification_paving": null, "surface_classification_sett": null, "surface_classification_standing": null, "surface_swisstopo": "paved", "surface_sensebox": "unknown", "surface_sensebox_probability": 0.0, "match": "Unknown" }, "geometry": { "type": "Point", "coordinates": [ 8.760774611841832, 47.200768078395463 ] } },
{ "type": "Feature", "properties": { "timestamp": "2026-05-02T12:15:05.999Z", "latitude": 47.200746580973643, "longitude": 8.7607925326225242, "BELAGSART": 100, "surface_classification_asphalt": 0.94, "surface_classification_compacted": 0.0, "surface_classification_paving": 0.02, "surface_classification_sett": 0.0, "surface_classification_standing": 0.05, "surface_swisstopo": "paved", "surface_sensebox": "paved", "surface_sensebox_probability": 0.94, "match": "True" }, "geometry": { "type": "Point", "coordinates": [ 8.760792541280466, 47.200746591015069 ] } },
{ "type": "Feature", "properties": { "timestamp": "2026-05-02T12:15:06.999Z", "latitude": 47.200730145287565, "longitude": 8.7608148711074119, "BELAGSART": 100, "surface_classification_asphalt": null, "surface_classification_compacted": null, "surface_classification_paving": null, "surface_classification_sett": null, "surface_classification_standing": null, "surface_swisstopo": "paved", "surface_sensebox": "unknown", "surface_sensebox_probability": 0.0, "match": "Unknown" }, "geometry": { "type": "Point", "coordinates": [ 8.76081487976538, 47.200730155328984 ] } },
{ "type": "Feature", "properties": { "timestamp": "2026-05-02T12:15:07.999Z", "latitude": 47.20071602819106, "longitude": 8.760840733113568, "BELAGSART": 100, "surface_classification_asphalt": null, "surface_classification_compacted": null, "surface_classification_paving": null, "surface_classification_sett": null, "surface_classification_standing": null, "surface_swisstopo": "paved", "surface_sensebox": "unknown", "surface_sensebox_probability": 0.0, "match": "Unknown" }, "geometry": { "type": "Point", "coordinates": [ 8.760840741771563, 47.200716038232493 ] } },
{ "type": "Feature", "properties": { "timestamp": "2026-05-02T12:15:08.999Z", "latitude": 47.200702546845939, "longitude": 8.7608686025536642, "BELAGSART": 100, "surface_classification_asphalt": 0.53, "surface_classification_compacted": 0.42, "surface_classification_paving": 0.05, "surface_classification_sett": 0.0, "surface_classification_standing": 0.0, "surface_swisstopo": "paved", "surface_sensebox": "paved", "surface_sensebox_probability": 0.53, "match": "True" }, "geometry": { "type": "Point", "coordinates": [ 8.760868611211688, 47.200702556887315 ] } },
{ "type": "Feature", "properties": { "timestamp": "2026-05-02T12:15:09.999Z", "latitude": 47.20069516068142, "longitude": 8.7609130933031576, "BELAGSART": 100, "surface_classification_asphalt": null, "surface_classification_compacted": null, "surface_classification_paving": null, "surface_classification_sett": null, "surface_classification_standing": null, "surface_swisstopo": "paved", "surface_sensebox": "unknown", "surface_sensebox_probability": 0.0, "match": "Unknown" }, "geometry": { "type": "Point", "coordinates": [ 8.760913101961231, 47.200695170722796 ] } },
{ "type": "Feature", "properties": { "timestamp": "2026-05-02T12:15:10.999Z", "latitude": 47.200692278796218, "longitude": 8.7609621724982887, "BELAGSART": 100, "surface_classification_asphalt": null, "surface_classification_compacted": null, "surface_classification_paving": null, "surface_classification_sett": null, "surface_classification_standing": null, "surface_swisstopo": "paved", "surface_sensebox": "unknown", "surface_sensebox_probability": 0.0, "match": "Unknown" }, "geometry": { "type": "Point", "coordinates": [ 8.760962181156414, 47.20069228883758 ] } },
{ "type": "Feature", "properties": { "timestamp": "2026-05-02T12:15:11.999Z", "latitude": 47.200696384168147, "longitude": 8.7610321603975176, "BELAGSART": 100, "surface_classification_asphalt": 0.68, "surface_classification_compacted": 0.1, "surface_classification_paving": 0.2, "surface_classification_sett": 0.02, "surface_classification_standing": 0.01, "surface_swisstopo": "paved", "surface_sensebox": "paved", "surface_sensebox_probability": 0.68, "match": "True" }, "geometry": { "type": "Point", "coordinates": [ 8.761032169055703, 47.20069639420943 ] } },
{ "type": "Feature", "properties": { "timestamp": "2026-05-02T12:15:12.999Z", "latitude": 47.200713425633154, "longitude": 8.7610982932223784, "BELAGSART": 100, "surface_classification_asphalt": null, "surface_classification_compacted": null, "surface_classification_paving": null, "surface_classification_sett": null, "surface_classification_standing": null, "surface_swisstopo": "paved", "surface_sensebox": "unknown", "surface_sensebox_probability": 0.0, "match": "Unknown" }, "geometry": { "type": "Point", "coordinates": [ 8.761098301880619, 47.200713435674487 ] } },
{ "type": "Feature", "properties": { "timestamp": "2026-05-02T12:15:13.999Z", "latitude": 47.200710304815075, "longitude": 8.7611635413459208, "BELAGSART": 100, "surface_classification_asphalt": null, "surface_classification_compacted": null, "surface_classification_paving": null, "surface_classification_sett": null, "surface_classification_standing": null, "surface_swisstopo": "paved", "surface_sensebox": "unknown", "surface_sensebox_probability": 0.0, "match": "Unknown" }, "geometry": { "type": "Point", "coordinates": [ 8.76116355000423, 47.200710314856373 ] } },
{ "type": "Feature", "properties": { "timestamp": "2026-05-02T12:15:14.999Z", "latitude": 47.200711050699752, "longitude": 8.7612422006321751, "BELAGSART": 100, "surface_classification_asphalt": 0.05, "surface_classification_compacted": 0.52, "surface_classification_paving": 0.37, "surface_classification_sett": 0.06, "surface_classification_standing": 0.0, "surface_swisstopo": "paved", "surface_sensebox": "nature", "surface_sensebox_probability": 0.52, "match": "False" }, "geometry": { "type": "Point", "coordinates": [ 8.761242209290556, 47.200711060741028 ] } },
{ "type": "Feature", "properties": { "timestamp": "2026-05-02T12:15:15.999Z", "latitude": 47.200717847003219, "longitude": 8.7613224479301213, "BELAGSART": 100, "surface_classification_asphalt": null, "surface_classification_compacted": null, "surface_classification_paving": null, "surface_classification_sett": null, "surface_classification_standing": null, "surface_swisstopo": "paved", "surface_sensebox": "unknown", "surface_sensebox_probability": 0.0, "match": "Unknown" }, "geometry": { "type": "Point", "coordinates": [ 8.761322456588575, 47.200717857044474 ] } },
{ "type": "Feature", "properties": { "timestamp": "2026-05-02T12:15:16.999Z", "latitude": 47.200726392941426, "longitude": 8.7614114967178409, "BELAGSART": 100, "surface_classification_asphalt": 0.03, "surface_classification_compacted": 0.64, "surface_classification_paving": 0.09, "surface_classification_sett": 0.24, "surface_classification_standing": 0.0, "surface_swisstopo": "paved", "surface_sensebox": "nature", "surface_sensebox_probability": 0.64, "match": "False" }, "geometry": { "type": "Point", "coordinates": [ 8.761411505376381, 47.20072640298266 ] } },
{ "type": "Feature", "properties": { "timestamp": "2026-05-02T12:15:17.999Z", "latitude": 47.200738806958945, "longitude": 8.7614945252835792, "BELAGSART": 100, "surface_classification_asphalt": null, "surface_classification_compacted": null, "surface_classification_paving": null, "surface_classification_sett": null, "surface_classification_standing": null, "surface_swisstopo": "paved", "surface_sensebox": "unknown", "surface_sensebox_probability": 0.0, "match": "Unknown" }, "geometry": { "type": "Point", "coordinates": [ 8.7614945339422, 47.200738817000172 ] } },
{ "type": "Feature", "properties": { "timestamp": "2026-05-02T12:15:18.999Z", "latitude": 47.20073995003262, "longitude": 8.7615834203613705, "BELAGSART": 100, "surface_classification_asphalt": null, "surface_classification_compacted": null, "surface_classification_paving": null, "surface_classification_sett": null, "surface_classification_standing": null, "surface_swisstopo": "paved", "surface_sensebox": "unknown", "surface_sensebox_probability": 0.0, "match": "Unknown" }, "geometry": { "type": "Point", "coordinates": [ 8.761583429020069, 47.200739960073832 ] } },
{ "type": "Feature", "properties": { "timestamp": "2026-05-02T12:15:19.999Z", "latitude": 47.200750561322366, "longitude": 8.7616728336031411, "BELAGSART": 100, "surface_classification_asphalt": 0.31, "surface_classification_compacted": 0.01, "surface_classification_paving": 0.0, "surface_classification_sett": 0.68, "surface_classification_standing": 0.0, "surface_swisstopo": "paved", "surface_sensebox": "paved", "surface_sensebox_probability": 0.68, "match": "True" }, "geometry": { "type": "Point", "coordinates": [ 8.761672842261927, 47.200750571363528 ] } },
{ "type": "Feature", "properties": { "timestamp": "2026-05-02T12:15:20.999Z", "latitude": 47.200754043235577, "longitude": 8.7617765560703038, "BELAGSART": 100, "surface_classification_asphalt": null, "surface_classification_compacted": null, "surface_classification_paving": null, "surface_classification_sett": null, "surface_classification_standing": null, "surface_swisstopo": "paved", "surface_sensebox": "unknown", "surface_sensebox_probability": 0.0, "match": "Unknown" }, "geometry": { "type": "Point", "coordinates": [ 8.761776564729193, 47.200754053276761 ] } },
{ "type": "Feature", "properties": { "timestamp": "2026-05-02T12:15:21.999Z", "latitude": 47.200763738652753, "longitude": 8.7618528647385805, "BELAGSART": 100, "surface_classification_asphalt": null, "surface_classification_compacted": null, "surface_classification_paving": null, "surface_classification_sett": null, "surface_classification_standing": null, "surface_swisstopo": "paved", "surface_sensebox": "unknown", "surface_sensebox_probability": 0.0, "match": "Unknown" }, "geometry": { "type": "Point", "coordinates": [ 8.761852873397537, 47.200763748693923 ] } },
{ "type": "Feature", "properties": { "timestamp": "2026-05-02T12:15:22.999Z", "latitude": 47.200770933993233, "longitude": 8.7619295891123645, "BELAGSART": 100, "surface_classification_asphalt": 0.04, "surface_classification_compacted": 0.27, "surface_classification_paving": 0.66, "surface_classification_sett": 0.02, "surface_classification_standing": 0.0, "surface_swisstopo": "paved", "surface_sensebox": "paved", "surface_sensebox_probability": 0.66, "match": "True" }, "geometry": { "type": "Point", "coordinates": [ 8.761929597771392, 47.200770944034304 ] } },
{ "type": "Feature", "properties": { "timestamp": "2026-05-02T12:15:23.999Z", "latitude": 47.20077078407985, "longitude": 8.7620011023353381, "BELAGSART": 100, "surface_classification_asphalt": null, "surface_classification_compacted": null, "surface_classification_paving": null, "surface_classification_sett": null, "surface_classification_standing": null, "surface_swisstopo": "paved", "surface_sensebox": "unknown", "surface_sensebox_probability": 0.0, "match": "Unknown" }, "geometry": { "type": "Point", "coordinates": [ 8.762001110994433, 47.20077079412097 ] } },
{ "type": "Feature", "properties": { "timestamp": "2026-05-02T12:15:24.999Z", "latitude": 47.200774704531732, "longitude": 8.7620684881003825, "BELAGSART": 100, "surface_classification_asphalt": null, "surface_classification_compacted": null, "surface_classification_paving": null, "surface_classification_sett": null, "surface_classification_standing": null, "surface_swisstopo": "paved", "surface_sensebox": "unknown", "surface_sensebox_probability": 0.0, "match": "Unknown" }, "geometry": { "type": "Point", "coordinates": [ 8.762068496759538, 47.200774714572844 ] } },
{ "type": "Feature", "properties": { "timestamp": "2026-05-02T12:15:25.999Z", "latitude": 47.200769639690037, "longitude": 8.7621327213677684, "BELAGSART": 100, "surface_classification_asphalt": 0.1, "surface_classification_compacted": 0.82, "surface_classification_paving": 0.06, "surface_classification_sett": 0.02, "surface_classification_standing": 0.0, "surface_swisstopo": "paved", "surface_sensebox": "nature", "surface_sensebox_probability": 0.82, "match": "False" }, "geometry": { "type": "Point", "coordinates": [ 8.762132730026989, 47.200769649731072 ] } },
{ "type": "Feature", "properties": { "timestamp": "2026-05-02T12:15:26.999Z", "latitude": 47.200761884115458, "longitude": 8.7621952045695313, "BELAGSART": 100, "surface_classification_asphalt": null, "surface_classification_compacted": null, "surface_classification_paving": null, "surface_classification_sett": null, "surface_classification_standing": null, "surface_swisstopo": "paved", "surface_sensebox": "unknown", "surface_sensebox_probability": 0.0, "match": "Unknown" }, "geometry": { "type": "Point", "coordinates": [ 8.762195213228813, 47.200761894156521 ] } },
{ "type": "Feature", "properties": { "timestamp": "2026-05-02T12:15:27.999Z", "latitude": 47.200761312550071, "longitude": 8.7622502745025024, "BELAGSART": 100, "surface_classification_asphalt": null, "surface_classification_compacted": null, "surface_classification_paving": null, "surface_classification_sett": null, "surface_classification_standing": null, "surface_swisstopo": "paved", "surface_sensebox": "unknown", "surface_sensebox_probability": 0.0, "match": "Unknown" }, "geometry": { "type": "Point", "coordinates": [ 8.762250283161837, 47.20076132259107 ] } },
{ "type": "Feature", "properties": { "timestamp": "2026-05-02T12:15:28.999Z", "latitude": 47.200762901197763, "longitude": 8.7623097665761058, "BELAGSART": 100, "surface_classification_asphalt": 0.43, "surface_classification_compacted": 0.48, "surface_classification_paving": 0.09, "surface_classification_sett": 0.0, "surface_classification_standing": 0.0, "surface_swisstopo": "paved", "surface_sensebox": "unknown", "surface_sensebox_probability": 0.48, "match": "Unknown" }, "geometry": { "type": "Point", "coordinates": [ 8.762309775235501, 47.200762911238741 ] } },
{ "type": "Feature", "properties": { "timestamp": "2026-05-02T12:15:29.999Z", "latitude": 47.200769056116847, "longitude": 8.762369324924018, "BELAGSART": 100, "surface_classification_asphalt": null, "surface_classification_compacted": null, "surface_classification_paving": null, "surface_classification_sett": null, "surface_classification_standing": null, "surface_swisstopo": "paved", "surface_sensebox": "unknown", "surface_sensebox_probability": 0.0, "match": "Unknown" }, "geometry": { "type": "Point", "coordinates": [ 8.762369333583468, 47.200769066157804 ] } },
{ "type": "Feature", "properties": { "timestamp": "2026-05-02T12:15:30.999Z", "latitude": 47.200776434009491, "longitude": 8.7624296233411627, "BELAGSART": 100, "surface_classification_asphalt": null, "surface_classification_compacted": null, "surface_classification_paving": null, "surface_classification_sett": null, "surface_classification_standing": null, "surface_swisstopo": "paved", "surface_sensebox": "unknown", "surface_sensebox_probability": 0.0, "match": "Unknown" }, "geometry": { "type": "Point", "coordinates": [ 8.762429632000671, 47.200776444050469 ] } },
{ "type": "Feature", "properties": { "timestamp": "2026-05-02T12:15:31.999Z", "latitude": 47.20078783730623, "longitude": 8.7624851443558356, "BELAGSART": 100, "surface_classification_asphalt": 0.85, "surface_classification_compacted": 0.07, "surface_classification_paving": 0.07, "surface_classification_sett": 0.0, "surface_classification_standing": 0.0, "surface_swisstopo": "paved", "surface_sensebox": "paved", "surface_sensebox_probability": 0.85, "match": "True" }, "geometry": { "type": "Point", "coordinates": [ 8.762485153015392, 47.200787847347186 ] } },
{ "type": "Feature", "properties": { "timestamp": "2026-05-02T12:15:32.999Z", "latitude": 47.200802198948395, "longitude": 8.7625408312246229, "BELAGSART": 100, "surface_classification_asphalt": null, "surface_classification_compacted": null, "surface_classification_paving": null, "surface_classification_sett": null, "surface_classification_standing": null, "surface_swisstopo": "paved", "surface_sensebox": "unknown", "surface_sensebox_probability": 0.0, "match": "Unknown" }, "geometry": { "type": "Point", "coordinates": [ 8.762540839884222, 47.20080220898933 ] } },
{ "type": "Feature", "properties": { "timestamp": "2026-05-02T12:15:33.999Z", "latitude": 47.200821741679718, "longitude": 8.7626033050273193, "BELAGSART": 100, "surface_classification_asphalt": 0.11, "surface_classification_compacted": 0.67, "surface_classification_paving": 0.14, "surface_classification_sett": 0.08, "surface_classification_standing": 0.0, "surface_swisstopo": "paved", "surface_sensebox": "nature", "surface_sensebox_probability": 0.67, "match": "False" }, "geometry": { "type": "Point", "coordinates": [ 8.762603313686975, 47.200821751720646 ] } },
{ "type": "Feature", "properties": { "timestamp": "2026-05-02T12:15:34.999Z", "latitude": 47.200845756586482, "longitude": 8.7626721491079973, "BELAGSART": 100, "surface_classification_asphalt": null, "surface_classification_compacted": null, "surface_classification_paving": null, "surface_classification_sett": null, "surface_classification_standing": null, "surface_swisstopo": "paved", "surface_sensebox": "unknown", "surface_sensebox_probability": 0.0, "match": "Unknown" }, "geometry": { "type": "Point", "coordinates": [ 8.762672157767716, 47.200845766627367 ] } },
{ "type": "Feature", "properties": { "timestamp": "2026-05-02T12:15:35.999Z", "latitude": 47.200868976131865, "longitude": 8.7627494756656521, "BELAGSART": 100, "surface_classification_asphalt": null, "surface_classification_compacted": null, "surface_classification_paving": null, "surface_classification_sett": null, "surface_classification_standing": null, "surface_swisstopo": "paved", "surface_sensebox": "unknown", "surface_sensebox_probability": 0.0, "match": "Unknown" }, "geometry": { "type": "Point", "coordinates": [ 8.762749484325434, 47.20086898617275 ] } },
{ "type": "Feature", "properties": { "timestamp": "2026-05-02T12:15:36.999Z", "latitude": 47.200893010822718, "longitude": 8.7628260991365057, "BELAGSART": 100, "surface_classification_asphalt": 0.02, "surface_classification_compacted": 0.06, "surface_classification_paving": 0.07, "surface_classification_sett": 0.84, "surface_classification_standing": 0.0, "surface_swisstopo": "paved", "surface_sensebox": "paved", "surface_sensebox_probability": 0.84, "match": "True" }, "geometry": { "type": "Point", "coordinates": [ 8.762826107796355, 47.200893020863582 ] } },
{ "type": "Feature", "properties": { "timestamp": "2026-05-02T12:15:37.999Z", "latitude": 47.200914711030968, "longitude": 8.762890009036008, "BELAGSART": 100, "surface_classification_asphalt": null, "surface_classification_compacted": null, "surface_classification_paving": null, "surface_classification_sett": null, "surface_classification_standing": null, "surface_swisstopo": "paved", "surface_sensebox": "unknown", "surface_sensebox_probability": 0.0, "match": "Unknown" }, "geometry": { "type": "Point", "coordinates": [ 8.762890017695915, 47.200914721071854 ] } },
{ "type": "Feature", "properties": { "timestamp": "2026-05-02T12:15:38.999Z", "latitude": 47.200948625821965, "longitude": 8.7629965215704697, "BELAGSART": 100, "surface_classification_asphalt": null, "surface_classification_compacted": null, "surface_classification_paving": null, "surface_classification_sett": null, "surface_classification_standing": null, "surface_swisstopo": "paved", "surface_sensebox": "unknown", "surface_sensebox_probability": 0.0, "match": "Unknown" }, "geometry": { "type": "Point", "coordinates": [ 8.762996530230465, 47.200948635862801 ] } },
{ "type": "Feature", "properties": { "timestamp": "2026-05-02T12:15:39.999Z", "latitude": 47.200993892560518, "longitude": 8.7631131031046667, "BELAGSART": 100, "surface_classification_asphalt": 0.01, "surface_classification_compacted": 0.8, "surface_classification_paving": 0.08, "surface_classification_sett": 0.11, "surface_classification_standing": 0.0, "surface_swisstopo": "paved", "surface_sensebox": "nature", "surface_sensebox_probability": 0.8, "match": "False" }, "geometry": { "type": "Point", "coordinates": [ 8.763113111764756, 47.200993902601361 ] } },
{ "type": "Feature", "properties": { "timestamp": "2026-05-02T12:15:40.999Z", "latitude": 47.201017985472269, "longitude": 8.7632239310062001, "BELAGSART": 100, "surface_classification_asphalt": null, "surface_classification_compacted": null, "surface_classification_paving": null, "surface_classification_sett": null, "surface_classification_standing": null, "surface_swisstopo": "paved", "surface_sensebox": "unknown", "surface_sensebox_probability": 0.0, "match": "Unknown" }, "geometry": { "type": "Point", "coordinates": [ 8.763223939666391, 47.201017995513098 ] } },
{ "type": "Feature", "properties": { "timestamp": "2026-05-02T12:15:41.999Z", "latitude": 47.201045037173472, "longitude": 8.7633278215254773, "BELAGSART": 100, "surface_classification_asphalt": null, "surface_classification_compacted": null, "surface_classification_paving": null, "surface_classification_sett": null, "surface_classification_standing": null, "surface_swisstopo": "paved", "surface_sensebox": "unknown", "surface_sensebox_probability": 0.0, "match": "Unknown" }, "geometry": { "type": "Point", "coordinates": [ 8.76332783018576, 47.201045047214258 ] } },
{ "type": "Feature", "properties": { "timestamp": "2026-05-02T12:15:42.999Z", "latitude": 47.201071018589182, "longitude": 8.7634292415461417, "BELAGSART": 100, "surface_classification_asphalt": 0.04, "surface_classification_compacted": 0.21, "surface_classification_paving": 0.24, "surface_classification_sett": 0.52, "surface_classification_standing": 0.0, "surface_swisstopo": "paved", "surface_sensebox": "paved", "surface_sensebox_probability": 0.52, "match": "True" }, "geometry": { "type": "Point", "coordinates": [ 8.763429250206519, 47.20107102862994 ] } },
{ "type": "Feature", "properties": { "timestamp": "2026-05-02T12:15:43.999Z", "latitude": 47.201098850174368, "longitude": 8.7635220192324272, "BELAGSART": 100, "surface_classification_asphalt": null, "surface_classification_compacted": null, "surface_classification_paving": null, "surface_classification_sett": null, "surface_classification_standing": null, "surface_swisstopo": "paved", "surface_sensebox": "unknown", "surface_sensebox_probability": 0.0, "match": "Unknown" }, "geometry": { "type": "Point", "coordinates": [ 8.763522027892883, 47.20109886021514 ] } },
{ "type": "Feature", "properties": { "timestamp": "2026-05-02T12:15:44.999Z", "latitude": 47.201122476841903, "longitude": 8.7636069624024966, "BELAGSART": 100, "surface_classification_asphalt": null, "surface_classification_compacted": null, "surface_classification_paving": null, "surface_classification_sett": null, "surface_classification_standing": null, "surface_swisstopo": "paved", "surface_sensebox": "unknown", "surface_sensebox_probability": 0.0, "match": "Unknown" }, "geometry": { "type": "Point", "coordinates": [ 8.763606971063028, 47.201122486882625 ] } },
{ "type": "Feature", "properties": { "timestamp": "2026-05-02T12:15:45.999Z", "latitude": 47.201139302716783, "longitude": 8.7636915909153927, "BELAGSART": 100, "surface_classification_asphalt": 0.05, "surface_classification_compacted": 0.09, "surface_classification_paving": 0.53, "surface_classification_sett": 0.34, "surface_classification_standing": 0.0, "surface_swisstopo": "paved", "surface_sensebox": "paved", "surface_sensebox_probability": 0.53, "match": "True" }, "geometry": { "type": "Point", "coordinates": [ 8.763691599575996, 47.201139312757491 ] } },
{ "type": "Feature", "properties": { "timestamp": "2026-05-02T12:15:46.999Z", "latitude": 47.201158239702906, "longitude": 8.7637686613424037, "BELAGSART": 100, "surface_classification_asphalt": null, "surface_classification_compacted": null, "surface_classification_paving": null, "surface_classification_sett": null, "surface_classification_standing": null, "surface_swisstopo": "paved", "surface_sensebox": "unknown", "surface_sensebox_probability": 0.0, "match": "Unknown" }, "geometry": { "type": "Point", "coordinates": [ 8.763768670003079, 47.201158249743543 ] } },
{ "type": "Feature", "properties": { "timestamp": "2026-05-02T12:15:47.999Z", "latitude": 47.201172817658467, "longitude": 8.7638361191832175, "BELAGSART": 100, "surface_classification_asphalt": 0.4, "surface_classification_compacted": 0.4, "surface_classification_paving": 0.18, "surface_classification_sett": 0.01, "surface_classification_standing": 0.0, "surface_swisstopo": "paved", "surface_sensebox": "unknown", "surface_sensebox_probability": 0.4, "match": "Unknown" }, "geometry": { "type": "Point", "coordinates": [ 8.763836127843952, 47.201172827699139 ] } },
{ "type": "Feature", "properties": { "timestamp": "2026-05-02T12:15:48.999Z", "latitude": 47.201184685988473, "longitude": 8.7639048602023912, "BELAGSART": 100, "surface_classification_asphalt": null, "surface_classification_compacted": null, "surface_classification_paving": null, "surface_classification_sett": null, "surface_classification_standing": null, "surface_swisstopo": "paved", "surface_sensebox": "unknown", "surface_sensebox_probability": 0.0, "match": "Unknown" }, "geometry": { "type": "Point", "coordinates": [ 8.763904868863186, 47.201184696029138 ] } },
{ "type": "Feature", "properties": { "timestamp": "2026-05-02T12:15:49.999Z", "latitude": 47.20119398685619, "longitude": 8.7639795422391646, "BELAGSART": 100, "surface_classification_asphalt": null, "surface_classification_compacted": null, "surface_classification_paving": null, "surface_classification_sett": null, "surface_classification_standing": null, "surface_swisstopo": "paved", "surface_sensebox": "unknown", "surface_sensebox_probability": 0.0, "match": "Unknown" }, "geometry": { "type": "Point", "coordinates": [ 8.763979550900032, 47.201193996896855 ] } },
{ "type": "Feature", "properties": { "timestamp": "2026-05-02T12:15:50.999Z", "latitude": 47.20120473528231, "longitude": 8.7640482877763226, "BELAGSART": 100, "surface_classification_asphalt": 0.3, "surface_classification_compacted": 0.64, "surface_classification_paving": 0.05, "surface_classification_sett": 0.0, "surface_classification_standing": 0.0, "surface_swisstopo": "paved", "surface_sensebox": "nature", "surface_sensebox_probability": 0.64, "match": "False" }, "geometry": { "type": "Point", "coordinates": [ 8.764048296437251, 47.20120474532294 ] } },
{ "type": "Feature", "properties": { "timestamp": "2026-05-02T12:15:51.999Z", "latitude": 47.201214417078219, "longitude": 8.7641154624193423, "BELAGSART": 100, "surface_classification_asphalt": null, "surface_classification_compacted": null, "surface_classification_paving": null, "surface_classification_sett": null, "surface_classification_standing": null, "surface_swisstopo": "paved", "surface_sensebox": "unknown", "surface_sensebox_probability": 0.0, "match": "Unknown" }, "geometry": { "type": "Point", "coordinates": [ 8.764115471080331, 47.201214427118813 ] } },
{ "type": "Feature", "properties": { "timestamp": "2026-05-02T12:15:53.998Z", "latitude": 47.201233468732781, "longitude": 8.7642522382882806, "BELAGSART": 100, "surface_classification_asphalt": 0.3, "surface_classification_compacted": 0.19, "surface_classification_paving": 0.46, "surface_classification_sett": 0.05, "surface_classification_standing": 0.0, "surface_swisstopo": "paved", "surface_sensebox": "unknown", "surface_sensebox_probability": 0.46, "match": "Unknown" }, "geometry": { "type": "Point", "coordinates": [ 8.764252246949397, 47.201233478773375 ] } },
{ "type": "Feature", "properties": { "timestamp": "2026-05-02T12:15:54.998Z", "latitude": 47.201241982044088, "longitude": 8.7643113743389804, "BELAGSART": 100, "surface_classification_asphalt": null, "surface_classification_compacted": null, "surface_classification_paving": null, "surface_classification_sett": null, "surface_classification_standing": null, "surface_swisstopo": "paved", "surface_sensebox": "unknown", "surface_sensebox_probability": 0.0, "match": "Unknown" }, "geometry": { "type": "Point", "coordinates": [ 8.764311383000152, 47.201241992084626 ] } },
{ "type": "Feature", "properties": { "timestamp": "2026-05-02T12:15:55.998Z", "latitude": 47.20125315142942, "longitude": 8.7643789973940205, "BELAGSART": 100, "surface_classification_asphalt": null, "surface_classification_compacted": null, "surface_classification_paving": null, "surface_classification_sett": null, "surface_classification_standing": null, "surface_swisstopo": "paved", "surface_sensebox": "unknown", "surface_sensebox_probability": 0.0, "match": "Unknown" }, "geometry": { "type": "Point", "coordinates": [ 8.764379006055249, 47.201253161469971 ] } },
{ "type": "Feature", "properties": { "timestamp": "2026-05-02T12:15:56.998Z", "latitude": 47.201264105675499, "longitude": 8.7644407804506255, "BELAGSART": 100, "surface_classification_asphalt": 0.04, "surface_classification_compacted": 0.87, "surface_classification_paving": 0.08, "surface_classification_sett": 0.0, "surface_classification_standing": 0.0, "surface_swisstopo": "paved", "surface_sensebox": "nature", "surface_sensebox_probability": 0.87, "match": "False" }, "geometry": { "type": "Point", "coordinates": [ 8.764440789111912, 47.201264115716057 ] } },
{ "type": "Feature", "properties": { "timestamp": "2026-05-02T12:15:57.998Z", "latitude": 47.201275556567744, "longitude": 8.7645070985272984, "BELAGSART": 100, "surface_classification_asphalt": null, "surface_classification_compacted": null, "surface_classification_paving": null, "surface_classification_sett": null, "surface_classification_standing": null, "surface_swisstopo": "paved", "surface_sensebox": "unknown", "surface_sensebox_probability": 0.0, "match": "Unknown" }, "geometry": { "type": "Point", "coordinates": [ 8.764507107188642, 47.201275566608224 ] } },
{ "type": "Feature", "properties": { "timestamp": "2026-05-02T12:15:58.998Z", "latitude": 47.201279198655406, "longitude": 8.7645734685815242, "BELAGSART": 100, "surface_classification_asphalt": null, "surface_classification_compacted": null, "surface_classification_paving": null, "surface_classification_sett": null, "surface_classification_standing": null, "surface_swisstopo": "paved", "surface_sensebox": "unknown", "surface_sensebox_probability": 0.0, "match": "Unknown" }, "geometry": { "type": "Point", "coordinates": [ 8.764573477242932, 47.201279208695865 ] } },
{ "type": "Feature", "properties": { "timestamp": "2026-05-02T12:15:59.998Z", "latitude": 47.201282277106948, "longitude": 8.7646385552001291, "BELAGSART": 100, "surface_classification_asphalt": 0.73, "surface_classification_compacted": 0.17, "surface_classification_paving": 0.09, "surface_classification_sett": 0.01, "surface_classification_standing": 0.0, "surface_swisstopo": "paved", "surface_sensebox": "paved", "surface_sensebox_probability": 0.73, "match": "True" }, "geometry": { "type": "Point", "coordinates": [ 8.764638563861599, 47.201282287147428 ] } },
{ "type": "Feature", "properties": { "timestamp": "2026-05-02T12:16:00.998Z", "latitude": 47.201291079476761, "longitude": 8.7647020504122075, "BELAGSART": 100, "surface_classification_asphalt": null, "surface_classification_compacted": null, "surface_classification_paving": null, "surface_classification_sett": null, "surface_classification_standing": null, "surface_swisstopo": "paved", "surface_sensebox": "unknown", "surface_sensebox_probability": 0.0, "match": "Unknown" }, "geometry": { "type": "Point", "coordinates": [ 8.764702059073738, 47.201291089517206 ] } },
{ "type": "Feature", "properties": { "timestamp": "2026-05-02T12:16:01.998Z", "latitude": 47.201298449865732, "longitude": 8.7647662684448893, "BELAGSART": 100, "surface_classification_asphalt": 0.39, "surface_classification_compacted": 0.49, "surface_classification_paving": 0.11, "surface_classification_sett": 0.0, "surface_classification_standing": 0.0, "surface_swisstopo": "paved", "surface_sensebox": "unknown", "surface_sensebox_probability": 0.49, "match": "Unknown" }, "geometry": { "type": "Point", "coordinates": [ 8.76476627710648, 47.201298459906191 ] } },
{ "type": "Feature", "properties": { "timestamp": "2026-05-02T12:16:02.998Z", "latitude": 47.201299277521862, "longitude": 8.7648265619986141, "BELAGSART": 100, "surface_classification_asphalt": null, "surface_classification_compacted": null, "surface_classification_paving": null, "surface_classification_sett": null, "surface_classification_standing": null, "surface_swisstopo": "paved", "surface_sensebox": "unknown", "surface_sensebox_probability": 0.0, "match": "Unknown" }, "geometry": { "type": "Point", "coordinates": [ 8.76482657066026, 47.201299287562293 ] } },
{ "type": "Feature", "properties": { "timestamp": "2026-05-02T12:16:03.998Z", "latitude": 47.201301978534296, "longitude": 8.7648924869151124, "BELAGSART": 100, "surface_classification_asphalt": null, "surface_classification_compacted": null, "surface_classification_paving": null, "surface_classification_sett": null, "surface_classification_standing": null, "surface_swisstopo": "paved", "surface_sensebox": "unknown", "surface_sensebox_probability": 0.0, "match": "Unknown" }, "geometry": { "type": "Point", "coordinates": [ 8.76489249557682, 47.201301988574727 ] } },
{ "type": "Feature", "properties": { "timestamp": "2026-05-02T12:16:04.998Z", "latitude": 47.20130413472932, "longitude": 8.7649549429004256, "BELAGSART": 100, "surface_classification_asphalt": 0.53, "surface_classification_compacted": 0.34, "surface_classification_paving": 0.13, "surface_classification_sett": 0.01, "surface_classification_standing": 0.0, "surface_swisstopo": "paved", "surface_sensebox": "paved", "surface_sensebox_probability": 0.53, "match": "True" }, "geometry": { "type": "Point", "coordinates": [ 8.764954951562197, 47.201304144769722 ] } },
{ "type": "Feature", "properties": { "timestamp": "2026-05-02T12:16:05.998Z", "latitude": 47.201307822326328, "longitude": 8.7650161121347523, "BELAGSART": 100, "surface_classification_asphalt": null, "surface_classification_compacted": null, "surface_classification_paving": null, "surface_classification_sett": null, "surface_classification_standing": null, "surface_swisstopo": "paved", "surface_sensebox": "unknown", "surface_sensebox_probability": 0.0, "match": "Unknown" }, "geometry": { "type": "Point", "coordinates": [ 8.765016120796581, 47.201307832366695 ] } },
{ "type": "Feature", "properties": { "timestamp": "2026-05-02T12:16:06.998Z", "latitude": 47.201312025216552, "longitude": 8.7650734920626956, "BELAGSART": 100, "surface_classification_asphalt": null, "surface_classification_compacted": null, "surface_classification_paving": null, "surface_classification_sett": null, "surface_classification_standing": null, "surface_swisstopo": "paved", "surface_sensebox": "unknown", "surface_sensebox_probability": 0.0, "match": "Unknown" }, "geometry": { "type": "Point", "coordinates": [ 8.765073500724574, 47.201312035256933 ] } },
{ "type": "Feature", "properties": { "timestamp": "2026-05-02T12:16:07.998Z", "latitude": 47.201316166566883, "longitude": 8.7651310222884167, "BELAGSART": 100, "surface_classification_asphalt": 0.14, "surface_classification_compacted": 0.84, "surface_classification_paving": 0.02, "surface_classification_sett": 0.0, "surface_classification_standing": 0.0, "surface_swisstopo": "paved", "surface_sensebox": "nature", "surface_sensebox_probability": 0.84, "match": "False" }, "geometry": { "type": "Point", "coordinates": [ 8.765131030950348, 47.2013161766072 ] } },
{ "type": "Feature", "properties": { "timestamp": "2026-05-02T12:16:08.998Z", "latitude": 47.201321874143424, "longitude": 8.7651875248153477, "BELAGSART": 100, "surface_classification_asphalt": null, "surface_classification_compacted": null, "surface_classification_paving": null, "surface_classification_sett": null, "surface_classification_standing": null, "surface_swisstopo": "paved", "surface_sensebox": "unknown", "surface_sensebox_probability": 0.0, "match": "Unknown" }, "geometry": { "type": "Point", "coordinates": [ 8.765187533477333, 47.201321884183741 ] } },
{ "type": "Feature", "properties": { "timestamp": "2026-05-02T12:16:09.998Z", "latitude": 47.201323735361782, "longitude": 8.7652423899355707, "BELAGSART": 100, "surface_classification_asphalt": null, "surface_classification_compacted": null, "surface_classification_paving": null, "surface_classification_sett": null, "surface_classification_standing": null, "surface_swisstopo": "paved", "surface_sensebox": "unknown", "surface_sensebox_probability": 0.0, "match": "Unknown" }, "geometry": { "type": "Point", "coordinates": [ 8.765242398597609, 47.2013237454021 ] } },
{ "type": "Feature", "properties": { "timestamp": "2026-05-02T12:16:10.998Z", "latitude": 47.201329136869319, "longitude": 8.7652959731637328, "BELAGSART": 100, "surface_classification_asphalt": 0.89, "surface_classification_compacted": 0.05, "surface_classification_paving": 0.05, "surface_classification_sett": 0.0, "surface_classification_standing": 0.0, "surface_swisstopo": "paved", "surface_sensebox": "paved", "surface_sensebox_probability": 0.89, "match": "True" }, "geometry": { "type": "Point", "coordinates": [ 8.765295981825819, 47.201329146909607 ] } },
{ "type": "Feature", "properties": { "timestamp": "2026-05-02T12:16:11.998Z", "latitude": 47.201350678924427, "longitude": 8.7653455059705063, "BELAGSART": 100, "surface_classification_asphalt": null, "surface_classification_compacted": null, "surface_classification_paving": null, "surface_classification_sett": null, "surface_classification_standing": null, "surface_swisstopo": "paved", "surface_sensebox": "unknown", "surface_sensebox_probability": 0.0, "match": "Unknown" }, "geometry": { "type": "Point", "coordinates": [ 8.765345514632635, 47.201350688964752 ] } },
{ "type": "Feature", "properties": { "timestamp": "2026-05-02T12:16:12.998Z", "latitude": 47.201348973179549, "longitude": 8.7653998405984606, "BELAGSART": 100, "surface_classification_asphalt": null, "surface_classification_compacted": null, "surface_classification_paving": null, "surface_classification_sett": null, "surface_classification_standing": null, "surface_swisstopo": "paved", "surface_sensebox": "unknown", "surface_sensebox_probability": 0.0, "match": "Unknown" }, "geometry": { "type": "Point", "coordinates": [ 8.765399849260643, 47.201348983219816 ] } },
{ "type": "Feature", "properties": { "timestamp": "2026-05-02T12:16:13.998Z", "latitude": 47.201352155160812, "longitude": 8.7654520165675986, "BELAGSART": 100, "surface_classification_asphalt": 0.23, "surface_classification_compacted": 0.57, "surface_classification_paving": 0.19, "surface_classification_sett": 0.01, "surface_classification_standing": 0.0, "surface_swisstopo": "paved", "surface_sensebox": "nature", "surface_sensebox_probability": 0.57, "match": "False" }, "geometry": { "type": "Point", "coordinates": [ 8.765452025229832, 47.201352165201108 ] } },
{ "type": "Feature", "properties": { "timestamp": "2026-05-02T12:16:14.998Z", "latitude": 47.201349723187043, "longitude": 8.7655086149581933, "BELAGSART": 200, "surface_classification_asphalt": null, "surface_classification_compacted": null, "surface_classification_paving": null, "surface_classification_sett": null, "surface_classification_standing": null, "surface_swisstopo": "nature", "surface_sensebox": "unknown", "surface_sensebox_probability": 0.0, "match": "Unknown" }, "geometry": { "type": "Point", "coordinates": [ 8.765508623620482, 47.201349733227296 ] } },
{ "type": "Feature", "properties": { "timestamp": "2026-05-02T12:16:15.998Z", "latitude": 47.201343666305, "longitude": 8.7655590370218537, "BELAGSART": 100, "surface_classification_asphalt": 0.55, "surface_classification_compacted": 0.1, "surface_classification_paving": 0.35, "surface_classification_sett": 0.0, "surface_classification_standing": 0.0, "surface_swisstopo": "paved", "surface_sensebox": "paved", "surface_sensebox_probability": 0.55, "match": "True" }, "geometry": { "type": "Point", "coordinates": [ 8.76555904568419, 47.201343676345232 ] } },
{ "type": "Feature", "properties": { "timestamp": "2026-05-02T12:16:16.998Z", "latitude": 47.201336265943162, "longitude": 8.7656141182051535, "BELAGSART": 100, "surface_classification_asphalt": null, "surface_classification_compacted": null, "surface_classification_paving": null, "surface_classification_sett": null, "surface_classification_standing": null, "surface_swisstopo": "paved", "surface_sensebox": "unknown", "surface_sensebox_probability": 0.0, "match": "Unknown" }, "geometry": { "type": "Point", "coordinates": [ 8.765614126867547, 47.20133627598338 ] } },
{ "type": "Feature", "properties": { "timestamp": "2026-05-02T12:16:17.998Z", "latitude": 47.201339002423282, "longitude": 8.765666028861002, "BELAGSART": 100, "surface_classification_asphalt": null, "surface_classification_compacted": null, "surface_classification_paving": null, "surface_classification_sett": null, "surface_classification_standing": null, "surface_swisstopo": "paved", "surface_sensebox": "unknown", "surface_sensebox_probability": 0.0, "match": "Unknown" }, "geometry": { "type": "Point", "coordinates": [ 8.765666037523442, 47.20133901246345 ] } },
{ "type": "Feature", "properties": { "timestamp": "2026-05-02T12:16:18.998Z", "latitude": 47.201342877422007, "longitude": 8.7657231002271203, "BELAGSART": 100, "surface_classification_asphalt": 0.14, "surface_classification_compacted": 0.14, "surface_classification_paving": 0.07, "surface_classification_sett": 0.66, "surface_classification_standing": 0.0, "surface_swisstopo": "paved", "surface_sensebox": "paved", "surface_sensebox_probability": 0.66, "match": "True" }, "geometry": { "type": "Point", "coordinates": [ 8.765723108889617, 47.201342887462197 ] } },
{ "type": "Feature", "properties": { "timestamp": "2026-05-02T12:16:19.998Z", "latitude": 47.201349802944989, "longitude": 8.7657927970251386, "BELAGSART": 100, "surface_classification_asphalt": null, "surface_classification_compacted": null, "surface_classification_paving": null, "surface_classification_sett": null, "surface_classification_standing": null, "surface_swisstopo": "paved", "surface_sensebox": "unknown", "surface_sensebox_probability": 0.0, "match": "Unknown" }, "geometry": { "type": "Point", "coordinates": [ 8.765792805687699, 47.201349812985164 ] } },
{ "type": "Feature", "properties": { "timestamp": "2026-05-02T12:16:20.998Z", "latitude": 47.20136709115517, "longitude": 8.7658613358400874, "BELAGSART": 100, "surface_classification_asphalt": null, "surface_classification_compacted": null, "surface_classification_paving": null, "surface_classification_sett": null, "surface_classification_standing": null, "surface_swisstopo": "paved", "surface_sensebox": "unknown", "surface_sensebox_probability": 0.0, "match": "Unknown" }, "geometry": { "type": "Point", "coordinates": [ 8.765861344502706, 47.201367101195316 ] } },
{ "type": "Feature", "properties": { "timestamp": "2026-05-02T12:16:21.998Z", "latitude": 47.201361319252783, "longitude": 8.7659305917050307, "BELAGSART": 100, "surface_classification_asphalt": 0.06, "surface_classification_compacted": 0.13, "surface_classification_paving": 0.5, "surface_classification_sett": 0.32, "surface_classification_standing": 0.0, "surface_swisstopo": "paved", "surface_sensebox": "unknown", "surface_sensebox_probability": 0.5, "match": "Unknown" }, "geometry": { "type": "Point", "coordinates": [ 8.765930600367724, 47.201361329292936 ] } },
{ "type": "Feature", "properties": { "timestamp": "2026-05-02T12:16:22.998Z", "latitude": 47.201375107451597, "longitude": 8.7660030147046673, "BELAGSART": 100, "surface_classification_asphalt": null, "surface_classification_compacted": null, "surface_classification_paving": null, "surface_classification_sett": null, "surface_classification_standing": null, "surface_swisstopo": "paved", "surface_sensebox": "unknown", "surface_sensebox_probability": 0.0, "match": "Unknown" }, "geometry": { "type": "Point", "coordinates": [ 8.766003023367418, 47.201375117491665 ] } },
{ "type": "Feature", "properties": { "timestamp": "2026-05-02T12:16:23.998Z", "latitude": 47.201374988640993, "longitude": 8.766078369999903, "BELAGSART": 100, "surface_classification_asphalt": null, "surface_classification_compacted": null, "surface_classification_paving": null, "surface_classification_sett": null, "surface_classification_standing": null, "surface_swisstopo": "paved", "surface_sensebox": "unknown", "surface_sensebox_probability": 0.0, "match": "Unknown" }, "geometry": { "type": "Point", "coordinates": [ 8.766078378662726, 47.201374998681061 ] } },
{ "type": "Feature", "properties": { "timestamp": "2026-05-02T12:16:24.998Z", "latitude": 47.20137117357897, "longitude": 8.7661549489222921, "BELAGSART": 100, "surface_classification_asphalt": 0.07, "surface_classification_compacted": 0.8, "surface_classification_paving": 0.09, "surface_classification_sett": 0.04, "surface_classification_standing": 0.0, "surface_swisstopo": "paved", "surface_sensebox": "nature", "surface_sensebox_probability": 0.8, "match": "False" }, "geometry": { "type": "Point", "coordinates": [ 8.766154957585195, 47.201371183619067 ] } },
{ "type": "Feature", "properties": { "timestamp": "2026-05-02T12:16:25.998Z", "latitude": 47.201455364177825, "longitude": 8.7662048883132968, "BELAGSART": 100, "surface_classification_asphalt": null, "surface_classification_compacted": null, "surface_classification_paving": null, "surface_classification_sett": null, "surface_classification_standing": null, "surface_swisstopo": "paved", "surface_sensebox": "unknown", "surface_sensebox_probability": 0.0, "match": "Unknown" }, "geometry": { "type": "Point", "coordinates": [ 8.766204896976221, 47.201455374217893 ] } },
{ "type": "Feature", "properties": { "timestamp": "2026-05-02T12:16:26.998Z", "latitude": 47.201458386010678, "longitude": 8.7662570148273868, "BELAGSART": 100, "surface_classification_asphalt": null, "surface_classification_compacted": null, "surface_classification_paving": null, "surface_classification_sett": null, "surface_classification_standing": null, "surface_swisstopo": "paved", "surface_sensebox": "unknown", "surface_sensebox_probability": 0.0, "match": "Unknown" }, "geometry": { "type": "Point", "coordinates": [ 8.766257023490359, 47.201458396050775 ] } },
{ "type": "Feature", "properties": { "timestamp": "2026-05-02T12:16:27.998Z", "latitude": 47.201461860653517, "longitude": 8.7663165998081087, "BELAGSART": 100, "surface_classification_asphalt": 0.71, "surface_classification_compacted": 0.06, "surface_classification_paving": 0.15, "surface_classification_sett": 0.07, "surface_classification_standing": 0.0, "surface_swisstopo": "paved", "surface_sensebox": "paved", "surface_sensebox_probability": 0.71, "match": "True" }, "geometry": { "type": "Point", "coordinates": [ 8.766316608471138, 47.201461870693528 ] } },
{ "type": "Feature", "properties": { "timestamp": "2026-05-02T12:16:28.998Z", "latitude": 47.201490068496248, "longitude": 8.766354548524669, "BELAGSART": 100, "surface_classification_asphalt": null, "surface_classification_compacted": null, "surface_classification_paving": null, "surface_classification_sett": null, "surface_classification_standing": null, "surface_swisstopo": "paved", "surface_sensebox": "unknown", "surface_sensebox_probability": 0.0, "match": "Unknown" }, "geometry": { "type": "Point", "coordinates": [ 8.766354557187725, 47.201490078536288 ] } },
{ "type": "Feature", "properties": { "timestamp": "2026-05-02T12:16:29.998Z", "latitude": 47.201484557943019, "longitude": 8.7664189377768622, "BELAGSART": 100, "surface_classification_asphalt": null, "surface_classification_compacted": null, "surface_classification_paving": null, "surface_classification_sett": null, "surface_classification_standing": null, "surface_swisstopo": "paved", "surface_sensebox": "unknown", "surface_sensebox_probability": 0.0, "match": "Unknown" }, "geometry": { "type": "Point", "coordinates": [ 8.766418946439982, 47.201484567983066 ] } },
{ "type": "Feature", "properties": { "timestamp": "2026-05-02T12:16:30.998Z", "latitude": 47.201488733438012, "longitude": 8.7664901975185039, "BELAGSART": 100, "surface_classification_asphalt": 0.04, "surface_classification_compacted": 0.88, "surface_classification_paving": 0.09, "surface_classification_sett": 0.0, "surface_classification_standing": 0.0, "surface_swisstopo": "paved", "surface_sensebox": "nature", "surface_sensebox_probability": 0.88, "match": "False" }, "geometry": { "type": "Point", "coordinates": [ 8.766490206181693, 47.201488743477995 ] } },
{ "type": "Feature", "properties": { "timestamp": "2026-05-02T12:16:31.998Z", "latitude": 47.201492825317523, "longitude": 8.7665683133673582, "BELAGSART": 100, "surface_classification_asphalt": null, "surface_classification_compacted": null, "surface_classification_paving": null, "surface_classification_sett": null, "surface_classification_standing": null, "surface_swisstopo": "paved", "surface_sensebox": "unknown", "surface_sensebox_probability": 0.0, "match": "Unknown" }, "geometry": { "type": "Point", "coordinates": [ 8.766568322030619, 47.201492835357499 ] } },
{ "type": "Feature", "properties": { "timestamp": "2026-05-02T12:16:32.998Z", "latitude": 47.201527849069919, "longitude": 8.7666399922759428, "BELAGSART": 100, "surface_classification_asphalt": 0.47, "surface_classification_compacted": 0.38, "surface_classification_paving": 0.14, "surface_classification_sett": 0.01, "surface_classification_standing": 0.0, "surface_swisstopo": "paved", "surface_sensebox": "unknown", "surface_sensebox_probability": 0.47, "match": "Unknown" }, "geometry": { "type": "Point", "coordinates": [ 8.766640000939262, 47.201527859109888 ] } },
{ "type": "Feature", "properties": { "timestamp": "2026-05-02T12:16:34.997Z", "latitude": 47.201531571238533, "longitude": 8.7667966037783973, "BELAGSART": 100, "surface_classification_asphalt": null, "surface_classification_compacted": null, "surface_classification_paving": null, "surface_classification_sett": null, "surface_classification_standing": null, "surface_swisstopo": "paved", "surface_sensebox": "unknown", "surface_sensebox_probability": 0.0, "match": "Unknown" }, "geometry": { "type": "Point", "coordinates": [ 8.766796612441864, 47.201531581278488 ] } },
{ "type": "Feature", "properties": { "timestamp": "2026-05-02T12:16:35.997Z", "latitude": 47.201525033261319, "longitude": 8.7668843234793865, "BELAGSART": 100, "surface_classification_asphalt": 0.65, "surface_classification_compacted": 0.3, "surface_classification_paving": 0.04, "surface_classification_sett": 0.01, "surface_classification_standing": 0.0, "surface_swisstopo": "paved", "surface_sensebox": "paved", "surface_sensebox_probability": 0.65, "match": "True" }, "geometry": { "type": "Point", "coordinates": [ 8.76688433214294, 47.201525043301189 ] } },
{ "type": "Feature", "properties": { "timestamp": "2026-05-02T12:16:36.997Z", "latitude": 47.201529365430019, "longitude": 8.7669687633761697, "BELAGSART": 100, "surface_classification_asphalt": null, "surface_classification_compacted": null, "surface_classification_paving": null, "surface_classification_sett": null, "surface_classification_standing": null, "surface_swisstopo": "paved", "surface_sensebox": "unknown", "surface_sensebox_probability": 0.0, "match": "Unknown" }, "geometry": { "type": "Point", "coordinates": [ 8.7669687720398, 47.201529375469924 ] } },
{ "type": "Feature", "properties": { "timestamp": "2026-05-02T12:16:37.997Z", "latitude": 47.201533463164594, "longitude": 8.7670354208658203, "BELAGSART": 100, "surface_classification_asphalt": null, "surface_classification_compacted": null, "surface_classification_paving": null, "surface_classification_sett": null, "surface_classification_standing": null, "surface_swisstopo": "paved", "surface_sensebox": "unknown", "surface_sensebox_probability": 0.0, "match": "Unknown" }, "geometry": { "type": "Point", "coordinates": [ 8.767035429529519, 47.201533473204435 ] } },
{ "type": "Feature", "properties": { "timestamp": "2026-05-02T12:16:38.997Z", "latitude": 47.201535884184963, "longitude": 8.7671042342637495, "BELAGSART": 100, "surface_classification_asphalt": 0.49, "surface_classification_compacted": 0.49, "surface_classification_paving": 0.02, "surface_classification_sett": 0.0, "surface_classification_standing": 0.0, "surface_swisstopo": "paved", "surface_sensebox": "unknown", "surface_sensebox_probability": 0.49, "match": "Unknown" }, "geometry": { "type": "Point", "coordinates": [ 8.767104242927511, 47.201535894224769 ] } },
{ "type": "Feature", "properties": { "timestamp": "2026-05-02T12:16:39.997Z", "latitude": 47.201517331861616, "longitude": 8.7671671648112675, "BELAGSART": 100, "surface_classification_asphalt": null, "surface_classification_compacted": null, "surface_classification_paving": null, "surface_classification_sett": null, "surface_classification_standing": null, "surface_swisstopo": "paved", "surface_sensebox": "unknown", "surface_sensebox_probability": 0.0, "match": "Unknown" }, "geometry": { "type": "Point", "coordinates": [ 8.767167173475091, 47.201517341901429 ] } },
{ "type": "Feature", "properties": { "timestamp": "2026-05-02T12:16:40.997Z", "latitude": 47.201519455798795, "longitude": 8.7672281834674024, "BELAGSART": 100, "surface_classification_asphalt": null, "surface_classification_compacted": null, "surface_classification_paving": null, "surface_classification_sett": null, "surface_classification_standing": null, "surface_swisstopo": "paved", "surface_sensebox": "unknown", "surface_sensebox_probability": 0.0, "match": "Unknown" }, "geometry": { "type": "Point", "coordinates": [ 8.767228192131292, 47.201519465838579 ] } },
{ "type": "Feature", "properties": { "timestamp": "2026-05-02T12:16:41.997Z", "latitude": 47.20152156715158, "longitude": 8.7672888405965139, "BELAGSART": 100, "surface_classification_asphalt": 0.95, "surface_classification_compacted": 0.02, "surface_classification_paving": 0.02, "surface_classification_sett": 0.0, "surface_classification_standing": 0.01, "surface_swisstopo": "paved", "surface_sensebox": "paved", "surface_sensebox_probability": 0.95, "match": "True" }, "geometry": { "type": "Point", "coordinates": [ 8.767288849260463, 47.201521577191379 ] } },
{ "type": "Feature", "properties": { "timestamp": "2026-05-02T12:16:42.997Z", "latitude": 47.201540672929163, "longitude": 8.7673409489190028, "BELAGSART": 100, "surface_classification_asphalt": null, "surface_classification_compacted": null, "surface_classification_paving": null, "surface_classification_sett": null, "surface_classification_standing": null, "surface_swisstopo": "paved", "surface_sensebox": "unknown", "surface_sensebox_probability": 0.0, "match": "Unknown" }, "geometry": { "type": "Point", "coordinates": [ 8.767340957582986, 47.201540682968947 ] } },
{ "type": "Feature", "properties": { "timestamp": "2026-05-02T12:16:43.997Z", "latitude": 47.201528993441848, "longitude": 8.7673916598771768, "BELAGSART": 100, "surface_classification_asphalt": null, "surface_classification_compacted": null, "surface_classification_paving": null, "surface_classification_sett": null, "surface_classification_standing": null, "surface_swisstopo": "paved", "surface_sensebox": "unknown", "surface_sensebox_probability": 0.0, "match": "Unknown" }, "geometry": { "type": "Point", "coordinates": [ 8.767391668541215, 47.201529003481575 ] } },
{ "type": "Feature", "properties": { "timestamp": "2026-05-02T12:16:44.997Z", "latitude": 47.201521761295758, "longitude": 8.7674386789513008, "BELAGSART": 100, "surface_classification_asphalt": 0.38, "surface_classification_compacted": 0.01, "surface_classification_paving": 0.38, "surface_classification_sett": 0.0, "surface_classification_standing": 0.22, "surface_swisstopo": "paved", "surface_sensebox": "unknown", "surface_sensebox_probability": 0.38, "match": "Unknown" }, "geometry": { "type": "Point", "coordinates": [ 8.767438687615392, 47.201521771335472 ] } },
{ "type": "Feature", "properties": { "timestamp": "2026-05-02T12:16:45.997Z", "latitude": 47.201513631459285, "longitude": 8.7674814201210598, "BELAGSART": 100, "surface_classification_asphalt": null, "surface_classification_compacted": null, "surface_classification_paving": null, "surface_classification_sett": null, "surface_classification_standing": null, "surface_swisstopo": "paved", "surface_sensebox": "unknown", "surface_sensebox_probability": 0.0, "match": "Unknown" }, "geometry": { "type": "Point", "coordinates": [ 8.767481428785189, 47.201513641499027 ] } },
{ "type": "Feature", "properties": { "timestamp": "2026-05-02T12:16:46.997Z", "latitude": 47.201511919841607, "longitude": 8.7675305077780159, "BELAGSART": 100, "surface_classification_asphalt": 0.81, "surface_classification_compacted": 0.02, "surface_classification_paving": 0.04, "surface_classification_sett": 0.01, "surface_classification_standing": 0.12, "surface_swisstopo": "paved", "surface_sensebox": "paved", "surface_sensebox_probability": 0.81, "match": "True" }, "geometry": { "type": "Point", "coordinates": [ 8.767530516442195, 47.201511929881306 ] } },
{ "type": "Feature", "properties": { "timestamp": "2026-05-02T12:16:47.997Z", "latitude": 47.201514737116781, "longitude": 8.7675789070586383, "BELAGSART": 100, "surface_classification_asphalt": null, "surface_classification_compacted": null, "surface_classification_paving": null, "surface_classification_sett": null, "surface_classification_standing": null, "surface_swisstopo": "paved", "surface_sensebox": "unknown", "surface_sensebox_probability": 0.0, "match": "Unknown" }, "geometry": { "type": "Point", "coordinates": [ 8.76757891572286, 47.201514747156473 ] } },
{ "type": "Feature", "properties": { "timestamp": "2026-05-02T12:16:48.997Z", "latitude": 47.201511600926338, "longitude": 8.7676289969461294, "BELAGSART": 100, "surface_classification_asphalt": null, "surface_classification_compacted": null, "surface_classification_paving": null, "surface_classification_sett": null, "surface_classification_standing": null, "surface_swisstopo": "paved", "surface_sensebox": "unknown", "surface_sensebox_probability": 0.0, "match": "Unknown" }, "geometry": { "type": "Point", "coordinates": [ 8.767629005610402, 47.201511610965987 ] } },
{ "type": "Feature", "properties": { "timestamp": "2026-05-02T12:16:49.997Z", "latitude": 47.201518017783165, "longitude": 8.7676950131718474, "BELAGSART": 100, "surface_classification_asphalt": 0.25, "surface_classification_compacted": 0.6, "surface_classification_paving": 0.11, "surface_classification_sett": 0.04, "surface_classification_standing": 0.0, "surface_swisstopo": "paved", "surface_sensebox": "nature", "surface_sensebox_probability": 0.6, "match": "False" }, "geometry": { "type": "Point", "coordinates": [ 8.767695021836184, 47.201518027822807 ] } },
{ "type": "Feature", "properties": { "timestamp": "2026-05-02T12:16:50.997Z", "latitude": 47.201517288208812, "longitude": 8.7677641415577785, "BELAGSART": 100, "surface_classification_asphalt": null, "surface_classification_compacted": null, "surface_classification_paving": null, "surface_classification_sett": null, "surface_classification_standing": null, "surface_swisstopo": "paved", "surface_sensebox": "unknown", "surface_sensebox_probability": 0.0, "match": "Unknown" }, "geometry": { "type": "Point", "coordinates": [ 8.767764150222179, 47.201517298248419 ] } },
{ "type": "Feature", "properties": { "timestamp": "2026-05-02T12:16:51.997Z", "latitude": 47.201521879082271, "longitude": 8.7678253615701589, "BELAGSART": 100, "surface_classification_asphalt": null, "surface_classification_compacted": null, "surface_classification_paving": null, "surface_classification_sett": null, "surface_classification_standing": null, "surface_swisstopo": "paved", "surface_sensebox": "unknown", "surface_sensebox_probability": 0.0, "match": "Unknown" }, "geometry": { "type": "Point", "coordinates": [ 8.76782537023462, 47.201521889121928 ] } },
{ "type": "Feature", "properties": { "timestamp": "2026-05-02T12:16:52.997Z", "latitude": 47.201522932741241, "longitude": 8.7678881221440701, "BELAGSART": 100, "surface_classification_asphalt": 0.47, "surface_classification_compacted": 0.19, "surface_classification_paving": 0.34, "surface_classification_sett": 0.0, "surface_classification_standing": 0.0, "surface_swisstopo": "paved", "surface_sensebox": "unknown", "surface_sensebox_probability": 0.47, "match": "Unknown" }, "geometry": { "type": "Point", "coordinates": [ 8.767888130808585, 47.201522942780812 ] } },
{ "type": "Feature", "properties": { "timestamp": "2026-05-02T12:16:53.997Z", "latitude": 47.201525032614015, "longitude": 8.7679542340891281, "BELAGSART": 100, "surface_classification_asphalt": null, "surface_classification_compacted": null, "surface_classification_paving": null, "surface_classification_sett": null, "surface_classification_standing": null, "surface_swisstopo": "paved", "surface_sensebox": "unknown", "surface_sensebox_probability": 0.0, "match": "Unknown" }, "geometry": { "type": "Point", "coordinates": [ 8.767954242753708, 47.201525042653543 ] } },
{ "type": "Feature", "properties": { "timestamp": "2026-05-02T12:16:54.997Z", "latitude": 47.201521904413994, "longitude": 8.7680145407626302, "BELAGSART": 100, "surface_classification_asphalt": null, "surface_classification_compacted": null, "surface_classification_paving": null, "surface_classification_sett": null, "surface_classification_standing": null, "surface_swisstopo": "paved", "surface_sensebox": "unknown", "surface_sensebox_probability": 0.0, "match": "Unknown" }, "geometry": { "type": "Point", "coordinates": [ 8.768014549427273, 47.201521914453565 ] } },
{ "type": "Feature", "properties": { "timestamp": "2026-05-02T12:16:55.997Z", "latitude": 47.201524320573419, "longitude": 8.7680712853016907, "BELAGSART": 100, "surface_classification_asphalt": 0.91, "surface_classification_compacted": 0.02, "surface_classification_paving": 0.05, "surface_classification_sett": 0.0, "surface_classification_standing": 0.02, "surface_swisstopo": "paved", "surface_sensebox": "paved", "surface_sensebox_probability": 0.91, "match": "True" }, "geometry": { "type": "Point", "coordinates": [ 8.768071293966386, 47.201524330612934 ] } },
{ "type": "Feature", "properties": { "timestamp": "2026-05-02T12:16:56.997Z", "latitude": 47.201523276780883, "longitude": 8.768131205744524, "BELAGSART": 100, "surface_classification_asphalt": null, "surface_classification_compacted": null, "surface_classification_paving": null, "surface_classification_sett": null, "surface_classification_standing": null, "surface_swisstopo": "paved", "surface_sensebox": "unknown", "surface_sensebox_probability": 0.0, "match": "Unknown" }, "geometry": { "type": "Point", "coordinates": [ 8.768131214409276, 47.201523286820468 ] } },
{ "type": "Feature", "properties": { "timestamp": "2026-05-02T12:16:57.997Z", "latitude": 47.201524733119797, "longitude": 8.7681849382468915, "BELAGSART": 100, "surface_classification_asphalt": null, "surface_classification_compacted": null, "surface_classification_paving": null, "surface_classification_sett": null, "surface_classification_standing": null, "surface_swisstopo": "paved", "surface_sensebox": "unknown", "surface_sensebox_probability": 0.0, "match": "Unknown" }, "geometry": { "type": "Point", "coordinates": [ 8.768184946911699, 47.201524743159332 ] } },
{ "type": "Feature", "properties": { "timestamp": "2026-05-02T12:16:58.997Z", "latitude": 47.201526461915776, "longitude": 8.7682410079676032, "BELAGSART": 100, "surface_classification_asphalt": 0.7, "surface_classification_compacted": 0.02, "surface_classification_paving": 0.23, "surface_classification_sett": 0.0, "surface_classification_standing": 0.06, "surface_swisstopo": "paved", "surface_sensebox": "paved", "surface_sensebox_probability": 0.7, "match": "True" }, "geometry": { "type": "Point", "coordinates": [ 8.76824101663246, 47.201526471955262 ] } },
{ "type": "Feature", "properties": { "timestamp": "2026-05-02T12:16:59.997Z", "latitude": 47.201528441009984, "longitude": 8.7682976974122937, "BELAGSART": 100, "surface_classification_asphalt": null, "surface_classification_compacted": null, "surface_classification_paving": null, "surface_classification_sett": null, "surface_classification_standing": null, "surface_swisstopo": "paved", "surface_sensebox": "unknown", "surface_sensebox_probability": 0.0, "match": "Unknown" }, "geometry": { "type": "Point", "coordinates": [ 8.768297706077208, 47.201528451049484 ] } },
{ "type": "Feature", "properties": { "timestamp": "2026-05-02T12:17:00.997Z", "latitude": 47.201532462936363, "longitude": 8.768344409286021, "BELAGSART": 100, "surface_classification_asphalt": 0.79, "surface_classification_compacted": 0.02, "surface_classification_paving": 0.18, "surface_classification_sett": 0.0, "surface_classification_standing": 0.01, "surface_swisstopo": "paved", "surface_sensebox": "paved", "surface_sensebox_probability": 0.79, "match": "True" }, "geometry": { "type": "Point", "coordinates": [ 8.76834441795098, 47.201532472975856 ] } },
{ "type": "Feature", "properties": { "timestamp": "2026-05-02T12:17:01.997Z", "latitude": 47.201533079567433, "longitude": 8.7684007753467341, "BELAGSART": 100, "surface_classification_asphalt": null, "surface_classification_compacted": null, "surface_classification_paving": null, "surface_classification_sett": null, "surface_classification_standing": null, "surface_swisstopo": "paved", "surface_sensebox": "unknown", "surface_sensebox_probability": 0.0, "match": "Unknown" }, "geometry": { "type": "Point", "coordinates": [ 8.768400784011746, 47.20153308960694 ] } },
{ "type": "Feature", "properties": { "timestamp": "2026-05-02T12:17:02.997Z", "latitude": 47.201532179280981, "longitude": 8.7684537273518384, "BELAGSART": 100, "surface_classification_asphalt": null, "surface_classification_compacted": null, "surface_classification_paving": null, "surface_classification_sett": null, "surface_classification_standing": null, "surface_swisstopo": "paved", "surface_sensebox": "unknown", "surface_sensebox_probability": 0.0, "match": "Unknown" }, "geometry": { "type": "Point", "coordinates": [ 8.7684537360169, 47.201532189320417 ] } },
{ "type": "Feature", "properties": { "timestamp": "2026-05-02T12:17:03.997Z", "latitude": 47.20153711279854, "longitude": 8.7685051739377293, "BELAGSART": 100, "surface_classification_asphalt": 0.64, "surface_classification_compacted": 0.01, "surface_classification_paving": 0.29, "surface_classification_sett": 0.0, "surface_classification_standing": 0.06, "surface_swisstopo": "paved", "surface_sensebox": "paved", "surface_sensebox_probability": 0.64, "match": "True" }, "geometry": { "type": "Point", "coordinates": [ 8.768505182602837, 47.201537122838005 ] } },
{ "type": "Feature", "properties": { "timestamp": "2026-05-02T12:17:04.997Z", "latitude": 47.201535157749419, "longitude": 8.7685556461656375, "BELAGSART": 100, "surface_classification_asphalt": null, "surface_classification_compacted": null, "surface_classification_paving": null, "surface_classification_sett": null, "surface_classification_standing": null, "surface_swisstopo": "paved", "surface_sensebox": "unknown", "surface_sensebox_probability": 0.0, "match": "Unknown" }, "geometry": { "type": "Point", "coordinates": [ 8.768555654830795, 47.201535167788855 ] } },
{ "type": "Feature", "properties": { "timestamp": "2026-05-02T12:17:05.997Z", "latitude": 47.201535217841865, "longitude": 8.7686120268332655, "BELAGSART": 100, "surface_classification_asphalt": null, "surface_classification_compacted": null, "surface_classification_paving": null, "surface_classification_sett": null, "surface_classification_standing": null, "surface_swisstopo": "paved", "surface_sensebox": "unknown", "surface_sensebox_probability": 0.0, "match": "Unknown" }, "geometry": { "type": "Point", "coordinates": [ 8.768612035498476, 47.20153522788123 ] } },
{ "type": "Feature", "properties": { "timestamp": "2026-05-02T12:17:06.997Z", "latitude": 47.201540569829291, "longitude": 8.7686693295663591, "BELAGSART": 100, "surface_classification_asphalt": 0.83, "surface_classification_compacted": 0.01, "surface_classification_paving": 0.1, "surface_classification_sett": 0.0, "surface_classification_standing": 0.06, "surface_swisstopo": "paved", "surface_sensebox": "paved", "surface_sensebox_probability": 0.83, "match": "True" }, "geometry": { "type": "Point", "coordinates": [ 8.768669338231629, 47.201540579868698 ] } },
{ "type": "Feature", "properties": { "timestamp": "2026-05-02T12:17:07.999Z", "latitude": 47.201542316146792, "longitude": 8.7687185476004608, "BELAGSART": 100, "surface_classification_asphalt": null, "surface_classification_compacted": null, "surface_classification_paving": null, "surface_classification_sett": null, "surface_classification_standing": null, "surface_swisstopo": "paved", "surface_sensebox": "unknown", "surface_sensebox_probability": 0.0, "match": "Unknown" }, "geometry": { "type": "Point", "coordinates": [ 8.768718556265773, 47.201542326186164 ] } },
{ "type": "Feature", "properties": { "timestamp": "2026-05-02T12:17:08.999Z", "latitude": 47.201543995237749, "longitude": 8.7687677052291804, "BELAGSART": 100, "surface_classification_asphalt": null, "surface_classification_compacted": null, "surface_classification_paving": null, "surface_classification_sett": null, "surface_classification_standing": null, "surface_swisstopo": "paved", "surface_sensebox": "unknown", "surface_sensebox_probability": 0.0, "match": "Unknown" }, "geometry": { "type": "Point", "coordinates": [ 8.768767713894542, 47.201544005277093 ] } },
{ "type": "Feature", "properties": { "timestamp": "2026-05-02T12:17:09.999Z", "latitude": 47.201547730628221, "longitude": 8.7688210348587052, "BELAGSART": 100, "surface_classification_asphalt": 0.7, "surface_classification_compacted": 0.01, "surface_classification_paving": 0.25, "surface_classification_sett": 0.0, "surface_classification_standing": 0.04, "surface_swisstopo": "paved", "surface_sensebox": "paved", "surface_sensebox_probability": 0.7, "match": "True" }, "geometry": { "type": "Point", "coordinates": [ 8.768821043524111, 47.201547740667571 ] } },
{ "type": "Feature", "properties": { "timestamp": "2026-05-02T12:17:10.999Z", "latitude": 47.201557177129082, "longitude": 8.7688743337112918, "BELAGSART": 100, "surface_classification_asphalt": null, "surface_classification_compacted": null, "surface_classification_paving": null, "surface_classification_sett": null, "surface_classification_standing": null, "surface_swisstopo": "paved", "surface_sensebox": "unknown", "surface_sensebox_probability": 0.0, "match": "Unknown" }, "geometry": { "type": "Point", "coordinates": [ 8.768874342376746, 47.201557187168405 ] } },
{ "type": "Feature", "properties": { "timestamp": "2026-05-02T12:17:11.999Z", "latitude": 47.201560263068522, "longitude": 8.7689280592424286, "BELAGSART": 100, "surface_classification_asphalt": null, "surface_classification_compacted": null, "surface_classification_paving": null, "surface_classification_sett": null, "surface_classification_standing": null, "surface_swisstopo": "paved", "surface_sensebox": "unknown", "surface_sensebox_probability": 0.0, "match": "Unknown" }, "geometry": { "type": "Point", "coordinates": [ 8.768928067907938, 47.201560273107816 ] } },
{ "type": "Feature", "properties": { "timestamp": "2026-05-02T12:17:12.999Z", "latitude": 47.201569391686157, "longitude": 8.7689827203525486, "BELAGSART": 100, "surface_classification_asphalt": 0.77, "surface_classification_compacted": 0.0, "surface_classification_paving": 0.18, "surface_classification_sett": 0.0, "surface_classification_standing": 0.04, "surface_swisstopo": "paved", "surface_sensebox": "paved", "surface_sensebox_probability": 0.77, "match": "True" }, "geometry": { "type": "Point", "coordinates": [ 8.768982729018102, 47.201569401725457 ] } },
{ "type": "Feature", "properties": { "timestamp": "2026-05-02T12:17:13.999Z", "latitude": 47.201576484451792, "longitude": 8.7690384897333544, "BELAGSART": 100, "surface_classification_asphalt": null, "surface_classification_compacted": null, "surface_classification_paving": null, "surface_classification_sett": null, "surface_classification_standing": null, "surface_swisstopo": "paved", "surface_sensebox": "unknown", "surface_sensebox_probability": 0.0, "match": "Unknown" }, "geometry": { "type": "Point", "coordinates": [ 8.769038498398965, 47.201576494491064 ] } },
{ "type": "Feature", "properties": { "timestamp": "2026-05-02T12:17:14.999Z", "latitude": 47.201588645745161, "longitude": 8.7690938105083038, "BELAGSART": 100, "surface_classification_asphalt": 0.46, "surface_classification_compacted": 0.0, "surface_classification_paving": 0.46, "surface_classification_sett": 0.0, "surface_classification_standing": 0.08, "surface_swisstopo": "paved", "surface_sensebox": "unknown", "surface_sensebox_probability": 0.46, "match": "Unknown" }, "geometry": { "type": "Point", "coordinates": [ 8.769093819173959, 47.201588655784406 ] } },
{ "type": "Feature", "properties": { "timestamp": "2026-05-02T12:17:15.999Z", "latitude": 47.201603047397313, "longitude": 8.7691486894905761, "BELAGSART": 100, "surface_classification_asphalt": null, "surface_classification_compacted": null, "surface_classification_paving": null, "surface_classification_sett": null, "surface_classification_standing": null, "surface_swisstopo": "paved", "surface_sensebox": "unknown", "surface_sensebox_probability": 0.0, "match": "Unknown" }, "geometry": { "type": "Point", "coordinates": [ 8.769148698156284, 47.201603057436564 ] } },
{ "type": "Feature", "properties": { "timestamp": "2026-05-02T12:17:16.999Z", "latitude": 47.201621252482774, "longitude": 8.7692034383157065, "BELAGSART": 100, "surface_classification_asphalt": null, "surface_classification_compacted": null, "surface_classification_paving": null, "surface_classification_sett": null, "surface_classification_standing": null, "surface_swisstopo": "paved", "surface_sensebox": "unknown", "surface_sensebox_probability": 0.0, "match": "Unknown" }, "geometry": { "type": "Point", "coordinates": [ 8.769203446981461, 47.201621262522011 ] } },
{ "type": "Feature", "properties": { "timestamp": "2026-05-02T12:17:17.999Z", "latitude": 47.201636869456138, "longitude": 8.7692562394207272, "BELAGSART": 100, "surface_classification_asphalt": 0.94, "surface_classification_compacted": 0.0, "surface_classification_paving": 0.04, "surface_classification_sett": 0.0, "surface_classification_standing": 0.01, "surface_swisstopo": "paved", "surface_sensebox": "paved", "surface_sensebox_probability": 0.94, "match": "True" }, "geometry": { "type": "Point", "coordinates": [ 8.769256248086528, 47.201636879495354 ] } },
{ "type": "Feature", "properties": { "timestamp": "2026-05-02T12:17:18.999Z", "latitude": 47.201656073332607, "longitude": 8.7693117755024055, "BELAGSART": 100, "surface_classification_asphalt": null, "surface_classification_compacted": null, "surface_classification_paving": null, "surface_classification_sett": null, "surface_classification_standing": null, "surface_swisstopo": "paved", "surface_sensebox": "unknown", "surface_sensebox_probability": 0.0, "match": "Unknown" }, "geometry": { "type": "Point", "coordinates": [ 8.769311784168252, 47.20165608337183 ] } },
{ "type": "Feature", "properties": { "timestamp": "2026-05-02T12:17:19.999Z", "latitude": 47.201685118432607, "longitude": 8.7693602757866707, "BELAGSART": 100, "surface_classification_asphalt": null, "surface_classification_compacted": null, "surface_classification_paving": null, "surface_classification_sett": null, "surface_classification_standing": null, "surface_swisstopo": "paved", "surface_sensebox": "unknown", "surface_sensebox_probability": 0.0, "match": "Unknown" }, "geometry": { "type": "Point", "coordinates": [ 8.769360284452553, 47.201685128471873 ] } },
{ "type": "Feature", "properties": { "timestamp": "2026-05-02T12:17:20.999Z", "latitude": 47.201708168576424, "longitude": 8.7694148419590867, "BELAGSART": 100, "surface_classification_asphalt": 0.76, "surface_classification_compacted": 0.05, "surface_classification_paving": 0.16, "surface_classification_sett": 0.01, "surface_classification_standing": 0.02, "surface_swisstopo": "paved", "surface_sensebox": "paved", "surface_sensebox_probability": 0.76, "match": "True" }, "geometry": { "type": "Point", "coordinates": [ 8.769414850625017, 47.201708178615668 ] } },
{ "type": "Feature", "properties": { "timestamp": "2026-05-02T12:17:21.999Z", "latitude": 47.201726534528206, "longitude": 8.7694626801376909, "BELAGSART": 100, "surface_classification_asphalt": null, "surface_classification_compacted": null, "surface_classification_paving": null, "surface_classification_sett": null, "surface_classification_standing": null, "surface_swisstopo": "paved", "surface_sensebox": "unknown", "surface_sensebox_probability": 0.0, "match": "Unknown" }, "geometry": { "type": "Point", "coordinates": [ 8.769462688803658, 47.201726544567421 ] } },
{ "type": "Feature", "properties": { "timestamp": "2026-05-02T12:17:22.999Z", "latitude": 47.201732380602955, "longitude": 8.7695073196906996, "BELAGSART": 100, "surface_classification_asphalt": null, "surface_classification_compacted": null, "surface_classification_paving": null, "surface_classification_sett": null, "surface_classification_standing": null, "surface_swisstopo": "paved", "surface_sensebox": "unknown", "surface_sensebox_probability": 0.0, "match": "Unknown" }, "geometry": { "type": "Point", "coordinates": [ 8.769507328356713, 47.201732390642192 ] } },
{ "type": "Feature", "properties": { "timestamp": "2026-05-02T12:17:23.999Z", "latitude": 47.201736628215848, "longitude": 8.7695505665734004, "BELAGSART": 100, "surface_classification_asphalt": 0.09, "surface_classification_compacted": 0.01, "surface_classification_paving": 0.02, "surface_classification_sett": 0.88, "surface_classification_standing": 0.0, "surface_swisstopo": "paved", "surface_sensebox": "paved", "surface_sensebox_probability": 0.88, "match": "True" }, "geometry": { "type": "Point", "coordinates": [ 8.76955057523945, 47.201736638255028 ] } },
{ "type": "Feature", "properties": { "timestamp": "2026-05-02T12:17:24.999Z", "latitude": 47.201750534247999, "longitude": 8.7695888074210941, "BELAGSART": 100, "surface_classification_asphalt": null, "surface_classification_compacted": null, "surface_classification_paving": null, "surface_classification_sett": null, "surface_classification_standing": null, "surface_swisstopo": "paved", "surface_sensebox": "unknown", "surface_sensebox_probability": 0.0, "match": "Unknown" }, "geometry": { "type": "Point", "coordinates": [ 8.769588816087181, 47.201750544287201 ] } },
{ "type": "Feature", "properties": { "timestamp": "2026-05-02T12:17:25.999Z", "latitude": 47.201776903764745, "longitude": 8.7695922843332141, "BELAGSART": 100, "surface_classification_asphalt": null, "surface_classification_compacted": null, "surface_classification_paving": null, "surface_classification_sett": null, "surface_classification_standing": null, "surface_swisstopo": "paved", "surface_sensebox": "unknown", "surface_sensebox_probability": 0.0, "match": "Unknown" }, "geometry": { "type": "Point", "coordinates": [ 8.769592292999292, 47.201776913803918 ] } },
{ "type": "Feature", "properties": { "timestamp": "2026-05-02T12:17:26.999Z", "latitude": 47.201804727439985, "longitude": 8.76955138310311, "BELAGSART": 100, "surface_classification_asphalt": 0.93, "surface_classification_compacted": 0.0, "surface_classification_paving": 0.06, "surface_classification_sett": 0.0, "surface_classification_standing": 0.0, "surface_swisstopo": "paved", "surface_sensebox": "paved", "surface_sensebox_probability": 0.93, "match": "True" }, "geometry": { "type": "Point", "coordinates": [ 8.769551391769134, 47.201804737479229 ] } },
{ "type": "Feature", "properties": { "timestamp": "2026-05-02T12:17:27.999Z", "latitude": 47.201818728148218, "longitude": 8.7695001279039779, "BELAGSART": 100, "surface_classification_asphalt": null, "surface_classification_compacted": null, "surface_classification_paving": null, "surface_classification_sett": null, "surface_classification_standing": null, "surface_swisstopo": "paved", "surface_sensebox": "unknown", "surface_sensebox_probability": 0.0, "match": "Unknown" }, "geometry": { "type": "Point", "coordinates": [ 8.769500136569958, 47.201818738187491 ] } },
{ "type": "Feature", "properties": { "timestamp": "2026-05-02T12:17:28.999Z", "latitude": 47.20180761570392, "longitude": 8.7694555960020288, "BELAGSART": 100, "surface_classification_asphalt": 0.69, "surface_classification_compacted": 0.06, "surface_classification_paving": 0.07, "surface_classification_sett": 0.18, "surface_classification_standing": 0.0, "surface_swisstopo": "paved", "surface_sensebox": "paved", "surface_sensebox_probability": 0.69, "match": "True" }, "geometry": { "type": "Point", "coordinates": [ 8.76945560466797, 47.201807625743179 ] } },
{ "type": "Feature", "properties": { "timestamp": "2026-05-02T12:17:29.999Z", "latitude": 47.201771973426858, "longitude": 8.7694384910408356, "BELAGSART": 100, "surface_classification_asphalt": null, "surface_classification_compacted": null, "surface_classification_paving": null, "surface_classification_sett": null, "surface_classification_standing": null, "surface_swisstopo": "paved", "surface_sensebox": "unknown", "surface_sensebox_probability": 0.0, "match": "Unknown" }, "geometry": { "type": "Point", "coordinates": [ 8.769438499706773, 47.201771983466074 ] } },
{ "type": "Feature", "properties": { "timestamp": "2026-05-02T12:17:30.999Z", "latitude": 47.201748763807338, "longitude": 8.7694041071680164, "BELAGSART": 100, "surface_classification_asphalt": null, "surface_classification_compacted": null, "surface_classification_paving": null, "surface_classification_sett": null, "surface_classification_standing": null, "surface_swisstopo": "paved", "surface_sensebox": "unknown", "surface_sensebox_probability": 0.0, "match": "Unknown" }, "geometry": { "type": "Point", "coordinates": [ 8.769404115833924, 47.201748773846539 ] } },
{ "type": "Feature", "properties": { "timestamp": "2026-05-02T12:17:31.999Z", "latitude": 47.201728560710229, "longitude": 8.7693713149778336, "BELAGSART": 100, "surface_classification_asphalt": 0.63, "surface_classification_compacted": 0.02, "surface_classification_paving": 0.32, "surface_classification_sett": 0.0, "surface_classification_standing": 0.02, "surface_swisstopo": "paved", "surface_sensebox": "paved", "surface_sensebox_probability": 0.63, "match": "True" }, "geometry": { "type": "Point", "coordinates": [ 8.769371323643712, 47.201728570749445 ] } },
{ "type": "Feature", "properties": { "timestamp": "2026-05-02T12:17:32.999Z", "latitude": 47.201718728475463, "longitude": 8.7693310736018866, "BELAGSART": 100, "surface_classification_asphalt": null, "surface_classification_compacted": null, "surface_classification_paving": null, "surface_classification_sett": null, "surface_classification_standing": null, "surface_swisstopo": "paved", "surface_sensebox": "unknown", "surface_sensebox_probability": 0.0, "match": "Unknown" }, "geometry": { "type": "Point", "coordinates": [ 8.769331082267732, 47.201718738514678 ] } },
{ "type": "Feature", "properties": { "timestamp": "2026-05-02T12:17:33.999Z", "latitude": 47.201705521783062, "longitude": 8.7692897608901426, "BELAGSART": 100, "surface_classification_asphalt": null, "surface_classification_compacted": null, "surface_classification_paving": null, "surface_classification_sett": null, "surface_classification_standing": null, "surface_swisstopo": "paved", "surface_sensebox": "unknown", "surface_sensebox_probability": 0.0, "match": "Unknown" }, "geometry": { "type": "Point", "coordinates": [ 8.769289769555957, 47.201705531822313 ] } },
{ "type": "Feature", "properties": { "timestamp": "2026-05-02T12:17:34.999Z", "latitude": 47.201690137029374, "longitude": 8.7692335171505302, "BELAGSART": 100, "surface_classification_asphalt": 0.62, "surface_classification_compacted": 0.05, "surface_classification_paving": 0.32, "surface_classification_sett": 0.0, "surface_classification_standing": 0.02, "surface_swisstopo": "paved", "surface_sensebox": "paved", "surface_sensebox_probability": 0.62, "match": "True" }, "geometry": { "type": "Point", "coordinates": [ 8.769233525816292, 47.201690147068618 ] } },
{ "type": "Feature", "properties": { "timestamp": "2026-05-02T12:17:35.999Z", "latitude": 47.201680850183763, "longitude": 8.7691831984455, "BELAGSART": 100, "surface_classification_asphalt": null, "surface_classification_compacted": null, "surface_classification_paving": null, "surface_classification_sett": null, "surface_classification_standing": null, "surface_swisstopo": "paved", "surface_sensebox": "unknown", "surface_sensebox_probability": 0.0, "match": "Unknown" }, "geometry": { "type": "Point", "coordinates": [ 8.769183207111213, 47.201680860223036 ] } },
{ "type": "Feature", "properties": { "timestamp": "2026-05-02T12:17:36.999Z", "latitude": 47.201667305981189, "longitude": 8.7691317717106454, "BELAGSART": 100, "surface_classification_asphalt": null, "surface_classification_compacted": null, "surface_classification_paving": null, "surface_classification_sett": null, "surface_classification_standing": null, "surface_swisstopo": "paved", "surface_sensebox": "unknown", "surface_sensebox_probability": 0.0, "match": "Unknown" }, "geometry": { "type": "Point", "coordinates": [ 8.76913178037632, 47.201667316020455 ] } },
{ "type": "Feature", "properties": { "timestamp": "2026-05-02T12:17:37.999Z", "latitude": 47.20165758218878, "longitude": 8.7690738957982131, "BELAGSART": 100, "surface_classification_asphalt": 0.17, "surface_classification_compacted": 0.64, "surface_classification_paving": 0.19, "surface_classification_sett": 0.01, "surface_classification_standing": 0.0, "surface_swisstopo": "paved", "surface_sensebox": "nature", "surface_sensebox_probability": 0.64, "match": "False" }, "geometry": { "type": "Point", "coordinates": [ 8.769073904463836, 47.201657592228095 ] } },
{ "type": "Feature", "properties": { "timestamp": "2026-05-02T12:17:38.999Z", "latitude": 47.201642313563475, "longitude": 8.7690152557252272, "BELAGSART": 100, "surface_classification_asphalt": null, "surface_classification_compacted": null, "surface_classification_paving": null, "surface_classification_sett": null, "surface_classification_standing": null, "surface_swisstopo": "paved", "surface_sensebox": "unknown", "surface_sensebox_probability": 0.0, "match": "Unknown" }, "geometry": { "type": "Point", "coordinates": [ 8.769015264390795, 47.201642323602741 ] } },
{ "type": "Feature", "properties": { "timestamp": "2026-05-02T12:17:39.999Z", "latitude": 47.201623110908685, "longitude": 8.7689555282846943, "BELAGSART": 100, "surface_classification_asphalt": null, "surface_classification_compacted": null, "surface_classification_paving": null, "surface_classification_sett": null, "surface_classification_standing": null, "surface_swisstopo": "paved", "surface_sensebox": "unknown", "surface_sensebox_probability": 0.0, "match": "Unknown" }, "geometry": { "type": "Point", "coordinates": [ 8.768955536950211, 47.201623120948007 ] } },
{ "type": "Feature", "properties": { "timestamp": "2026-05-02T12:17:40.999Z", "latitude": 47.201605661426697, "longitude": 8.7688897890089859, "BELAGSART": 100, "surface_classification_asphalt": 0.33, "surface_classification_compacted": 0.58, "surface_classification_paving": 0.08, "surface_classification_sett": 0.0, "surface_classification_standing": 0.0, "surface_swisstopo": "paved", "surface_sensebox": "nature", "surface_sensebox_probability": 0.58, "match": "False" }, "geometry": { "type": "Point", "coordinates": [ 8.76888979767444, 47.201605671466055 ] } },
{ "type": "Feature", "properties": { "timestamp": "2026-05-02T12:17:41.999Z", "latitude": 47.201605237656523, "longitude": 8.7688166935541112, "BELAGSART": 100, "surface_classification_asphalt": null, "surface_classification_compacted": null, "surface_classification_paving": null, "surface_classification_sett": null, "surface_classification_standing": null, "surface_swisstopo": "paved", "surface_sensebox": "unknown", "surface_sensebox_probability": 0.0, "match": "Unknown" }, "geometry": { "type": "Point", "coordinates": [ 8.768816702219498, 47.201605247695873 ] } },
{ "type": "Feature", "properties": { "timestamp": "2026-05-02T12:17:42.999Z", "latitude": 47.201600415933292, "longitude": 8.7687471659271914, "BELAGSART": 100, "surface_classification_asphalt": null, "surface_classification_compacted": null, "surface_classification_paving": null, "surface_classification_sett": null, "surface_classification_standing": null, "surface_swisstopo": "paved", "surface_sensebox": "unknown", "surface_sensebox_probability": 0.0, "match": "Unknown" }, "geometry": { "type": "Point", "coordinates": [ 8.768747174592514, 47.201600425972636 ] } },
{ "type": "Feature", "properties": { "timestamp": "2026-05-02T12:17:43.999Z", "latitude": 47.201598922496522, "longitude": 8.7686711341589731, "BELAGSART": 100, "surface_classification_asphalt": 0.3, "surface_classification_compacted": 0.64, "surface_classification_paving": 0.04, "surface_classification_sett": 0.01, "surface_classification_standing": 0.0, "surface_swisstopo": "paved", "surface_sensebox": "nature", "surface_sensebox_probability": 0.64, "match": "False" }, "geometry": { "type": "Point", "coordinates": [ 8.768671142824219, 47.201598932535923 ] } },
{ "type": "Feature", "properties": { "timestamp": "2026-05-02T12:17:44.999Z", "latitude": 47.201593701105871, "longitude": 8.7685933106929745, "BELAGSART": 100, "surface_classification_asphalt": null, "surface_classification_compacted": null, "surface_classification_paving": null, "surface_classification_sett": null, "surface_classification_standing": null, "surface_swisstopo": "paved", "surface_sensebox": "unknown", "surface_sensebox_probability": 0.0, "match": "Unknown" }, "geometry": { "type": "Point", "coordinates": [ 8.76859331935815, 47.201593711145286 ] } },
{ "type": "Feature", "properties": { "timestamp": "2026-05-02T12:17:45.999Z", "latitude": 47.201595011928326, "longitude": 8.7685116130190792, "BELAGSART": 100, "surface_classification_asphalt": 0.11, "surface_classification_compacted": 0.72, "surface_classification_paving": 0.15, "surface_classification_sett": 0.02, "surface_classification_standing": 0.0, "surface_swisstopo": "paved", "surface_sensebox": "nature", "surface_sensebox_probability": 0.72, "match": "False" }, "geometry": { "type": "Point", "coordinates": [ 8.768511621684175, 47.201595021967769 ] } },
{ "type": "Feature", "properties": { "timestamp": "2026-05-02T12:17:46.999Z", "latitude": 47.201595587070294, "longitude": 8.7684393430551175, "BELAGSART": 100, "surface_classification_asphalt": null, "surface_classification_compacted": null, "surface_classification_paving": null, "surface_classification_sett": null, "surface_classification_standing": null, "surface_swisstopo": "paved", "surface_sensebox": "unknown", "surface_sensebox_probability": 0.0, "match": "Unknown" }, "geometry": { "type": "Point", "coordinates": [ 8.768439351720142, 47.201595597109737 ] } },
{ "type": "Feature", "properties": { "timestamp": "2026-05-02T12:17:47.999Z", "latitude": 47.201594703893299, "longitude": 8.7683736844109958, "BELAGSART": 100, "surface_classification_asphalt": null, "surface_classification_compacted": null, "surface_classification_paving": null, "surface_classification_sett": null, "surface_classification_standing": null, "surface_swisstopo": "paved", "surface_sensebox": "unknown", "surface_sensebox_probability": 0.0, "match": "Unknown" }, "geometry": { "type": "Point", "coordinates": [ 8.768373693075963, 47.201594713932778 ] } },
{ "type": "Feature", "properties": { "timestamp": "2026-05-02T12:17:48.999Z", "latitude": 47.201588542262513, "longitude": 8.7683121570331366, "BELAGSART": 100, "surface_classification_asphalt": 0.82, "surface_classification_compacted": 0.0, "surface_classification_paving": 0.13, "surface_classification_sett": 0.0, "surface_classification_standing": 0.05, "surface_swisstopo": "paved", "surface_sensebox": "paved", "surface_sensebox_probability": 0.82, "match": "True" }, "geometry": { "type": "Point", "coordinates": [ 8.76831216569804, 47.201588552301999 ] } },
{ "type": "Feature", "properties": { "timestamp": "2026-05-02T12:17:49.999Z", "latitude": 47.201590520923133, "longitude": 8.768250521529021, "BELAGSART": 100, "surface_classification_asphalt": null, "surface_classification_compacted": null, "surface_classification_paving": null, "surface_classification_sett": null, "surface_classification_standing": null, "surface_swisstopo": "paved", "surface_sensebox": "unknown", "surface_sensebox_probability": 0.0, "match": "Unknown" }, "geometry": { "type": "Point", "coordinates": [ 8.768250530193868, 47.201590530962676 ] } },
{ "type": "Feature", "properties": { "timestamp": "2026-05-02T12:17:50.999Z", "latitude": 47.201587813762941, "longitude": 8.7681950694928901, "BELAGSART": 100, "surface_classification_asphalt": null, "surface_classification_compacted": null, "surface_classification_paving": null, "surface_classification_sett": null, "surface_classification_standing": null, "surface_swisstopo": "paved", "surface_sensebox": "unknown", "surface_sensebox_probability": 0.0, "match": "Unknown" }, "geometry": { "type": "Point", "coordinates": [ 8.768195078157682, 47.201587823802434 ] } },
{ "type": "Feature", "properties": { "timestamp": "2026-05-02T12:17:51.999Z", "latitude": 47.201576375162269, "longitude": 8.7681293615300273, "BELAGSART": 100, "surface_classification_asphalt": 0.58, "surface_classification_compacted": 0.14, "surface_classification_paving": 0.27, "surface_classification_sett": 0.01, "surface_classification_standing": 0.01, "surface_swisstopo": "paved", "surface_sensebox": "paved", "surface_sensebox_probability": 0.58, "match": "True" }, "geometry": { "type": "Point", "coordinates": [ 8.768129370194762, 47.20157638520184 ] } },
{ "type": "Feature", "properties": { "timestamp": "2026-05-02T12:17:52.999Z", "latitude": 47.201566814791477, "longitude": 8.7680582621295073, "BELAGSART": 100, "surface_classification_asphalt": null, "surface_classification_compacted": null, "surface_classification_paving": null, "surface_classification_sett": null, "surface_classification_standing": null, "surface_swisstopo": "paved", "surface_sensebox": "unknown", "surface_sensebox_probability": 0.0, "match": "Unknown" }, "geometry": { "type": "Point", "coordinates": [ 8.768058270794178, 47.201566824831076 ] } },
{ "type": "Feature", "properties": { "timestamp": "2026-05-02T12:17:53.999Z", "latitude": 47.20157208156418, "longitude": 8.7679824067820711, "BELAGSART": 100, "surface_classification_asphalt": null, "surface_classification_compacted": null, "surface_classification_paving": null, "surface_classification_sett": null, "surface_classification_standing": null, "surface_swisstopo": "paved", "surface_sensebox": "unknown", "surface_sensebox_probability": 0.0, "match": "Unknown" }, "geometry": { "type": "Point", "coordinates": [ 8.767982415446665, 47.201572091603779 ] } },
{ "type": "Feature", "properties": { "timestamp": "2026-05-02T12:17:54.999Z", "latitude": 47.201571925529052, "longitude": 8.7678982427932119, "BELAGSART": 100, "surface_classification_asphalt": 0.09, "surface_classification_compacted": 0.75, "surface_classification_paving": 0.09, "surface_classification_sett": 0.07, "surface_classification_standing": 0.0, "surface_swisstopo": "paved", "surface_sensebox": "nature", "surface_sensebox_probability": 0.75, "match": "False" }, "geometry": { "type": "Point", "coordinates": [ 8.767898251457723, 47.201571935568651 ] } },
{ "type": "Feature", "properties": { "timestamp": "2026-05-02T12:17:55.999Z", "latitude": 47.201569786860922, "longitude": 8.7678203319272754, "BELAGSART": 100, "surface_classification_asphalt": null, "surface_classification_compacted": null, "surface_classification_paving": null, "surface_classification_sett": null, "surface_classification_standing": null, "surface_swisstopo": "paved", "surface_sensebox": "unknown", "surface_sensebox_probability": 0.0, "match": "Unknown" }, "geometry": { "type": "Point", "coordinates": [ 8.767820340591717, 47.201569796900579 ] } },
{ "type": "Feature", "properties": { "timestamp": "2026-05-02T12:17:56.999Z", "latitude": 47.201572077363352, "longitude": 8.7677482399168163, "BELAGSART": 100, "surface_classification_asphalt": null, "surface_classification_compacted": null, "surface_classification_paving": null, "surface_classification_sett": null, "surface_classification_standing": null, "surface_swisstopo": "paved", "surface_sensebox": "unknown", "surface_sensebox_probability": 0.0, "match": "Unknown" }, "geometry": { "type": "Point", "coordinates": [ 8.767748248581189, 47.201572087403015 ] } },
{ "type": "Feature", "properties": { "timestamp": "2026-05-02T12:17:57.999Z", "latitude": 47.201561289730222, "longitude": 8.7676778843257566, "BELAGSART": 100, "surface_classification_asphalt": 0.4, "surface_classification_compacted": 0.14, "surface_classification_paving": 0.45, "surface_classification_sett": 0.0, "surface_classification_standing": 0.01, "surface_swisstopo": "paved", "surface_sensebox": "unknown", "surface_sensebox_probability": 0.45, "match": "Unknown" }, "geometry": { "type": "Point", "coordinates": [ 8.767677892990063, 47.201561299769928 ] } },
{ "type": "Feature", "properties": { "timestamp": "2026-05-02T12:17:58.999Z", "latitude": 47.201560082637918, "longitude": 8.7676092909571093, "BELAGSART": 100, "surface_classification_asphalt": null, "surface_classification_compacted": null, "surface_classification_paving": null, "surface_classification_sett": null, "surface_classification_standing": null, "surface_swisstopo": "paved", "surface_sensebox": "unknown", "surface_sensebox_probability": 0.0, "match": "Unknown" }, "geometry": { "type": "Point", "coordinates": [ 8.767609299621352, 47.201560092677639 ] } },
{ "type": "Feature", "properties": { "timestamp": "2026-05-02T12:18:00.998Z", "latitude": 47.201552038329567, "longitude": 8.7674775429964296, "BELAGSART": 100, "surface_classification_asphalt": 0.89, "surface_classification_compacted": 0.01, "surface_classification_paving": 0.08, "surface_classification_sett": 0.0, "surface_classification_standing": 0.02, "surface_swisstopo": "paved", "surface_sensebox": "paved", "surface_sensebox_probability": 0.89, "match": "True" }, "geometry": { "type": "Point", "coordinates": [ 8.767477551660548, 47.201552048369273 ] } },
{ "type": "Feature", "properties": { "timestamp": "2026-05-02T12:18:01.998Z", "latitude": 47.201552875559138, "longitude": 8.767413016947998, "BELAGSART": 100, "surface_classification_asphalt": null, "surface_classification_compacted": null, "surface_classification_paving": null, "surface_classification_sett": null, "surface_classification_standing": null, "surface_swisstopo": "paved", "surface_sensebox": "unknown", "surface_sensebox_probability": 0.0, "match": "Unknown" }, "geometry": { "type": "Point", "coordinates": [ 8.767413025612049, 47.201552885598943 ] } },
{ "type": "Feature", "properties": { "timestamp": "2026-05-02T12:18:02.998Z", "latitude": 47.201555891185066, "longitude": 8.7673514874793081, "BELAGSART": 100, "surface_classification_asphalt": 0.7, "surface_classification_compacted": 0.07, "surface_classification_paving": 0.23, "surface_classification_sett": 0.0, "surface_classification_standing": 0.01, "surface_swisstopo": "paved", "surface_sensebox": "paved", "surface_sensebox_probability": 0.7, "match": "True" }, "geometry": { "type": "Point", "coordinates": [ 8.767351496143307, 47.201555901224879 ] } },
{ "type": "Feature", "properties": { "timestamp": "2026-05-02T12:18:03.998Z", "latitude": 47.201551608109391, "longitude": 8.7672896398226747, "BELAGSART": 100, "surface_classification_asphalt": null, "surface_classification_compacted": null, "surface_classification_paving": null, "surface_classification_sett": null, "surface_classification_standing": null, "surface_swisstopo": "paved", "surface_sensebox": "unknown", "surface_sensebox_probability": 0.0, "match": "Unknown" }, "geometry": { "type": "Point", "coordinates": [ 8.767289648486612, 47.201551618149182 ] } },
{ "type": "Feature", "properties": { "timestamp": "2026-05-02T12:18:04.998Z", "latitude": 47.201548056896208, "longitude": 8.7672306620769564, "BELAGSART": 100, "surface_classification_asphalt": null, "surface_classification_compacted": null, "surface_classification_paving": null, "surface_classification_sett": null, "surface_classification_standing": null, "surface_swisstopo": "paved", "surface_sensebox": "unknown", "surface_sensebox_probability": 0.0, "match": "Unknown" }, "geometry": { "type": "Point", "coordinates": [ 8.767230670740835, 47.201548066935985 ] } },
{ "type": "Feature", "properties": { "timestamp": "2026-05-02T12:18:05.998Z", "latitude": 47.201550201319968, "longitude": 8.7671724786329861, "BELAGSART": 100, "surface_classification_asphalt": 0.75, "surface_classification_compacted": 0.05, "surface_classification_paving": 0.18, "surface_classification_sett": 0.01, "surface_classification_standing": 0.01, "surface_swisstopo": "paved", "surface_sensebox": "paved", "surface_sensebox_probability": 0.75, "match": "True" }, "geometry": { "type": "Point", "coordinates": [ 8.767172487296808, 47.201550211359759 ] } },
{ "type": "Feature", "properties": { "timestamp": "2026-05-02T12:18:06.998Z", "latitude": 47.201558178190304, "longitude": 8.7671157890096065, "BELAGSART": 100, "surface_classification_asphalt": null, "surface_classification_compacted": null, "surface_classification_paving": null, "surface_classification_sett": null, "surface_classification_standing": null, "surface_swisstopo": "paved", "surface_sensebox": "unknown", "surface_sensebox_probability": 0.0, "match": "Unknown" }, "geometry": { "type": "Point", "coordinates": [ 8.767115797673371, 47.201558188230145 ] } },
{ "type": "Feature", "properties": { "timestamp": "2026-05-02T12:18:07.998Z", "latitude": 47.201556752737503, "longitude": 8.7670607812578698, "BELAGSART": 100, "surface_classification_asphalt": null, "surface_classification_compacted": null, "surface_classification_paving": null, "surface_classification_sett": null, "surface_classification_standing": null, "surface_swisstopo": "paved", "surface_sensebox": "unknown", "surface_sensebox_probability": 0.0, "match": "Unknown" }, "geometry": { "type": "Point", "coordinates": [ 8.767060789921581, 47.201556762777365 ] } },
{ "type": "Feature", "properties": { "timestamp": "2026-05-02T12:18:08.998Z", "latitude": 47.20155074977226, "longitude": 8.7670061707663827, "BELAGSART": 100, "surface_classification_asphalt": 0.89, "surface_classification_compacted": 0.01, "surface_classification_paving": 0.07, "surface_classification_sett": 0.0, "surface_classification_standing": 0.03, "surface_swisstopo": "paved", "surface_sensebox": "paved", "surface_sensebox_probability": 0.89, "match": "True" }, "geometry": { "type": "Point", "coordinates": [ 8.76700617943005, 47.201550759812115 ] } },
{ "type": "Feature", "properties": { "timestamp": "2026-05-02T12:18:09.998Z", "latitude": 47.201544152363702, "longitude": 8.7669523116027808, "BELAGSART": 100, "surface_classification_asphalt": null, "surface_classification_compacted": null, "surface_classification_paving": null, "surface_classification_sett": null, "surface_classification_standing": null, "surface_swisstopo": "paved", "surface_sensebox": "unknown", "surface_sensebox_probability": 0.0, "match": "Unknown" }, "geometry": { "type": "Point", "coordinates": [ 8.766952320266393, 47.201544162403614 ] } },
{ "type": "Feature", "properties": { "timestamp": "2026-05-02T12:18:10.998Z", "latitude": 47.201537324133376, "longitude": 8.766898629354106, "BELAGSART": 100, "surface_classification_asphalt": null, "surface_classification_compacted": null, "surface_classification_paving": null, "surface_classification_sett": null, "surface_classification_standing": null, "surface_swisstopo": "paved", "surface_sensebox": "unknown", "surface_sensebox_probability": 0.0, "match": "Unknown" }, "geometry": { "type": "Point", "coordinates": [ 8.766898638017674, 47.201537334173274 ] } },
{ "type": "Feature", "properties": { "timestamp": "2026-05-02T12:18:11.998Z", "latitude": 47.201530505145108, "longitude": 8.7668449088640017, "BELAGSART": 100, "surface_classification_asphalt": 0.62, "surface_classification_compacted": 0.0, "surface_classification_paving": 0.32, "surface_classification_sett": 0.0, "surface_classification_standing": 0.06, "surface_swisstopo": "paved", "surface_sensebox": "paved", "surface_sensebox_probability": 0.62, "match": "True" }, "geometry": { "type": "Point", "coordinates": [ 8.766844917527516, 47.201530515185055 ] } },
{ "type": "Feature", "properties": { "timestamp": "2026-05-02T12:18:12.998Z", "latitude": 47.201534308447641, "longitude": 8.7667906969974059, "BELAGSART": 100, "surface_classification_asphalt": null, "surface_classification_compacted": null, "surface_classification_paving": null, "surface_classification_sett": null, "surface_classification_standing": null, "surface_swisstopo": "paved", "surface_sensebox": "unknown", "surface_sensebox_probability": 0.0, "match": "Unknown" }, "geometry": { "type": "Point", "coordinates": [ 8.766790705660867, 47.201534318487596 ] } },
{ "type": "Feature", "properties": { "timestamp": "2026-05-02T12:18:13.998Z", "latitude": 47.201527876207102, "longitude": 8.7667339068284971, "BELAGSART": 100, "surface_classification_asphalt": 0.79, "surface_classification_compacted": 0.04, "surface_classification_paving": 0.13, "surface_classification_sett": 0.01, "surface_classification_standing": 0.03, "surface_swisstopo": "paved", "surface_sensebox": "paved", "surface_sensebox_probability": 0.79, "match": "True" }, "geometry": { "type": "Point", "coordinates": [ 8.766733915491907, 47.20152788624705 ] } },
{ "type": "Feature", "properties": { "timestamp": "2026-05-02T12:18:14.998Z", "latitude": 47.201516732598968, "longitude": 8.7666791739808207, "BELAGSART": 100, "surface_classification_asphalt": null, "surface_classification_compacted": null, "surface_classification_paving": null, "surface_classification_sett": null, "surface_classification_standing": null, "surface_swisstopo": "paved", "surface_sensebox": "unknown", "surface_sensebox_probability": 0.0, "match": "Unknown" }, "geometry": { "type": "Point", "coordinates": [ 8.766679182644179, 47.201516742638916 ] } },
{ "type": "Feature", "properties": { "timestamp": "2026-05-02T12:18:15.998Z", "latitude": 47.201502861017431, "longitude": 8.7666242113970991, "BELAGSART": 100, "surface_classification_asphalt": null, "surface_classification_compacted": null, "surface_classification_paving": null, "surface_classification_sett": null, "surface_classification_standing": null, "surface_swisstopo": "paved", "surface_sensebox": "unknown", "surface_sensebox_probability": 0.0, "match": "Unknown" }, "geometry": { "type": "Point", "coordinates": [ 8.766624220060413, 47.201502871057407 ] } },
{ "type": "Feature", "properties": { "timestamp": "2026-05-02T12:18:16.998Z", "latitude": 47.201493169394489, "longitude": 8.7665673033962523, "BELAGSART": 100, "surface_classification_asphalt": 0.84, "surface_classification_compacted": 0.02, "surface_classification_paving": 0.14, "surface_classification_sett": 0.0, "surface_classification_standing": 0.01, "surface_swisstopo": "paved", "surface_sensebox": "paved", "surface_sensebox_probability": 0.84, "match": "True" }, "geometry": { "type": "Point", "coordinates": [ 8.766567312059513, 47.201493179434465 ] } },
{ "type": "Feature", "properties": { "timestamp": "2026-05-02T12:18:17.998Z", "latitude": 47.201489025966289, "longitude": 8.7665082355005044, "BELAGSART": 100, "surface_classification_asphalt": null, "surface_classification_compacted": null, "surface_classification_paving": null, "surface_classification_sett": null, "surface_classification_standing": null, "surface_swisstopo": "paved", "surface_sensebox": "unknown", "surface_sensebox_probability": 0.0, "match": "Unknown" }, "geometry": { "type": "Point", "coordinates": [ 8.766508244163711, 47.201489036006286 ] } },
{ "type": "Feature", "properties": { "timestamp": "2026-05-02T12:18:18.998Z", "latitude": 47.201488096403487, "longitude": 8.7664486086766971, "BELAGSART": 100, "surface_classification_asphalt": null, "surface_classification_compacted": null, "surface_classification_paving": null, "surface_classification_sett": null, "surface_classification_standing": null, "surface_swisstopo": "paved", "surface_sensebox": "unknown", "surface_sensebox_probability": 0.0, "match": "Unknown" }, "geometry": { "type": "Point", "coordinates": [ 8.766448617339838, 47.201488106443492 ] } },
{ "type": "Feature", "properties": { "timestamp": "2026-05-02T12:18:19.998Z", "latitude": 47.201484654825805, "longitude": 8.7663904233715186, "BELAGSART": 100, "surface_classification_asphalt": 0.49, "surface_classification_compacted": 0.02, "surface_classification_paving": 0.49, "surface_classification_sett": 0.0, "surface_classification_standing": 0.01, "surface_swisstopo": "paved", "surface_sensebox": "unknown", "surface_sensebox_probability": 0.49, "match": "Unknown" }, "geometry": { "type": "Point", "coordinates": [ 8.766390432034614, 47.201484664865831 ] } },
{ "type": "Feature", "properties": { "timestamp": "2026-05-02T12:18:20.998Z", "latitude": 47.201478946969971, "longitude": 8.7663330075299584, "BELAGSART": 100, "surface_classification_asphalt": null, "surface_classification_compacted": null, "surface_classification_paving": null, "surface_classification_sett": null, "surface_classification_standing": null, "surface_swisstopo": "paved", "surface_sensebox": "unknown", "surface_sensebox_probability": 0.0, "match": "Unknown" }, "geometry": { "type": "Point", "coordinates": [ 8.766333016192995, 47.201478957009996 ] } },
{ "type": "Feature", "properties": { "timestamp": "2026-05-02T12:18:21.998Z", "latitude": 47.201455320748686, "longitude": 8.766284088149046, "BELAGSART": 100, "surface_classification_asphalt": null, "surface_classification_compacted": null, "surface_classification_paving": null, "surface_classification_sett": null, "surface_classification_standing": null, "surface_swisstopo": "paved", "surface_sensebox": "unknown", "surface_sensebox_probability": 0.0, "match": "Unknown" }, "geometry": { "type": "Point", "coordinates": [ 8.766284096812043, 47.201455330788725 ] } },
{ "type": "Feature", "properties": { "timestamp": "2026-05-02T12:18:22.998Z", "latitude": 47.201418502480131, "longitude": 8.7662580282566243, "BELAGSART": 100, "surface_classification_asphalt": 0.82, "surface_classification_compacted": 0.04, "surface_classification_paving": 0.12, "surface_classification_sett": 0.01, "surface_classification_standing": 0.01, "surface_swisstopo": "paved", "surface_sensebox": "paved", "surface_sensebox_probability": 0.82, "match": "True" }, "geometry": { "type": "Point", "coordinates": [ 8.766258036919611, 47.201418512520178 ] } },
{ "type": "Feature", "properties": { "timestamp": "2026-05-02T12:18:23.998Z", "latitude": 47.201392739333848, "longitude": 8.7662375379826383, "BELAGSART": 100, "surface_classification_asphalt": null, "surface_classification_compacted": null, "surface_classification_paving": null, "surface_classification_sett": null, "surface_classification_standing": null, "surface_swisstopo": "paved", "surface_sensebox": "unknown", "surface_sensebox_probability": 0.0, "match": "Unknown" }, "geometry": { "type": "Point", "coordinates": [ 8.766237546645611, 47.201392749373881 ] } },
{ "type": "Feature", "properties": { "timestamp": "2026-05-02T12:18:24.998Z", "latitude": 47.2013858120092, "longitude": 8.7662027985974937, "BELAGSART": 100, "surface_classification_asphalt": null, "surface_classification_compacted": null, "surface_classification_paving": null, "surface_classification_sett": null, "surface_classification_standing": null, "surface_swisstopo": "paved", "surface_sensebox": "unknown", "surface_sensebox_probability": 0.0, "match": "Unknown" }, "geometry": { "type": "Point", "coordinates": [ 8.766202807260434, 47.201385822049254 ] } },
{ "type": "Feature", "properties": { "timestamp": "2026-05-02T12:18:25.998Z", "latitude": 47.201380241963783, "longitude": 8.7661659490433284, "BELAGSART": 100, "surface_classification_asphalt": 0.91, "surface_classification_compacted": 0.01, "surface_classification_paving": 0.04, "surface_classification_sett": 0.01, "surface_classification_standing": 0.04, "surface_swisstopo": "paved", "surface_sensebox": "paved", "surface_sensebox_probability": 0.91, "match": "True" }, "geometry": { "type": "Point", "coordinates": [ 8.766165957706235, 47.201380252003851 ] } },
{ "type": "Feature", "properties": { "timestamp": "2026-05-02T12:18:26.998Z", "latitude": 47.201379859727531, "longitude": 8.7661143152847707, "BELAGSART": 100, "surface_classification_asphalt": null, "surface_classification_compacted": null, "surface_classification_paving": null, "surface_classification_sett": null, "surface_classification_standing": null, "surface_swisstopo": "paved", "surface_sensebox": "unknown", "surface_sensebox_probability": 0.0, "match": "Unknown" }, "geometry": { "type": "Point", "coordinates": [ 8.766114323947628, 47.201379869767621 ] } },
{ "type": "Feature", "properties": { "timestamp": "2026-05-02T12:18:27.998Z", "latitude": 47.201387875716456, "longitude": 8.7660559310550337, "BELAGSART": 100, "surface_classification_asphalt": null, "surface_classification_compacted": null, "surface_classification_paving": null, "surface_classification_sett": null, "surface_classification_standing": null, "surface_swisstopo": "paved", "surface_sensebox": "unknown", "surface_sensebox_probability": 0.0, "match": "Unknown" }, "geometry": { "type": "Point", "coordinates": [ 8.76605593971783, 47.201387885756517 ] } },
{ "type": "Feature", "properties": { "timestamp": "2026-05-02T12:18:28.998Z", "latitude": 47.201374160489948, "longitude": 8.7660010294058566, "BELAGSART": 100, "surface_classification_asphalt": 0.47, "surface_classification_compacted": 0.47, "surface_classification_paving": 0.04, "surface_classification_sett": 0.02, "surface_classification_standing": 0.0, "surface_swisstopo": "paved", "surface_sensebox": "unknown", "surface_sensebox_probability": 0.47, "match": "Unknown" }, "geometry": { "type": "Point", "coordinates": [ 8.766001038068609, 47.201374170530052 ] } },
{ "type": "Feature", "properties": { "timestamp": "2026-05-02T12:18:29.998Z", "latitude": 47.201373172397972, "longitude": 8.7659298860456971, "BELAGSART": 100, "surface_classification_asphalt": null, "surface_classification_compacted": null, "surface_classification_paving": null, "surface_classification_sett": null, "surface_classification_standing": null, "surface_swisstopo": "paved", "surface_sensebox": "unknown", "surface_sensebox_probability": 0.0, "match": "Unknown" }, "geometry": { "type": "Point", "coordinates": [ 8.765929894708378, 47.201373182438076 ] } },
{ "type": "Feature", "properties": { "timestamp": "2026-05-02T12:18:30.998Z", "latitude": 47.201371869262168, "longitude": 8.7658644154559724, "BELAGSART": 100, "surface_classification_asphalt": 0.09, "surface_classification_compacted": 0.42, "surface_classification_paving": 0.27, "surface_classification_sett": 0.21, "surface_classification_standing": 0.0, "surface_swisstopo": "paved", "surface_sensebox": "unknown", "surface_sensebox_probability": 0.42, "match": "Unknown" }, "geometry": { "type": "Point", "coordinates": [ 8.765864424118591, 47.201371879302293 ] } },
{ "type": "Feature", "properties": { "timestamp": "2026-05-02T12:18:31.998Z", "latitude": 47.201377807275506, "longitude": 8.7657973460590846, "BELAGSART": 100, "surface_classification_asphalt": null, "surface_classification_compacted": null, "surface_classification_paving": null, "surface_classification_sett": null, "surface_classification_standing": null, "surface_swisstopo": "paved", "surface_sensebox": "unknown", "surface_sensebox_probability": 0.0, "match": "Unknown" }, "geometry": { "type": "Point", "coordinates": [ 8.76579735472164, 47.201377817315681 ] } },
{ "type": "Feature", "properties": { "timestamp": "2026-05-02T12:18:32.998Z", "latitude": 47.201374114280718, "longitude": 8.7657308891595438, "BELAGSART": 100, "surface_classification_asphalt": null, "surface_classification_compacted": null, "surface_classification_paving": null, "surface_classification_sett": null, "surface_classification_standing": null, "surface_swisstopo": "paved", "surface_sensebox": "unknown", "surface_sensebox_probability": 0.0, "match": "Unknown" }, "geometry": { "type": "Point", "coordinates": [ 8.765730897822037, 47.201374124320886 ] } },
{ "type": "Feature", "properties": { "timestamp": "2026-05-02T12:18:33.998Z", "latitude": 47.201363918200407, "longitude": 8.7656715762178603, "BELAGSART": 100, "surface_classification_asphalt": 0.86, "surface_classification_compacted": 0.02, "surface_classification_paving": 0.11, "surface_classification_sett": 0.0, "surface_classification_standing": 0.01, "surface_swisstopo": "paved", "surface_sensebox": "paved", "surface_sensebox_probability": 0.86, "match": "True" }, "geometry": { "type": "Point", "coordinates": [ 8.765671584880298, 47.201363928240589 ] } },
{ "type": "Feature", "properties": { "timestamp": "2026-05-02T12:18:34.998Z", "latitude": 47.201360635638963, "longitude": 8.7656115482641255, "BELAGSART": 100, "surface_classification_asphalt": null, "surface_classification_compacted": null, "surface_classification_paving": null, "surface_classification_sett": null, "surface_classification_standing": null, "surface_swisstopo": "paved", "surface_sensebox": "unknown", "surface_sensebox_probability": 0.0, "match": "Unknown" }, "geometry": { "type": "Point", "coordinates": [ 8.765611556926508, 47.201360645679173 ] } },
{ "type": "Feature", "properties": { "timestamp": "2026-05-02T12:18:35.998Z", "latitude": 47.201351704365763, "longitude": 8.7655480869244631, "BELAGSART": 100, "surface_classification_asphalt": null, "surface_classification_compacted": null, "surface_classification_paving": null, "surface_classification_sett": null, "surface_classification_standing": null, "surface_swisstopo": "paved", "surface_sensebox": "unknown", "surface_sensebox_probability": 0.0, "match": "Unknown" }, "geometry": { "type": "Point", "coordinates": [ 8.765548095586789, 47.201351714405973 ] } },
{ "type": "Feature", "properties": { "timestamp": "2026-05-02T12:18:36.998Z", "latitude": 47.201346512269708, "longitude": 8.7654788198192204, "BELAGSART": 200, "surface_classification_asphalt": 0.21, "surface_classification_compacted": 0.27, "surface_classification_paving": 0.47, "surface_classification_sett": 0.05, "surface_classification_standing": 0.0, "surface_swisstopo": "nature", "surface_sensebox": "unknown", "surface_sensebox_probability": 0.47, "match": "Unknown" }, "geometry": { "type": "Point", "coordinates": [ 8.765478828481477, 47.201346522309962 ] } },
{ "type": "Feature", "properties": { "timestamp": "2026-05-02T12:18:37.998Z", "latitude": 47.201349339866553, "longitude": 8.7653975507545638, "BELAGSART": 100, "surface_classification_asphalt": null, "surface_classification_compacted": null, "surface_classification_paving": null, "surface_classification_sett": null, "surface_classification_standing": null, "surface_swisstopo": "paved", "surface_sensebox": "unknown", "surface_sensebox_probability": 0.0, "match": "Unknown" }, "geometry": { "type": "Point", "coordinates": [ 8.765397559416741, 47.201349349906835 ] } },
{ "type": "Feature", "properties": { "timestamp": "2026-05-02T12:18:38.998Z", "latitude": 47.2013434339962, "longitude": 8.7653242755719134, "BELAGSART": 100, "surface_classification_asphalt": null, "surface_classification_compacted": null, "surface_classification_paving": null, "surface_classification_sett": null, "surface_classification_standing": null, "surface_swisstopo": "paved", "surface_sensebox": "unknown", "surface_sensebox_probability": 0.0, "match": "Unknown" }, "geometry": { "type": "Point", "coordinates": [ 8.765324284234021, 47.201343444036475 ] } },
{ "type": "Feature", "properties": { "timestamp": "2026-05-02T12:18:39.998Z", "latitude": 47.201337427867117, "longitude": 8.7652415122296095, "BELAGSART": 100, "surface_classification_asphalt": 0.04, "surface_classification_compacted": 0.25, "surface_classification_paving": 0.39, "surface_classification_sett": 0.32, "surface_classification_standing": 0.0, "surface_swisstopo": "paved", "surface_sensebox": "unknown", "surface_sensebox_probability": 0.39, "match": "Unknown" }, "geometry": { "type": "Point", "coordinates": [ 8.765241520891642, 47.201337437907476 ] } },
{ "type": "Feature", "properties": { "timestamp": "2026-05-02T12:18:41.997Z", "latitude": 47.201328227471564, "longitude": 8.7650691560997736, "BELAGSART": 100, "surface_classification_asphalt": null, "surface_classification_compacted": null, "surface_classification_paving": null, "surface_classification_sett": null, "surface_classification_standing": null, "surface_swisstopo": "paved", "surface_sensebox": "unknown", "surface_sensebox_probability": 0.0, "match": "Unknown" }, "geometry": { "type": "Point", "coordinates": [ 8.765069164761645, 47.201328237511937 ] } },
{ "type": "Feature", "properties": { "timestamp": "2026-05-02T12:18:42.997Z", "latitude": 47.201321612983712, "longitude": 8.7649781353874889, "BELAGSART": 100, "surface_classification_asphalt": 0.06, "surface_classification_compacted": 0.22, "surface_classification_paving": 0.04, "surface_classification_sett": 0.68, "surface_classification_standing": 0.0, "surface_swisstopo": "paved", "surface_sensebox": "paved", "surface_sensebox_probability": 0.68, "match": "True" }, "geometry": { "type": "Point", "coordinates": [ 8.764978144049275, 47.201321623024128 ] } },
{ "type": "Feature", "properties": { "timestamp": "2026-05-02T12:18:43.997Z", "latitude": 47.201316724807029, "longitude": 8.7648962560706813, "BELAGSART": 100, "surface_classification_asphalt": null, "surface_classification_compacted": null, "surface_classification_paving": null, "surface_classification_sett": null, "surface_classification_standing": null, "surface_swisstopo": "paved", "surface_sensebox": "unknown", "surface_sensebox_probability": 0.0, "match": "Unknown" }, "geometry": { "type": "Point", "coordinates": [ 8.764896264732391, 47.201316734847431 ] } },
{ "type": "Feature", "properties": { "timestamp": "2026-05-02T12:18:44.997Z", "latitude": 47.201311292978033, "longitude": 8.7648189687567335, "BELAGSART": 100, "surface_classification_asphalt": 0.2, "surface_classification_compacted": 0.6, "surface_classification_paving": 0.2, "surface_classification_sett": 0.0, "surface_classification_standing": 0.0, "surface_swisstopo": "paved", "surface_sensebox": "nature", "surface_sensebox_probability": 0.6, "match": "False" }, "geometry": { "type": "Point", "coordinates": [ 8.764818977418368, 47.201311303018457 ] } },
{ "type": "Feature", "properties": { "timestamp": "2026-05-02T12:18:45.997Z", "latitude": 47.201302934262372, "longitude": 8.76474540897018, "BELAGSART": 100, "surface_classification_asphalt": null, "surface_classification_compacted": null, "surface_classification_paving": null, "surface_classification_sett": null, "surface_classification_standing": null, "surface_swisstopo": "paved", "surface_sensebox": "unknown", "surface_sensebox_probability": 0.0, "match": "Unknown" }, "geometry": { "type": "Point", "coordinates": [ 8.764745417631744, 47.201302944302832 ] } },
{ "type": "Feature", "properties": { "timestamp": "2026-05-02T12:18:46.997Z", "latitude": 47.201295602900188, "longitude": 8.7646738452752118, "BELAGSART": 100, "surface_classification_asphalt": null, "surface_classification_compacted": null, "surface_classification_paving": null, "surface_classification_sett": null, "surface_classification_standing": null, "surface_swisstopo": "paved", "surface_sensebox": "unknown", "surface_sensebox_probability": 0.0, "match": "Unknown" }, "geometry": { "type": "Point", "coordinates": [ 8.764673853936712, 47.201295612940683 ] } },
{ "type": "Feature", "properties": { "timestamp": "2026-05-02T12:18:47.997Z", "latitude": 47.201294727482846, "longitude": 8.7646059986825904, "BELAGSART": 100, "surface_classification_asphalt": 0.09, "surface_classification_compacted": 0.73, "surface_classification_paving": 0.17, "surface_classification_sett": 0.0, "surface_classification_standing": 0.0, "surface_swisstopo": "paved", "surface_sensebox": "nature", "surface_sensebox_probability": 0.73, "match": "False" }, "geometry": { "type": "Point", "coordinates": [ 8.764606007344028, 47.201294737523327 ] } },
{ "type": "Feature", "properties": { "timestamp": "2026-05-02T12:18:48.997Z", "latitude": 47.201292316587967, "longitude": 8.7645390879235272, "BELAGSART": 100, "surface_classification_asphalt": null, "surface_classification_compacted": null, "surface_classification_paving": null, "surface_classification_sett": null, "surface_classification_standing": null, "surface_swisstopo": "paved", "surface_sensebox": "unknown", "surface_sensebox_probability": 0.0, "match": "Unknown" }, "geometry": { "type": "Point", "coordinates": [ 8.764539096584899, 47.201292326628497 ] } },
{ "type": "Feature", "properties": { "timestamp": "2026-05-02T12:18:49.997Z", "latitude": 47.201275556332085, "longitude": 8.7644828596239073, "BELAGSART": 100, "surface_classification_asphalt": null, "surface_classification_compacted": null, "surface_classification_paving": null, "surface_classification_sett": null, "surface_classification_standing": null, "surface_swisstopo": "paved", "surface_sensebox": "unknown", "surface_sensebox_probability": 0.0, "match": "Unknown" }, "geometry": { "type": "Point", "coordinates": [ 8.764482868285228, 47.201275566372615 ] } },
{ "type": "Feature", "properties": { "timestamp": "2026-05-02T12:18:50.997Z", "latitude": 47.201264598976366, "longitude": 8.7644287024239613, "BELAGSART": 100, "surface_classification_asphalt": 0.34, "surface_classification_compacted": 0.38, "surface_classification_paving": 0.27, "surface_classification_sett": 0.0, "surface_classification_standing": 0.0, "surface_swisstopo": "paved", "surface_sensebox": "unknown", "surface_sensebox_probability": 0.38, "match": "Unknown" }, "geometry": { "type": "Point", "coordinates": [ 8.764428711085234, 47.20126460901691 ] } },
{ "type": "Feature", "properties": { "timestamp": "2026-05-02T12:18:51.997Z", "latitude": 47.201259316828768, "longitude": 8.7643783583299815, "BELAGSART": 100, "surface_classification_asphalt": null, "surface_classification_compacted": null, "surface_classification_paving": null, "surface_classification_sett": null, "surface_classification_standing": null, "surface_swisstopo": "paved", "surface_sensebox": "unknown", "surface_sensebox_probability": 0.0, "match": "Unknown" }, "geometry": { "type": "Point", "coordinates": [ 8.764378366991206, 47.201259326869341 ] } },
{ "type": "Feature", "properties": { "timestamp": "2026-05-02T12:18:52.997Z", "latitude": 47.201249037344766, "longitude": 8.7643262307147562, "BELAGSART": 100, "surface_classification_asphalt": null, "surface_classification_compacted": null, "surface_classification_paving": null, "surface_classification_sett": null, "surface_classification_standing": null, "surface_swisstopo": "paved", "surface_sensebox": "unknown", "surface_sensebox_probability": 0.0, "match": "Unknown" }, "geometry": { "type": "Point", "coordinates": [ 8.76432623937594, 47.201249047385296 ] } },
{ "type": "Feature", "properties": { "timestamp": "2026-05-02T12:18:53.997Z", "latitude": 47.201249144734611, "longitude": 8.7642641911528152, "BELAGSART": 100, "surface_classification_asphalt": 0.1, "surface_classification_compacted": 0.66, "surface_classification_paving": 0.22, "surface_classification_sett": 0.02, "surface_classification_standing": 0.0, "surface_swisstopo": "paved", "surface_sensebox": "nature", "surface_sensebox_probability": 0.66, "match": "False" }, "geometry": { "type": "Point", "coordinates": [ 8.764264199813931, 47.201249154775169 ] } },
{ "type": "Feature", "properties": { "timestamp": "2026-05-02T12:18:54.997Z", "latitude": 47.201236254138941, "longitude": 8.7641965428200201, "BELAGSART": 100, "surface_classification_asphalt": null, "surface_classification_compacted": null, "surface_classification_paving": null, "surface_classification_sett": null, "surface_classification_standing": null, "surface_swisstopo": "paved", "surface_sensebox": "unknown", "surface_sensebox_probability": 0.0, "match": "Unknown" }, "geometry": { "type": "Point", "coordinates": [ 8.76419655148108, 47.201236264179506 ] } },
{ "type": "Feature", "properties": { "timestamp": "2026-05-02T12:18:55.997Z", "latitude": 47.201223316027345, "longitude": 8.7641256795094975, "BELAGSART": 100, "surface_classification_asphalt": null, "surface_classification_compacted": null, "surface_classification_paving": null, "surface_classification_sett": null, "surface_classification_standing": null, "surface_swisstopo": "paved", "surface_sensebox": "unknown", "surface_sensebox_probability": 0.0, "match": "Unknown" }, "geometry": { "type": "Point", "coordinates": [ 8.764125688170497, 47.201223326067939 ] } },
{ "type": "Feature", "properties": { "timestamp": "2026-05-02T12:18:56.997Z", "latitude": 47.201208057876414, "longitude": 8.7640573742032029, "BELAGSART": 100, "surface_classification_asphalt": 0.09, "surface_classification_compacted": 0.46, "surface_classification_paving": 0.13, "surface_classification_sett": 0.32, "surface_classification_standing": 0.0, "surface_swisstopo": "paved", "surface_sensebox": "unknown", "surface_sensebox_probability": 0.46, "match": "Unknown" }, "geometry": { "type": "Point", "coordinates": [ 8.764057382864138, 47.201208067917044 ] } },
{ "type": "Feature", "properties": { "timestamp": "2026-05-02T12:18:57.997Z", "latitude": 47.201191349479053, "longitude": 8.7639836932175061, "BELAGSART": 100, "surface_classification_asphalt": null, "surface_classification_compacted": null, "surface_classification_paving": null, "surface_classification_sett": null, "surface_classification_standing": null, "surface_swisstopo": "paved", "surface_sensebox": "unknown", "surface_sensebox_probability": 0.0, "match": "Unknown" }, "geometry": { "type": "Point", "coordinates": [ 8.763983701878377, 47.201191359519711 ] } },
{ "type": "Feature", "properties": { "timestamp": "2026-05-02T12:18:58.997Z", "latitude": 47.201184189425291, "longitude": 8.763915314284155, "BELAGSART": 100, "surface_classification_asphalt": 0.07, "surface_classification_compacted": 0.8, "surface_classification_paving": 0.12, "surface_classification_sett": 0.0, "surface_classification_standing": 0.0, "surface_swisstopo": "paved", "surface_sensebox": "nature", "surface_sensebox_probability": 0.8, "match": "False" }, "geometry": { "type": "Point", "coordinates": [ 8.763915322944957, 47.201184199465935 ] } },
{ "type": "Feature", "properties": { "timestamp": "2026-05-02T12:18:59.997Z", "latitude": 47.201175903597097, "longitude": 8.7638464001806788, "BELAGSART": 100, "surface_classification_asphalt": null, "surface_classification_compacted": null, "surface_classification_paving": null, "surface_classification_sett": null, "surface_classification_standing": null, "surface_swisstopo": "paved", "surface_sensebox": "unknown", "surface_sensebox_probability": 0.0, "match": "Unknown" }, "geometry": { "type": "Point", "coordinates": [ 8.763846408841417, 47.201175913637762 ] } },
{ "type": "Feature", "properties": { "timestamp": "2026-05-02T12:19:00.997Z", "latitude": 47.201159334664013, "longitude": 8.7637866436889507, "BELAGSART": 100, "surface_classification_asphalt": null, "surface_classification_compacted": null, "surface_classification_paving": null, "surface_classification_sett": null, "surface_classification_standing": null, "surface_swisstopo": "paved", "surface_sensebox": "unknown", "surface_sensebox_probability": 0.0, "match": "Unknown" }, "geometry": { "type": "Point", "coordinates": [ 8.763786652349641, 47.201159344704699 ] } },
{ "type": "Feature", "properties": { "timestamp": "2026-05-02T12:19:01.997Z", "latitude": 47.201147016095369, "longitude": 8.7637312604048425, "BELAGSART": 100, "surface_classification_asphalt": 0.36, "surface_classification_compacted": 0.45, "surface_classification_paving": 0.18, "surface_classification_sett": 0.0, "surface_classification_standing": 0.0, "surface_swisstopo": "paved", "surface_sensebox": "unknown", "surface_sensebox_probability": 0.45, "match": "Unknown" }, "geometry": { "type": "Point", "coordinates": [ 8.763731269065479, 47.201147026136105 ] } },
{ "type": "Feature", "properties": { "timestamp": "2026-05-02T12:19:02.997Z", "latitude": 47.201134478447607, "longitude": 8.7636740848498658, "BELAGSART": 100, "surface_classification_asphalt": null, "surface_classification_compacted": null, "surface_classification_paving": null, "surface_classification_sett": null, "surface_classification_standing": null, "surface_swisstopo": "paved", "surface_sensebox": "unknown", "surface_sensebox_probability": 0.0, "match": "Unknown" }, "geometry": { "type": "Point", "coordinates": [ 8.763674093510454, 47.201134488488336 ] } },
{ "type": "Feature", "properties": { "timestamp": "2026-05-02T12:19:03.997Z", "latitude": 47.201122643595021, "longitude": 8.7636165407643478, "BELAGSART": 100, "surface_classification_asphalt": null, "surface_classification_compacted": null, "surface_classification_paving": null, "surface_classification_sett": null, "surface_classification_standing": null, "surface_swisstopo": "paved", "surface_sensebox": "unknown", "surface_sensebox_probability": 0.0, "match": "Unknown" }, "geometry": { "type": "Point", "coordinates": [ 8.763616549424883, 47.201122653635707 ] } },
{ "type": "Feature", "properties": { "timestamp": "2026-05-02T12:19:04.997Z", "latitude": 47.201115183150939, "longitude": 8.7635552789751241, "BELAGSART": 100, "surface_classification_asphalt": 0.71, "surface_classification_compacted": 0.04, "surface_classification_paving": 0.23, "surface_classification_sett": 0.0, "surface_classification_standing": 0.02, "surface_swisstopo": "paved", "surface_sensebox": "paved", "surface_sensebox_probability": 0.71, "match": "True" }, "geometry": { "type": "Point", "coordinates": [ 8.763555287635604, 47.201115193191697 ] } },
{ "type": "Feature", "properties": { "timestamp": "2026-05-02T12:19:05.997Z", "latitude": 47.201100580366514, "longitude": 8.7634956039595551, "BELAGSART": 100, "surface_classification_asphalt": null, "surface_classification_compacted": null, "surface_classification_paving": null, "surface_classification_sett": null, "surface_classification_standing": null, "surface_swisstopo": "paved", "surface_sensebox": "unknown", "surface_sensebox_probability": 0.0, "match": "Unknown" }, "geometry": { "type": "Point", "coordinates": [ 8.763495612619979, 47.201100590407279 ] } },
{ "type": "Feature", "properties": { "timestamp": "2026-05-02T12:19:06.997Z", "latitude": 47.201082891442859, "longitude": 8.7634372394663789, "BELAGSART": 100, "surface_classification_asphalt": null, "surface_classification_compacted": null, "surface_classification_paving": null, "surface_classification_sett": null, "surface_classification_standing": null, "surface_swisstopo": "paved", "surface_sensebox": "unknown", "surface_sensebox_probability": 0.0, "match": "Unknown" }, "geometry": { "type": "Point", "coordinates": [ 8.763437248126758, 47.201082901483623 ] } },
{ "type": "Feature", "properties": { "timestamp": "2026-05-02T12:19:07.997Z", "latitude": 47.201071664828483, "longitude": 8.7633762057510065, "BELAGSART": 100, "surface_classification_asphalt": 0.39, "surface_classification_compacted": 0.25, "surface_classification_paving": 0.35, "surface_classification_sett": 0.0, "surface_classification_standing": 0.0, "surface_swisstopo": "paved", "surface_sensebox": "unknown", "surface_sensebox_probability": 0.39, "match": "Unknown" }, "geometry": { "type": "Point", "coordinates": [ 8.763376214411331, 47.201071674869276 ] } },
{ "type": "Feature", "properties": { "timestamp": "2026-05-02T12:19:08.997Z", "latitude": 47.201056175691527, "longitude": 8.7633182737845683, "BELAGSART": 100, "surface_classification_asphalt": null, "surface_classification_compacted": null, "surface_classification_paving": null, "surface_classification_sett": null, "surface_classification_standing": null, "surface_swisstopo": "paved", "surface_sensebox": "unknown", "surface_sensebox_probability": 0.0, "match": "Unknown" }, "geometry": { "type": "Point", "coordinates": [ 8.763318282444837, 47.201056185732348 ] } },
{ "type": "Feature", "properties": { "timestamp": "2026-05-02T12:19:09.997Z", "latitude": 47.201038547987146, "longitude": 8.7632624466941085, "BELAGSART": 100, "surface_classification_asphalt": null, "surface_classification_compacted": null, "surface_classification_paving": null, "surface_classification_sett": null, "surface_classification_standing": null, "surface_swisstopo": "paved", "surface_sensebox": "unknown", "surface_sensebox_probability": 0.0, "match": "Unknown" }, "geometry": { "type": "Point", "coordinates": [ 8.763262455354337, 47.201038558027946 ] } },
{ "type": "Feature", "properties": { "timestamp": "2026-05-02T12:19:10.997Z", "latitude": 47.201024419095482, "longitude": 8.7632055602078403, "BELAGSART": 100, "surface_classification_asphalt": 0.18, "surface_classification_compacted": 0.56, "surface_classification_paving": 0.25, "surface_classification_sett": 0.0, "surface_classification_standing": 0.0, "surface_swisstopo": "paved", "surface_sensebox": "nature", "surface_sensebox_probability": 0.56, "match": "False" }, "geometry": { "type": "Point", "coordinates": [ 8.763205568868011, 47.201024429136289 ] } },
{ "type": "Feature", "properties": { "timestamp": "2026-05-02T12:19:11.997Z", "latitude": 47.200997303122435, "longitude": 8.7631541064915357, "BELAGSART": 100, "surface_classification_asphalt": null, "surface_classification_compacted": null, "surface_classification_paving": null, "surface_classification_sett": null, "surface_classification_standing": null, "surface_swisstopo": "paved", "surface_sensebox": "unknown", "surface_sensebox_probability": 0.0, "match": "Unknown" }, "geometry": { "type": "Point", "coordinates": [ 8.763154115151664, 47.200997313163271 ] } },
{ "type": "Feature", "properties": { "timestamp": "2026-05-02T12:19:12.997Z", "latitude": 47.20097317694907, "longitude": 8.7630816682097254, "BELAGSART": 100, "surface_classification_asphalt": 0.06, "surface_classification_compacted": 0.79, "surface_classification_paving": 0.06, "surface_classification_sett": 0.09, "surface_classification_standing": 0.0, "surface_swisstopo": "paved", "surface_sensebox": "nature", "surface_sensebox_probability": 0.79, "match": "False" }, "geometry": { "type": "Point", "coordinates": [ 8.763081676869794, 47.200973186989913 ] } },
{ "type": "Feature", "properties": { "timestamp": "2026-05-02T12:19:13.999Z", "latitude": 47.200960902921125, "longitude": 8.7630075311021844, "BELAGSART": 100, "surface_classification_asphalt": null, "surface_classification_compacted": null, "surface_classification_paving": null, "surface_classification_sett": null, "surface_classification_standing": null, "surface_swisstopo": "paved", "surface_sensebox": "unknown", "surface_sensebox_probability": 0.0, "match": "Unknown" }, "geometry": { "type": "Point", "coordinates": [ 8.763007539762187, 47.200960912961961 ] } },
{ "type": "Feature", "properties": { "timestamp": "2026-05-02T12:19:15.000Z", "latitude": 47.20093715254179, "longitude": 8.7629348152216853, "BELAGSART": 100, "surface_classification_asphalt": null, "surface_classification_compacted": null, "surface_classification_paving": null, "surface_classification_sett": null, "surface_classification_standing": null, "surface_swisstopo": "paved", "surface_sensebox": "unknown", "surface_sensebox_probability": 0.0, "match": "Unknown" }, "geometry": { "type": "Point", "coordinates": [ 8.762934823881624, 47.200937162582676 ] } },
{ "type": "Feature", "properties": { "timestamp": "2026-05-02T12:19:16.999Z", "latitude": 47.200886293478789, "longitude": 8.7627824986230554, "BELAGSART": 100, "surface_classification_asphalt": 0.07, "surface_classification_compacted": 0.16, "surface_classification_paving": 0.24, "surface_classification_sett": 0.53, "surface_classification_standing": 0.0, "surface_swisstopo": "paved", "surface_sensebox": "paved", "surface_sensebox_probability": 0.53, "match": "True" }, "geometry": { "type": "Point", "coordinates": [ 8.762782507282864, 47.200886303519681 ] } },
{ "type": "Feature", "properties": { "timestamp": "2026-05-02T12:19:18.000Z", "latitude": 47.200867741364348, "longitude": 8.7626985247730289, "BELAGSART": 100, "surface_classification_asphalt": null, "surface_classification_compacted": null, "surface_classification_paving": null, "surface_classification_sett": null, "surface_classification_standing": null, "surface_swisstopo": "paved", "surface_sensebox": "unknown", "surface_sensebox_probability": 0.0, "match": "Unknown" }, "geometry": { "type": "Point", "coordinates": [ 8.762698533432761, 47.200867751405241 ] } },
{ "type": "Feature", "properties": { "timestamp": "2026-05-02T12:19:19.999Z", "latitude": 47.200821109061671, "longitude": 8.7625324658058492, "BELAGSART": 100, "surface_classification_asphalt": 0.01, "surface_classification_compacted": 0.03, "surface_classification_paving": 0.17, "surface_classification_sett": 0.79, "surface_classification_standing": 0.0, "surface_swisstopo": "paved", "surface_sensebox": "paved", "surface_sensebox_probability": 0.79, "match": "True" }, "geometry": { "type": "Point", "coordinates": [ 8.76253247446544, 47.200821119102613 ] } },
{ "type": "Feature", "properties": { "timestamp": "2026-05-02T12:19:21.000Z", "latitude": 47.200798819244241, "longitude": 8.7624600080514785, "BELAGSART": 100, "surface_classification_asphalt": null, "surface_classification_compacted": null, "surface_classification_paving": null, "surface_classification_sett": null, "surface_classification_standing": null, "surface_swisstopo": "paved", "surface_sensebox": "unknown", "surface_sensebox_probability": 0.0, "match": "Unknown" }, "geometry": { "type": "Point", "coordinates": [ 8.762460016711008, 47.200798829285212 ] } },
{ "type": "Feature", "properties": { "timestamp": "2026-05-02T12:19:23.000Z", "latitude": 47.200769163945395, "longitude": 8.7623295121646212, "BELAGSART": 100, "surface_classification_asphalt": 0.03, "surface_classification_compacted": 0.86, "surface_classification_paving": 0.11, "surface_classification_sett": 0.0, "surface_classification_standing": 0.0, "surface_swisstopo": "paved", "surface_sensebox": "nature", "surface_sensebox_probability": 0.86, "match": "False" }, "geometry": { "type": "Point", "coordinates": [ 8.76232952082403, 47.20076917398638 ] } },
{ "type": "Feature", "properties": { "timestamp": "2026-05-02T12:19:24.000Z", "latitude": 47.200768292813997, "longitude": 8.7622710705462481, "BELAGSART": 100, "surface_classification_asphalt": null, "surface_classification_compacted": null, "surface_classification_paving": null, "surface_classification_sett": null, "surface_classification_standing": null, "surface_swisstopo": "paved", "surface_sensebox": "unknown", "surface_sensebox_probability": 0.0, "match": "Unknown" }, "geometry": { "type": "Point", "coordinates": [ 8.762271079205599, 47.200768302854989 ] } },
{ "type": "Feature", "properties": { "timestamp": "2026-05-02T12:19:26.000Z", "latitude": 47.200778776389022, "longitude": 8.762159684660876, "BELAGSART": 100, "surface_classification_asphalt": 0.7, "surface_classification_compacted": 0.18, "surface_classification_paving": 0.12, "surface_classification_sett": 0.0, "surface_classification_standing": 0.0, "surface_swisstopo": "paved", "surface_sensebox": "paved", "surface_sensebox_probability": 0.7, "match": "True" }, "geometry": { "type": "Point", "coordinates": [ 8.76215969332012, 47.200778786430057 ] } },
{ "type": "Feature", "properties": { "timestamp": "2026-05-02T12:19:27.000Z", "latitude": 47.200777404816677, "longitude": 8.7621107115263968, "BELAGSART": 100, "surface_classification_asphalt": 0.11, "surface_classification_compacted": 0.49, "surface_classification_paving": 0.39, "surface_classification_sett": 0.0, "surface_classification_standing": 0.0, "surface_swisstopo": "paved", "surface_sensebox": "unknown", "surface_sensebox_probability": 0.49, "match": "Unknown" }, "geometry": { "type": "Point", "coordinates": [ 8.762110720185596, 47.20077741485774 ] } },
{ "type": "Feature", "properties": { "timestamp": "2026-05-02T12:19:28.999Z", "latitude": 47.200782963069813, "longitude": 8.7619825589766247, "BELAGSART": 100, "surface_classification_asphalt": null, "surface_classification_compacted": null, "surface_classification_paving": null, "surface_classification_sett": null, "surface_classification_standing": null, "surface_swisstopo": "paved", "surface_sensebox": "unknown", "surface_sensebox_probability": 0.0, "match": "Unknown" }, "geometry": { "type": "Point", "coordinates": [ 8.7619825676357, 47.200782973110897 ] } },
{ "type": "Feature", "properties": { "timestamp": "2026-05-02T12:19:29.999Z", "latitude": 47.200783805166189, "longitude": 8.7619057396745976, "BELAGSART": 100, "surface_classification_asphalt": 0.07, "surface_classification_compacted": 0.68, "surface_classification_paving": 0.14, "surface_classification_sett": 0.11, "surface_classification_standing": 0.0, "surface_swisstopo": "paved", "surface_sensebox": "nature", "surface_sensebox_probability": 0.68, "match": "False" }, "geometry": { "type": "Point", "coordinates": [ 8.761905748333596, 47.200783815207316 ] } },
{ "type": "Feature", "properties": { "timestamp": "2026-05-02T12:19:30.999Z", "latitude": 47.200773841539259, "longitude": 8.7618239662735533, "BELAGSART": 100, "surface_classification_asphalt": null, "surface_classification_compacted": null, "surface_classification_paving": null, "surface_classification_sett": null, "surface_classification_standing": null, "surface_swisstopo": "paved", "surface_sensebox": "unknown", "surface_sensebox_probability": 0.0, "match": "Unknown" }, "geometry": { "type": "Point", "coordinates": [ 8.761823974932474, 47.200773851580379 ] } },
{ "type": "Feature", "properties": { "timestamp": "2026-05-02T12:19:31.999Z", "latitude": 47.200765052866863, "longitude": 8.7617381486968924, "BELAGSART": 100, "surface_classification_asphalt": null, "surface_classification_compacted": null, "surface_classification_paving": null, "surface_classification_sett": null, "surface_classification_standing": null, "surface_swisstopo": "paved", "surface_sensebox": "unknown", "surface_sensebox_probability": 0.0, "match": "Unknown" }, "geometry": { "type": "Point", "coordinates": [ 8.76173815735574, 47.200765062908069 ] } },
{ "type": "Feature", "properties": { "timestamp": "2026-05-02T12:19:32.999Z", "latitude": 47.200761408562428, "longitude": 8.7616585721041798, "BELAGSART": 100, "surface_classification_asphalt": 0.05, "surface_classification_compacted": 0.78, "surface_classification_paving": 0.13, "surface_classification_sett": 0.04, "surface_classification_standing": 0.0, "surface_swisstopo": "paved", "surface_sensebox": "nature", "surface_sensebox_probability": 0.78, "match": "False" }, "geometry": { "type": "Point", "coordinates": [ 8.761658580762946, 47.200761418603634 ] } },
{ "type": "Feature", "properties": { "timestamp": "2026-05-02T12:19:33.999Z", "latitude": 47.200758868622145, "longitude": 8.7615782684685986, "BELAGSART": 100, "surface_classification_asphalt": null, "surface_classification_compacted": null, "surface_classification_paving": null, "surface_classification_sett": null, "surface_classification_standing": null, "surface_swisstopo": "paved", "surface_sensebox": "unknown", "surface_sensebox_probability": 0.0, "match": "Unknown" }, "geometry": { "type": "Point", "coordinates": [ 8.761578277127288, 47.200758878663358 ] } },
{ "type": "Feature", "properties": { "timestamp": "2026-05-02T12:19:34.999Z", "latitude": 47.200744981662311, "longitude": 8.7615064857471445, "BELAGSART": 100, "surface_classification_asphalt": null, "surface_classification_compacted": null, "surface_classification_paving": null, "surface_classification_sett": null, "surface_classification_standing": null, "surface_swisstopo": "paved", "surface_sensebox": "unknown", "surface_sensebox_probability": 0.0, "match": "Unknown" }, "geometry": { "type": "Point", "coordinates": [ 8.761506494405776, 47.20074499170353 ] } },
{ "type": "Feature", "properties": { "timestamp": "2026-05-02T12:19:35.999Z", "latitude": 47.200744151781379, "longitude": 8.7614276128654005, "BELAGSART": 100, "surface_classification_asphalt": 0.16, "surface_classification_compacted": 0.74, "surface_classification_paving": 0.08, "surface_classification_sett": 0.02, "surface_classification_standing": 0.0, "surface_swisstopo": "paved", "surface_sensebox": "nature", "surface_sensebox_probability": 0.74, "match": "False" }, "geometry": { "type": "Point", "coordinates": [ 8.76142762152395, 47.200744161822598 ] } },
{ "type": "Feature", "properties": { "timestamp": "2026-05-02T12:19:36.999Z", "latitude": 47.200738943995994, "longitude": 8.7613558741329438, "BELAGSART": 100, "surface_classification_asphalt": null, "surface_classification_compacted": null, "surface_classification_paving": null, "surface_classification_sett": null, "surface_classification_standing": null, "surface_swisstopo": "paved", "surface_sensebox": "unknown", "surface_sensebox_probability": 0.0, "match": "Unknown" }, "geometry": { "type": "Point", "coordinates": [ 8.761355882791422, 47.200738954037213 ] } },
{ "type": "Feature", "properties": { "timestamp": "2026-05-02T12:19:37.999Z", "latitude": 47.200736114623574, "longitude": 8.7612861737704417, "BELAGSART": 100, "surface_classification_asphalt": null, "surface_classification_compacted": null, "surface_classification_paving": null, "surface_classification_sett": null, "surface_classification_standing": null, "surface_swisstopo": "paved", "surface_sensebox": "unknown", "surface_sensebox_probability": 0.0, "match": "Unknown" }, "geometry": { "type": "Point", "coordinates": [ 8.761286182428856, 47.20073612466485 ] } },
{ "type": "Feature", "properties": { "timestamp": "2026-05-02T12:19:38.999Z", "latitude": 47.200733253824112, "longitude": 8.7612215125377766, "BELAGSART": 100, "surface_classification_asphalt": 0.22, "surface_classification_compacted": 0.55, "surface_classification_paving": 0.22, "surface_classification_sett": 0.0, "surface_classification_standing": 0.0, "surface_swisstopo": "paved", "surface_sensebox": "nature", "surface_sensebox_probability": 0.55, "match": "False" }, "geometry": { "type": "Point", "coordinates": [ 8.761221521196136, 47.20073326386543 ] } },
{ "type": "Feature", "properties": { "timestamp": "2026-05-02T12:19:39.999Z", "latitude": 47.200730825182042, "longitude": 8.7611602008944853, "BELAGSART": 100, "surface_classification_asphalt": null, "surface_classification_compacted": null, "surface_classification_paving": null, "surface_classification_sett": null, "surface_classification_standing": null, "surface_swisstopo": "paved", "surface_sensebox": "unknown", "surface_sensebox_probability": 0.0, "match": "Unknown" }, "geometry": { "type": "Point", "coordinates": [ 8.761160209552781, 47.200730835223389 ] } },
{ "type": "Feature", "properties": { "timestamp": "2026-05-02T12:19:40.999Z", "latitude": 47.200728190277069, "longitude": 8.7611040845562211, "BELAGSART": 100, "surface_classification_asphalt": null, "surface_classification_compacted": null, "surface_classification_paving": null, "surface_classification_sett": null, "surface_classification_standing": null, "surface_swisstopo": "paved", "surface_sensebox": "unknown", "surface_sensebox_probability": 0.0, "match": "Unknown" }, "geometry": { "type": "Point", "coordinates": [ 8.761104093214469, 47.200728200318409 ] } },
{ "type": "Feature", "properties": { "timestamp": "2026-05-02T12:19:41.999Z", "latitude": 47.200721322557477, "longitude": 8.761052872122626, "BELAGSART": 100, "surface_classification_asphalt": 0.61, "surface_classification_compacted": 0.03, "surface_classification_paving": 0.31, "surface_classification_sett": 0.0, "surface_classification_standing": 0.05, "surface_swisstopo": "paved", "surface_sensebox": "paved", "surface_sensebox_probability": 0.61, "match": "True" }, "geometry": { "type": "Point", "coordinates": [ 8.76105288078082, 47.200721332598782 ] } },
{ "type": "Feature", "properties": { "timestamp": "2026-05-02T12:19:42.999Z", "latitude": 47.200724344544888, "longitude": 8.7610012872264438, "BELAGSART": 100, "surface_classification_asphalt": null, "surface_classification_compacted": null, "surface_classification_paving": null, "surface_classification_sett": null, "surface_classification_standing": null, "surface_swisstopo": "paved", "surface_sensebox": "unknown", "surface_sensebox_probability": 0.0, "match": "Unknown" }, "geometry": { "type": "Point", "coordinates": [ 8.761001295884592, 47.200724354586214 ] } },
{ "type": "Feature", "properties": { "timestamp": "2026-05-02T12:19:43.999Z", "latitude": 47.20072223328912, "longitude": 8.7609562691819036, "BELAGSART": 100, "surface_classification_asphalt": 0.47, "surface_classification_compacted": 0.02, "surface_classification_paving": 0.27, "surface_classification_sett": 0.02, "surface_classification_standing": 0.21, "surface_swisstopo": "paved", "surface_sensebox": "unknown", "surface_sensebox_probability": 0.47, "match": "Unknown" }, "geometry": { "type": "Point", "coordinates": [ 8.760956277840007, 47.20072224333051 ] } },
{ "type": "Feature", "properties": { "timestamp": "2026-05-02T12:19:44.999Z", "latitude": 47.200723879935843, "longitude": 8.7609095704489537, "BELAGSART": 100, "surface_classification_asphalt": null, "surface_classification_compacted": null, "surface_classification_paving": null, "surface_classification_sett": null, "surface_classification_standing": null, "surface_swisstopo": "paved", "surface_sensebox": "unknown", "surface_sensebox_probability": 0.0, "match": "Unknown" }, "geometry": { "type": "Point", "coordinates": [ 8.760909579107013, 47.200723889977205 ] } },
{ "type": "Feature", "properties": { "timestamp": "2026-05-02T12:19:45.999Z", "latitude": 47.200720391049799, "longitude": 8.7608573082039545, "BELAGSART": 100, "surface_classification_asphalt": null, "surface_classification_compacted": null, "surface_classification_paving": null, "surface_classification_sett": null, "surface_classification_standing": null, "surface_swisstopo": "paved", "surface_sensebox": "unknown", "surface_sensebox_probability": 0.0, "match": "Unknown" }, "geometry": { "type": "Point", "coordinates": [ 8.760857316861967, 47.200720401091161 ] } },
{ "type": "Feature", "properties": { "timestamp": "2026-05-02T12:19:46.999Z", "latitude": 47.200726441961862, "longitude": 8.7607990089254191, "BELAGSART": 100, "surface_classification_asphalt": 0.36, "surface_classification_compacted": 0.36, "surface_classification_paving": 0.12, "surface_classification_sett": 0.15, "surface_classification_standing": 0.0, "surface_swisstopo": "paved", "surface_sensebox": "unknown", "surface_sensebox_probability": 0.36, "match": "Unknown" }, "geometry": { "type": "Point", "coordinates": [ 8.760799017583368, 47.200726452003288 ] } },
{ "type": "Feature", "properties": { "timestamp": "2026-05-02T12:19:47.999Z", "latitude": 47.200719151290897, "longitude": 8.7607423609000765, "BELAGSART": 100, "surface_classification_asphalt": null, "surface_classification_compacted": null, "surface_classification_paving": null, "surface_classification_sett": null, "surface_classification_standing": null, "surface_swisstopo": "paved", "surface_sensebox": "unknown", "surface_sensebox_probability": 0.0, "match": "Unknown" }, "geometry": { "type": "Point", "coordinates": [ 8.760742369557976, 47.20071916133233 ] } },
{ "type": "Feature", "properties": { "timestamp": "2026-05-02T12:19:48.999Z", "latitude": 47.200715750179135, "longitude": 8.7606886916356927, "BELAGSART": 100, "surface_classification_asphalt": null, "surface_classification_compacted": null, "surface_classification_paving": null, "surface_classification_sett": null, "surface_classification_standing": null, "surface_swisstopo": "paved", "surface_sensebox": "unknown", "surface_sensebox_probability": 0.0, "match": "Unknown" }, "geometry": { "type": "Point", "coordinates": [ 8.760688700293542, 47.200715760220596 ] } },
{ "type": "Feature", "properties": { "timestamp": "2026-05-02T12:19:49.999Z", "latitude": 47.200702899908222, "longitude": 8.760634609014085, "BELAGSART": 200, "surface_classification_asphalt": 0.38, "surface_classification_compacted": 0.14, "surface_classification_paving": 0.42, "surface_classification_sett": 0.06, "surface_classification_standing": 0.0, "surface_swisstopo": "nature", "surface_sensebox": "unknown", "surface_sensebox_probability": 0.42, "match": "Unknown" }, "geometry": { "type": "Point", "coordinates": [ 8.760634617671888, 47.200702909949669 ] } },
{ "type": "Feature", "properties": { "timestamp": "2026-05-02T12:19:50.999Z", "latitude": 47.200689892996323, "longitude": 8.7605807378369036, "BELAGSART": 100, "surface_classification_asphalt": null, "surface_classification_compacted": null, "surface_classification_paving": null, "surface_classification_sett": null, "surface_classification_standing": null, "surface_swisstopo": "paved", "surface_sensebox": "unknown", "surface_sensebox_probability": 0.0, "match": "Unknown" }, "geometry": { "type": "Point", "coordinates": [ 8.760580746494659, 47.200689903037777 ] } },
{ "type": "Feature", "properties": { "timestamp": "2026-05-02T12:19:51.999Z", "latitude": 47.200664865723219, "longitude": 8.7605244658923311, "BELAGSART": 100, "surface_classification_asphalt": null, "surface_classification_compacted": null, "surface_classification_paving": null, "surface_classification_sett": null, "surface_classification_standing": null, "surface_swisstopo": "paved", "surface_sensebox": "unknown", "surface_sensebox_probability": 0.0, "match": "Unknown" }, "geometry": { "type": "Point", "coordinates": [ 8.760524474550042, 47.200664875764673 ] } },
{ "type": "Feature", "properties": { "timestamp": "2026-05-02T12:19:52.999Z", "latitude": 47.200654786257772, "longitude": 8.7604584246065809, "BELAGSART": 100, "surface_classification_asphalt": 0.14, "surface_classification_compacted": 0.69, "surface_classification_paving": 0.14, "surface_classification_sett": 0.02, "surface_classification_standing": 0.0, "surface_swisstopo": "paved", "surface_sensebox": "nature", "surface_sensebox_probability": 0.69, "match": "False" }, "geometry": { "type": "Point", "coordinates": [ 8.76045843326423, 47.200654796299261 ] } },
{ "type": "Feature", "properties": { "timestamp": "2026-05-02T12:19:53.999Z", "latitude": 47.200633279975229, "longitude": 8.7603935654309435, "BELAGSART": 100, "surface_classification_asphalt": null, "surface_classification_compacted": null, "surface_classification_paving": null, "surface_classification_sett": null, "surface_classification_standing": null, "surface_swisstopo": "paved", "surface_sensebox": "unknown", "surface_sensebox_probability": 0.0, "match": "Unknown" }, "geometry": { "type": "Point", "coordinates": [ 8.76039357408853, 47.200633290016746 ] } },
{ "type": "Feature", "properties": { "timestamp": "2026-05-02T12:19:54.999Z", "latitude": 47.2006159014934, "longitude": 8.7603235385930702, "BELAGSART": 100, "surface_classification_asphalt": null, "surface_classification_compacted": null, "surface_classification_paving": null, "surface_classification_sett": null, "surface_classification_standing": null, "surface_swisstopo": "paved", "surface_sensebox": "unknown", "surface_sensebox_probability": 0.0, "match": "Unknown" }, "geometry": { "type": "Point", "coordinates": [ 8.760323547250602, 47.200615911534932 ] } },
{ "type": "Feature", "properties": { "timestamp": "2026-05-02T12:19:55.999Z", "latitude": 47.200614668762853, "longitude": 8.7602273681097618, "BELAGSART": 100, "surface_classification_asphalt": 0.02, "surface_classification_compacted": 0.95, "surface_classification_paving": 0.02, "surface_classification_sett": 0.01, "surface_classification_standing": 0.0, "surface_swisstopo": "paved", "surface_sensebox": "nature", "surface_sensebox_probability": 0.95, "match": "False" }, "geometry": { "type": "Point", "coordinates": [ 8.760227376767196, 47.200614678804385 ] } },
{ "type": "Feature", "properties": { "timestamp": "2026-05-02T12:19:56.999Z", "latitude": 47.200582853939693, "longitude": 8.7601690456812609, "BELAGSART": 100, "surface_classification_asphalt": null, "surface_classification_compacted": null, "surface_classification_paving": null, "surface_classification_sett": null, "surface_classification_standing": null, "surface_swisstopo": "paved", "surface_sensebox": "unknown", "surface_sensebox_probability": 0.0, "match": "Unknown" }, "geometry": { "type": "Point", "coordinates": [ 8.760169054338652, 47.200582863981282 ] } },
{ "type": "Feature", "properties": { "timestamp": "2026-05-02T12:19:57.999Z", "latitude": 47.200572147069515, "longitude": 8.7600837008546666, "BELAGSART": 100, "surface_classification_asphalt": 0.02, "surface_classification_compacted": 0.94, "surface_classification_paving": 0.02, "surface_classification_sett": 0.02, "surface_classification_standing": 0.0, "surface_swisstopo": "paved", "surface_sensebox": "nature", "surface_sensebox_probability": 0.94, "match": "False" }, "geometry": { "type": "Point", "coordinates": [ 8.760083709511973, 47.200572157111104 ] } },
{ "type": "Feature", "properties": { "timestamp": "2026-05-02T12:19:58.999Z", "latitude": 47.200547085833342, "longitude": 8.7599914724519881, "BELAGSART": 100, "surface_classification_asphalt": null, "surface_classification_compacted": null, "surface_classification_paving": null, "surface_classification_sett": null, "surface_classification_standing": null, "surface_swisstopo": "paved", "surface_sensebox": "unknown", "surface_sensebox_probability": 0.0, "match": "Unknown" }, "geometry": { "type": "Point", "coordinates": [ 8.759991481109219, 47.20054709587496 ] } },
{ "type": "Feature", "properties": { "timestamp": "2026-05-02T12:19:59.999Z", "latitude": 47.200533139872178, "longitude": 8.7599116201383271, "BELAGSART": 100, "surface_classification_asphalt": null, "surface_classification_compacted": null, "surface_classification_paving": null, "surface_classification_sett": null, "surface_classification_standing": null, "surface_swisstopo": "paved", "surface_sensebox": "unknown", "surface_sensebox_probability": 0.0, "match": "Unknown" }, "geometry": { "type": "Point", "coordinates": [ 8.759911628795489, 47.200533149913795 ] } },
{ "type": "Feature", "properties": { "timestamp": "2026-05-02T12:20:00.999Z", "latitude": 47.200521684293939, "longitude": 8.7598289396033699, "BELAGSART": 100, "surface_classification_asphalt": 0.09, "surface_classification_compacted": 0.88, "surface_classification_paving": 0.03, "surface_classification_sett": 0.01, "surface_classification_standing": 0.0, "surface_swisstopo": "paved", "surface_sensebox": "nature", "surface_sensebox_probability": 0.88, "match": "False" }, "geometry": { "type": "Point", "coordinates": [ 8.759828948260456, 47.200521694335592 ] } },
{ "type": "Feature", "properties": { "timestamp": "2026-05-02T12:20:01.999Z", "latitude": 47.200499166748195, "longitude": 8.7597545676983213, "BELAGSART": 100, "surface_classification_asphalt": null, "surface_classification_compacted": null, "surface_classification_paving": null, "surface_classification_sett": null, "surface_classification_standing": null, "surface_swisstopo": "paved", "surface_sensebox": "unknown", "surface_sensebox_probability": 0.0, "match": "Unknown" }, "geometry": { "type": "Point", "coordinates": [ 8.759754576355334, 47.200499176789876 ] } },
{ "type": "Feature", "properties": { "timestamp": "2026-05-02T12:20:02.999Z", "latitude": 47.200495558872142, "longitude": 8.75967519684799, "BELAGSART": 100, "surface_classification_asphalt": null, "surface_classification_compacted": null, "surface_classification_paving": null, "surface_classification_sett": null, "surface_classification_standing": null, "surface_swisstopo": "paved", "surface_sensebox": "unknown", "surface_sensebox_probability": 0.0, "match": "Unknown" }, "geometry": { "type": "Point", "coordinates": [ 8.759675205504935, 47.200495568913837 ] } },
{ "type": "Feature", "properties": { "timestamp": "2026-05-02T12:20:03.999Z", "latitude": 47.200459770012188, "longitude": 8.759619086711556, "BELAGSART": 100, "surface_classification_asphalt": 0.65, "surface_classification_compacted": 0.11, "surface_classification_paving": 0.24, "surface_classification_sett": 0.0, "surface_classification_standing": 0.0, "surface_swisstopo": "paved", "surface_sensebox": "paved", "surface_sensebox_probability": 0.65, "match": "True" }, "geometry": { "type": "Point", "coordinates": [ 8.75961909536845, 47.200459780053826 ] } },
{ "type": "Feature", "properties": { "timestamp": "2026-05-02T12:20:04.999Z", "latitude": 47.200440927719811, "longitude": 8.7595617750628509, "BELAGSART": 100, "surface_classification_asphalt": null, "surface_classification_compacted": null, "surface_classification_paving": null, "surface_classification_sett": null, "surface_classification_standing": null, "surface_swisstopo": "paved", "surface_sensebox": "unknown", "surface_sensebox_probability": 0.0, "match": "Unknown" }, "geometry": { "type": "Point", "coordinates": [ 8.759561783719699, 47.200440937761485 ] } },
{ "type": "Feature", "properties": { "timestamp": "2026-05-02T12:20:05.999Z", "latitude": 47.200429408836655, "longitude": 8.7595070349755613, "BELAGSART": 100, "surface_classification_asphalt": null, "surface_classification_compacted": null, "surface_classification_paving": null, "surface_classification_sett": null, "surface_classification_standing": null, "surface_swisstopo": "paved", "surface_sensebox": "unknown", "surface_sensebox_probability": 0.0, "match": "Unknown" }, "geometry": { "type": "Point", "coordinates": [ 8.759507043632365, 47.200429418878336 ] } },
{ "type": "Feature", "properties": { "timestamp": "2026-05-02T12:20:06.999Z", "latitude": 47.200415729831015, "longitude": 8.7594538327445672, "BELAGSART": 100, "surface_classification_asphalt": 0.54, "surface_classification_compacted": 0.28, "surface_classification_paving": 0.14, "surface_classification_sett": 0.04, "surface_classification_standing": 0.0, "surface_swisstopo": "paved", "surface_sensebox": "paved", "surface_sensebox_probability": 0.54, "match": "True" }, "geometry": { "type": "Point", "coordinates": [ 8.759453841401319, 47.200415739872703 ] } },
{ "type": "Feature", "properties": { "timestamp": "2026-05-02T12:20:07.999Z", "latitude": 47.200403929800252, "longitude": 8.7594038784284454, "BELAGSART": 100, "surface_classification_asphalt": null, "surface_classification_compacted": null, "surface_classification_paving": null, "surface_classification_sett": null, "surface_classification_standing": null, "surface_swisstopo": "paved", "surface_sensebox": "unknown", "surface_sensebox_probability": 0.0, "match": "Unknown" }, "geometry": { "type": "Point", "coordinates": [ 8.759403887085158, 47.200403939841969 ] } },
{ "type": "Feature", "properties": { "timestamp": "2026-05-02T12:20:08.999Z", "latitude": 47.20039672286881, "longitude": 8.7593547142400592, "BELAGSART": 100, "surface_classification_asphalt": null, "surface_classification_compacted": null, "surface_classification_paving": null, "surface_classification_sett": null, "surface_classification_standing": null, "surface_swisstopo": "paved", "surface_sensebox": "unknown", "surface_sensebox_probability": 0.0, "match": "Unknown" }, "geometry": { "type": "Point", "coordinates": [ 8.759354722896724, 47.20039673291059 ] } },
{ "type": "Feature", "properties": { "timestamp": "2026-05-02T12:20:10.998Z", "latitude": 47.2003798206417, "longitude": 8.7592588272416325, "BELAGSART": 100, "surface_classification_asphalt": 0.61, "surface_classification_compacted": 0.06, "surface_classification_paving": 0.32, "surface_classification_sett": 0.0, "surface_classification_standing": 0.01, "surface_swisstopo": "paved", "surface_sensebox": "paved", "surface_sensebox_probability": 0.61, "match": "True" }, "geometry": { "type": "Point", "coordinates": [ 8.75925883589821, 47.200379830683453 ] } },
{ "type": "Feature", "properties": { "timestamp": "2026-05-02T12:20:11.998Z", "latitude": 47.200365032364772, "longitude": 8.7592018300216861, "BELAGSART": 100, "surface_classification_asphalt": 0.65, "surface_classification_compacted": 0.08, "surface_classification_paving": 0.27, "surface_classification_sett": 0.0, "surface_classification_standing": 0.0, "surface_swisstopo": "paved", "surface_sensebox": "paved", "surface_sensebox_probability": 0.65, "match": "True" }, "geometry": { "type": "Point", "coordinates": [ 8.759201838678212, 47.200365042406588 ] } },
{ "type": "Feature", "properties": { "timestamp": "2026-05-02T12:20:12.998Z", "latitude": 47.200353261691696, "longitude": 8.75914111943219, "BELAGSART": 100, "surface_classification_asphalt": null, "surface_classification_compacted": null, "surface_classification_paving": null, "surface_classification_sett": null, "surface_classification_standing": null, "surface_swisstopo": "paved", "surface_sensebox": "unknown", "surface_sensebox_probability": 0.0, "match": "Unknown" }, "geometry": { "type": "Point", "coordinates": [ 8.759141128088663, 47.200353271733505 ] } },
{ "type": "Feature", "properties": { "timestamp": "2026-05-02T12:20:13.998Z", "latitude": 47.200363961864845, "longitude": 8.7590705889791884, "BELAGSART": 100, "surface_classification_asphalt": null, "surface_classification_compacted": null, "surface_classification_paving": null, "surface_classification_sett": null, "surface_classification_standing": null, "surface_swisstopo": "paved", "surface_sensebox": "unknown", "surface_sensebox_probability": 0.0, "match": "Unknown" }, "geometry": { "type": "Point", "coordinates": [ 8.759070597635592, 47.20036397190659 ] } },
{ "type": "Feature", "properties": { "timestamp": "2026-05-02T12:20:14.998Z", "latitude": 47.200368004625197, "longitude": 8.7589906155813999, "BELAGSART": 100, "surface_classification_asphalt": 0.05, "surface_classification_compacted": 0.82, "surface_classification_paving": 0.09, "surface_classification_sett": 0.03, "surface_classification_standing": 0.0, "surface_swisstopo": "paved", "surface_sensebox": "nature", "surface_sensebox_probability": 0.82, "match": "False" }, "geometry": { "type": "Point", "coordinates": [ 8.758990624237725, 47.200368014667042 ] } },
{ "type": "Feature", "properties": { "timestamp": "2026-05-02T12:20:15.998Z", "latitude": 47.200331838213849, "longitude": 8.7589338304027873, "BELAGSART": 100, "surface_classification_asphalt": null, "surface_classification_compacted": null, "surface_classification_paving": null, "surface_classification_sett": null, "surface_classification_standing": null, "surface_swisstopo": "paved", "surface_sensebox": "unknown", "surface_sensebox_probability": 0.0, "match": "Unknown" }, "geometry": { "type": "Point", "coordinates": [ 8.758933839059074, 47.200331848255715 ] } },
{ "type": "Feature", "properties": { "timestamp": "2026-05-02T12:20:16.998Z", "latitude": 47.200312730732897, "longitude": 8.7588625662423762, "BELAGSART": 100, "surface_classification_asphalt": null, "surface_classification_compacted": null, "surface_classification_paving": null, "surface_classification_sett": null, "surface_classification_standing": null, "surface_swisstopo": "paved", "surface_sensebox": "unknown", "surface_sensebox_probability": 0.0, "match": "Unknown" }, "geometry": { "type": "Point", "coordinates": [ 8.758862574898597, 47.200312740774756 ] } },
{ "type": "Feature", "properties": { "timestamp": "2026-05-02T12:20:17.998Z", "latitude": 47.200299225577034, "longitude": 8.7587978020781989, "BELAGSART": 100, "surface_classification_asphalt": 0.04, "surface_classification_compacted": 0.87, "surface_classification_paving": 0.05, "surface_classification_sett": 0.04, "surface_classification_standing": 0.0, "surface_swisstopo": "paved", "surface_sensebox": "nature", "surface_sensebox_probability": 0.87, "match": "False" }, "geometry": { "type": "Point", "coordinates": [ 8.758797810734359, 47.200299235618914 ] } },
{ "type": "Feature", "properties": { "timestamp": "2026-05-02T12:20:18.998Z", "latitude": 47.200291040975429, "longitude": 8.7587344477770852, "BELAGSART": 100, "surface_classification_asphalt": null, "surface_classification_compacted": null, "surface_classification_paving": null, "surface_classification_sett": null, "surface_classification_standing": null, "surface_swisstopo": "paved", "surface_sensebox": "unknown", "surface_sensebox_probability": 0.0, "match": "Unknown" }, "geometry": { "type": "Point", "coordinates": [ 8.758734456433185, 47.200291051017345 ] } },
{ "type": "Feature", "properties": { "timestamp": "2026-05-02T12:20:19.998Z", "latitude": 47.20028244062587, "longitude": 8.7586798607327321, "BELAGSART": 100, "surface_classification_asphalt": null, "surface_classification_compacted": null, "surface_classification_paving": null, "surface_classification_sett": null, "surface_classification_standing": null, "surface_swisstopo": "paved", "surface_sensebox": "unknown", "surface_sensebox_probability": 0.0, "match": "Unknown" }, "geometry": { "type": "Point", "coordinates": [ 8.75867986938878, 47.200282450667771 ] } },
{ "type": "Feature", "properties": { "timestamp": "2026-05-02T12:20:20.998Z", "latitude": 47.200270775923585, "longitude": 8.7586308996536477, "BELAGSART": 100, "surface_classification_asphalt": 0.26, "surface_classification_compacted": 0.29, "surface_classification_paving": 0.45, "surface_classification_sett": 0.01, "surface_classification_standing": 0.0, "surface_swisstopo": "paved", "surface_sensebox": "unknown", "surface_sensebox_probability": 0.45, "match": "Unknown" }, "geometry": { "type": "Point", "coordinates": [ 8.758630908309655, 47.200270785965465 ] } },
{ "type": "Feature", "properties": { "timestamp": "2026-05-02T12:20:21.998Z", "latitude": 47.200258385589123, "longitude": 8.7585879232564867, "BELAGSART": 100, "surface_classification_asphalt": null, "surface_classification_compacted": null, "surface_classification_paving": null, "surface_classification_sett": null, "surface_classification_standing": null, "surface_swisstopo": "paved", "surface_sensebox": "unknown", "surface_sensebox_probability": 0.0, "match": "Unknown" }, "geometry": { "type": "Point", "coordinates": [ 8.758587931912455, 47.200258395631025 ] } },
{ "type": "Feature", "properties": { "timestamp": "2026-05-02T12:20:22.998Z", "latitude": 47.200255530908834, "longitude": 8.7585440028068486, "BELAGSART": 100, "surface_classification_asphalt": null, "surface_classification_compacted": null, "surface_classification_paving": null, "surface_classification_sett": null, "surface_classification_standing": null, "surface_swisstopo": "paved", "surface_sensebox": "unknown", "surface_sensebox_probability": 0.0, "match": "Unknown" }, "geometry": { "type": "Point", "coordinates": [ 8.758544011462778, 47.200255540950764 ] } },
{ "type": "Feature", "properties": { "timestamp": "2026-05-02T12:20:23.998Z", "latitude": 47.200250520974301, "longitude": 8.7584985508656015, "BELAGSART": 100, "surface_classification_asphalt": 0.07, "surface_classification_compacted": 0.86, "surface_classification_paving": 0.06, "surface_classification_sett": 0.01, "surface_classification_standing": 0.0, "surface_swisstopo": "paved", "surface_sensebox": "nature", "surface_sensebox_probability": 0.86, "match": "False" }, "geometry": { "type": "Point", "coordinates": [ 8.758498559521486, 47.200250531016216 ] } },
{ "type": "Feature", "properties": { "timestamp": "2026-05-02T12:20:24.998Z", "latitude": 47.200238013869487, "longitude": 8.7584575766184631, "BELAGSART": 100, "surface_classification_asphalt": null, "surface_classification_compacted": null, "surface_classification_paving": null, "surface_classification_sett": null, "surface_classification_standing": null, "surface_swisstopo": "paved", "surface_sensebox": "unknown", "surface_sensebox_probability": 0.0, "match": "Unknown" }, "geometry": { "type": "Point", "coordinates": [ 8.758457585274316, 47.200238023911425 ] } },
{ "type": "Feature", "properties": { "timestamp": "2026-05-02T12:20:25.998Z", "latitude": 47.200225731315065, "longitude": 8.7583988567701354, "BELAGSART": 100, "surface_classification_asphalt": 0.04, "surface_classification_compacted": 0.93, "surface_classification_paving": 0.03, "surface_classification_sett": 0.0, "surface_classification_standing": 0.0, "surface_swisstopo": "paved", "surface_sensebox": "nature", "surface_sensebox_probability": 0.93, "match": "False" }, "geometry": { "type": "Point", "coordinates": [ 8.758398865425935, 47.200225741357009 ] } },
{ "type": "Feature", "properties": { "timestamp": "2026-05-02T12:20:26.998Z", "latitude": 47.200220483323378, "longitude": 8.7583350501910875, "BELAGSART": 100, "surface_classification_asphalt": null, "surface_classification_compacted": null, "surface_classification_paving": null, "surface_classification_sett": null, "surface_classification_standing": null, "surface_swisstopo": "paved", "surface_sensebox": "unknown", "surface_sensebox_probability": 0.0, "match": "Unknown" }, "geometry": { "type": "Point", "coordinates": [ 8.75833505884683, 47.200220493365343 ] } },
{ "type": "Feature", "properties": { "timestamp": "2026-05-02T12:20:27.998Z", "latitude": 47.20023892581294, "longitude": 8.7582691522865446, "BELAGSART": 100, "surface_classification_asphalt": null, "surface_classification_compacted": null, "surface_classification_paving": null, "surface_classification_sett": null, "surface_classification_standing": null, "surface_swisstopo": "paved", "surface_sensebox": "unknown", "surface_sensebox_probability": 0.0, "match": "Unknown" }, "geometry": { "type": "Point", "coordinates": [ 8.758269160942216, 47.200238935854912 ] } },
{ "type": "Feature", "properties": { "timestamp": "2026-05-02T12:20:28.998Z", "latitude": 47.200201332196201, "longitude": 8.7582134475227846, "BELAGSART": 100, "surface_classification_asphalt": 0.1, "surface_classification_compacted": 0.59, "surface_classification_paving": 0.3, "surface_classification_sett": 0.01, "surface_classification_standing": 0.0, "surface_swisstopo": "paved", "surface_sensebox": "nature", "surface_sensebox_probability": 0.59, "match": "False" }, "geometry": { "type": "Point", "coordinates": [ 8.758213456178416, 47.200201342238188 ] } },
{ "type": "Feature", "properties": { "timestamp": "2026-05-02T12:20:29.998Z", "latitude": 47.200194516389722, "longitude": 8.7581506742912456, "BELAGSART": 100, "surface_classification_asphalt": null, "surface_classification_compacted": null, "surface_classification_paving": null, "surface_classification_sett": null, "surface_classification_standing": null, "surface_swisstopo": "paved", "surface_sensebox": "unknown", "surface_sensebox_probability": 0.0, "match": "Unknown" }, "geometry": { "type": "Point", "coordinates": [ 8.758150682946814, 47.200194526431744 ] } },
{ "type": "Feature", "properties": { "timestamp": "2026-05-02T12:20:30.998Z", "latitude": 47.200183690220001, "longitude": 8.7580960114737696, "BELAGSART": 100, "surface_classification_asphalt": null, "surface_classification_compacted": null, "surface_classification_paving": null, "surface_classification_sett": null, "surface_classification_standing": null, "surface_swisstopo": "paved", "surface_sensebox": "unknown", "surface_sensebox_probability": 0.0, "match": "Unknown" }, "geometry": { "type": "Point", "coordinates": [ 8.758096020129292, 47.200183700262031 ] } },
{ "type": "Feature", "properties": { "timestamp": "2026-05-02T12:20:31.998Z", "latitude": 47.200176401132452, "longitude": 8.7580470229818737, "BELAGSART": 100, "surface_classification_asphalt": 0.81, "surface_classification_compacted": 0.03, "surface_classification_paving": 0.14, "surface_classification_sett": 0.0, "surface_classification_standing": 0.03, "surface_swisstopo": "paved", "surface_sensebox": "paved", "surface_sensebox_probability": 0.81, "match": "True" }, "geometry": { "type": "Point", "coordinates": [ 8.758047031637345, 47.200176411174496 ] } },
{ "type": "Feature", "properties": { "timestamp": "2026-05-02T12:20:32.998Z", "latitude": 47.20018356670105, "longitude": 8.7579925488302219, "BELAGSART": 100, "surface_classification_asphalt": null, "surface_classification_compacted": null, "surface_classification_paving": null, "surface_classification_sett": null, "surface_classification_standing": null, "surface_swisstopo": "paved", "surface_sensebox": "unknown", "surface_sensebox_probability": 0.0, "match": "Unknown" }, "geometry": { "type": "Point", "coordinates": [ 8.757992557485647, 47.200183576743093 ] } },
{ "type": "Feature", "properties": { "timestamp": "2026-05-02T12:20:33.998Z", "latitude": 47.200180920186703, "longitude": 8.7579461948155171, "BELAGSART": 100, "surface_classification_asphalt": null, "surface_classification_compacted": null, "surface_classification_paving": null, "surface_classification_sett": null, "surface_classification_standing": null, "surface_swisstopo": "paved", "surface_sensebox": "unknown", "surface_sensebox_probability": 0.0, "match": "Unknown" }, "geometry": { "type": "Point", "coordinates": [ 8.757946203470892, 47.200180930228797 ] } },
{ "type": "Feature", "properties": { "timestamp": "2026-05-02T12:20:34.998Z", "latitude": 47.200174081244292, "longitude": 8.7579050575104596, "BELAGSART": 100, "surface_classification_asphalt": 0.7, "surface_classification_compacted": 0.03, "surface_classification_paving": 0.26, "surface_classification_sett": 0.0, "surface_classification_standing": 0.01, "surface_swisstopo": "paved", "surface_sensebox": "paved", "surface_sensebox_probability": 0.7, "match": "True" }, "geometry": { "type": "Point", "coordinates": [ 8.757905066165801, 47.200174091286385 ] } },
{ "type": "Feature", "properties": { "timestamp": "2026-05-02T12:20:35.998Z", "latitude": 47.200169448418784, "longitude": 8.7578633292504762, "BELAGSART": 100, "surface_classification_asphalt": null, "surface_classification_compacted": null, "surface_classification_paving": null, "surface_classification_sett": null, "surface_classification_standing": null, "surface_swisstopo": "paved", "surface_sensebox": "unknown", "surface_sensebox_probability": 0.0, "match": "Unknown" }, "geometry": { "type": "Point", "coordinates": [ 8.757863337905778, 47.200169458460856 ] } },
{ "type": "Feature", "properties": { "timestamp": "2026-05-02T12:20:36.998Z", "latitude": 47.200165193860471, "longitude": 8.757825488906045, "BELAGSART": 100, "surface_classification_asphalt": null, "surface_classification_compacted": null, "surface_classification_paving": null, "surface_classification_sett": null, "surface_classification_standing": null, "surface_swisstopo": "paved", "surface_sensebox": "unknown", "surface_sensebox_probability": 0.0, "match": "Unknown" }, "geometry": { "type": "Point", "coordinates": [ 8.757825497561312, 47.200165203902564 ] } },
{ "type": "Feature", "properties": { "timestamp": "2026-05-02T12:20:37.998Z", "latitude": 47.200171995617112, "longitude": 8.7577810997572207, "BELAGSART": 100, "surface_classification_asphalt": 0.77, "surface_classification_compacted": 0.12, "surface_classification_paving": 0.11, "surface_classification_sett": 0.0, "surface_classification_standing": 0.0, "surface_swisstopo": "paved", "surface_sensebox": "paved", "surface_sensebox_probability": 0.77, "match": "True" }, "geometry": { "type": "Point", "coordinates": [ 8.757781108412441, 47.200172005659233 ] } },
{ "type": "Feature", "properties": { "timestamp": "2026-05-02T12:20:38.998Z", "latitude": 47.200176518097713, "longitude": 8.7577419466469379, "BELAGSART": 100, "surface_classification_asphalt": null, "surface_classification_compacted": null, "surface_classification_paving": null, "surface_classification_sett": null, "surface_classification_standing": null, "surface_swisstopo": "paved", "surface_sensebox": "unknown", "surface_sensebox_probability": 0.0, "match": "Unknown" }, "geometry": { "type": "Point", "coordinates": [ 8.757741955302121, 47.200176528139863 ] } },
{ "type": "Feature", "properties": { "timestamp": "2026-05-02T12:20:39.998Z", "latitude": 47.200171402276865, "longitude": 8.7577113354655349, "BELAGSART": 100, "surface_classification_asphalt": null, "surface_classification_compacted": null, "surface_classification_paving": null, "surface_classification_sett": null, "surface_classification_standing": null, "surface_swisstopo": "paved", "surface_sensebox": "unknown", "surface_sensebox_probability": 0.0, "match": "Unknown" }, "geometry": { "type": "Point", "coordinates": [ 8.757711344120688, 47.200171412318987 ] } },
{ "type": "Feature", "properties": { "timestamp": "2026-05-02T12:20:40.998Z", "latitude": 47.200167167945892, "longitude": 8.7576799450824794, "BELAGSART": 100, "surface_classification_asphalt": 0.56, "surface_classification_compacted": 0.0, "surface_classification_paving": 0.15, "surface_classification_sett": 0.0, "surface_classification_standing": 0.29, "surface_swisstopo": "paved", "surface_sensebox": "paved", "surface_sensebox_probability": 0.56, "match": "True" }, "geometry": { "type": "Point", "coordinates": [ 8.757679953737606, 47.200167177988043 ] } },
{ "type": "Feature", "properties": { "timestamp": "2026-05-02T12:20:41.998Z", "latitude": 47.200164631818893, "longitude": 8.7576508230281469, "BELAGSART": 100, "surface_classification_asphalt": null, "surface_classification_compacted": null, "surface_classification_paving": null, "surface_classification_sett": null, "surface_classification_standing": null, "surface_swisstopo": "paved", "surface_sensebox": "unknown", "surface_sensebox_probability": 0.0, "match": "Unknown" }, "geometry": { "type": "Point", "coordinates": [ 8.757650831683241, 47.200164641861065 ] } },
{ "type": "Feature", "properties": { "timestamp": "2026-05-02T12:20:42.998Z", "latitude": 47.20015941463852, "longitude": 8.7576267174245395, "BELAGSART": 100, "surface_classification_asphalt": 0.47, "surface_classification_compacted": 0.0, "surface_classification_paving": 0.11, "surface_classification_sett": 0.0, "surface_classification_standing": 0.42, "surface_swisstopo": "paved", "surface_sensebox": "unknown", "surface_sensebox_probability": 0.47, "match": "Unknown" }, "geometry": { "type": "Point", "coordinates": [ 8.757626726079616, 47.20015942468067 ] } },
{ "type": "Feature", "properties": { "timestamp": "2026-05-02T12:20:43.998Z", "latitude": 47.200159193404915, "longitude": 8.7576059554446015, "BELAGSART": 100, "surface_classification_asphalt": null, "surface_classification_compacted": null, "surface_classification_paving": null, "surface_classification_sett": null, "surface_classification_standing": null, "surface_swisstopo": "paved", "surface_sensebox": "unknown", "surface_sensebox_probability": 0.0, "match": "Unknown" }, "geometry": { "type": "Point", "coordinates": [ 8.757605964099659, 47.200159203447065 ] } },
{ "type": "Feature", "properties": { "timestamp": "2026-05-02T12:20:44.998Z", "latitude": 47.200150677316458, "longitude": 8.7575705942328579, "BELAGSART": 100, "surface_classification_asphalt": null, "surface_classification_compacted": null, "surface_classification_paving": null, "surface_classification_sett": null, "surface_classification_standing": null, "surface_swisstopo": "paved", "surface_sensebox": "unknown", "surface_sensebox_probability": 0.0, "match": "Unknown" }, "geometry": { "type": "Point", "coordinates": [ 8.757570602887879, 47.200150687358637 ] } },
{ "type": "Feature", "properties": { "timestamp": "2026-05-02T12:20:45.998Z", "latitude": 47.200146145445245, "longitude": 8.7575374512303767, "BELAGSART": 100, "surface_classification_asphalt": 0.95, "surface_classification_compacted": 0.0, "surface_classification_paving": 0.02, "surface_classification_sett": 0.0, "surface_classification_standing": 0.02, "surface_swisstopo": "paved", "surface_sensebox": "paved", "surface_sensebox_probability": 0.95, "match": "True" }, "geometry": { "type": "Point", "coordinates": [ 8.757537459885373, 47.200146155487445 ] } },
{ "type": "Feature", "properties": { "timestamp": "2026-05-02T12:20:46.998Z", "latitude": 47.200128332628779, "longitude": 8.7575010718610482, "BELAGSART": 100, "surface_classification_asphalt": null, "surface_classification_compacted": null, "surface_classification_paving": null, "surface_classification_sett": null, "surface_classification_standing": null, "surface_swisstopo": "paved", "surface_sensebox": "unknown", "surface_sensebox_probability": 0.0, "match": "Unknown" }, "geometry": { "type": "Point", "coordinates": [ 8.757501080516013, 47.200128342670986 ] } },
{ "type": "Feature", "properties": { "timestamp": "2026-05-02T12:20:47.998Z", "latitude": 47.200128823060503, "longitude": 8.757454328461705, "BELAGSART": 100, "surface_classification_asphalt": null, "surface_classification_compacted": null, "surface_classification_paving": null, "surface_classification_sett": null, "surface_classification_standing": null, "surface_swisstopo": "paved", "surface_sensebox": "unknown", "surface_sensebox_probability": 0.0, "match": "Unknown" }, "geometry": { "type": "Point", "coordinates": [ 8.757454337116627, 47.200128833102703 ] } },
{ "type": "Feature", "properties": { "timestamp": "2026-05-02T12:20:48.998Z", "latitude": 47.200120570492253, "longitude": 8.7574051306329359, "BELAGSART": 100, "surface_classification_asphalt": 0.73, "surface_classification_compacted": 0.08, "surface_classification_paving": 0.19, "surface_classification_sett": 0.0, "surface_classification_standing": 0.0, "surface_swisstopo": "paved", "surface_sensebox": "paved", "surface_sensebox_probability": 0.73, "match": "True" }, "geometry": { "type": "Point", "coordinates": [ 8.757405139287817, 47.200120580534467 ] } },
{ "type": "Feature", "properties": { "timestamp": "2026-05-02T12:20:49.998Z", "latitude": 47.200104929273913, "longitude": 8.7573560831277621, "BELAGSART": 100, "surface_classification_asphalt": null, "surface_classification_compacted": null, "surface_classification_paving": null, "surface_classification_sett": null, "surface_classification_standing": null, "surface_swisstopo": "paved", "surface_sensebox": "unknown", "surface_sensebox_probability": 0.0, "match": "Unknown" }, "geometry": { "type": "Point", "coordinates": [ 8.757356091782595, 47.200104939316127 ] } },
{ "type": "Feature", "properties": { "timestamp": "2026-05-02T12:20:51.997Z", "latitude": 47.200111433548813, "longitude": 8.7572280274254641, "BELAGSART": 100, "surface_classification_asphalt": 0.14, "surface_classification_compacted": 0.76, "surface_classification_paving": 0.07, "surface_classification_sett": 0.04, "surface_classification_standing": 0.0, "surface_swisstopo": "paved", "surface_sensebox": "nature", "surface_sensebox_probability": 0.76, "match": "False" }, "geometry": { "type": "Point", "coordinates": [ 8.757228036080171, 47.200111443591098 ] } },
{ "type": "Feature", "properties": { "timestamp": "2026-05-02T12:20:52.997Z", "latitude": 47.200091901770897, "longitude": 8.7571674651564297, "BELAGSART": 100, "surface_classification_asphalt": null, "surface_classification_compacted": null, "surface_classification_paving": null, "surface_classification_sett": null, "surface_classification_standing": null, "surface_swisstopo": "paved", "surface_sensebox": "unknown", "surface_sensebox_probability": 0.0, "match": "Unknown" }, "geometry": { "type": "Point", "coordinates": [ 8.757167473811087, 47.200091911813161 ] } },
{ "type": "Feature", "properties": { "timestamp": "2026-05-02T12:20:53.997Z", "latitude": 47.200084415365545, "longitude": 8.7570955368590901, "BELAGSART": 100, "surface_classification_asphalt": null, "surface_classification_compacted": null, "surface_classification_paving": null, "surface_classification_sett": null, "surface_classification_standing": null, "surface_swisstopo": "paved", "surface_sensebox": "unknown", "surface_sensebox_probability": 0.0, "match": "Unknown" }, "geometry": { "type": "Point", "coordinates": [ 8.757095545513675, 47.200084425407823 ] } },
{ "type": "Feature", "properties": { "timestamp": "2026-05-02T12:20:54.997Z", "latitude": 47.200086629927725, "longitude": 8.7570224061456994, "BELAGSART": 100, "surface_classification_asphalt": 0.07, "surface_classification_compacted": 0.68, "surface_classification_paving": 0.18, "surface_classification_sett": 0.08, "surface_classification_standing": 0.0, "surface_swisstopo": "paved", "surface_sensebox": "nature", "surface_sensebox_probability": 0.68, "match": "False" }, "geometry": { "type": "Point", "coordinates": [ 8.757022414800213, 47.200086639970031 ] } },
{ "type": "Feature", "properties": { "timestamp": "2026-05-02T12:20:55.997Z", "latitude": 47.200084556030703, "longitude": 8.7569493259595568, "BELAGSART": 100, "surface_classification_asphalt": null, "surface_classification_compacted": null, "surface_classification_paving": null, "surface_classification_sett": null, "surface_classification_standing": null, "surface_swisstopo": "paved", "surface_sensebox": "unknown", "surface_sensebox_probability": 0.0, "match": "Unknown" }, "geometry": { "type": "Point", "coordinates": [ 8.756949334614008, 47.200084566073066 ] } },
{ "type": "Feature", "properties": { "timestamp": "2026-05-02T12:20:56.997Z", "latitude": 47.200071462730349, "longitude": 8.7568783450771495, "BELAGSART": 100, "surface_classification_asphalt": 0.04, "surface_classification_compacted": 0.57, "surface_classification_paving": 0.03, "surface_classification_sett": 0.36, "surface_classification_standing": 0.0, "surface_swisstopo": "paved", "surface_sensebox": "nature", "surface_sensebox_probability": 0.57, "match": "False" }, "geometry": { "type": "Point", "coordinates": [ 8.756878353731528, 47.200071472772713 ] } },
{ "type": "Feature", "properties": { "timestamp": "2026-05-02T12:20:57.997Z", "latitude": 47.200065999645027, "longitude": 8.7568167133384716, "BELAGSART": 100, "surface_classification_asphalt": null, "surface_classification_compacted": null, "surface_classification_paving": null, "surface_classification_sett": null, "surface_classification_standing": null, "surface_swisstopo": "paved", "surface_sensebox": "unknown", "surface_sensebox_probability": 0.0, "match": "Unknown" }, "geometry": { "type": "Point", "coordinates": [ 8.7568167219928, 47.200066009687397 ] } },
{ "type": "Feature", "properties": { "timestamp": "2026-05-02T12:20:58.997Z", "latitude": 47.2000680930567, "longitude": 8.7567607545372201, "BELAGSART": 100, "surface_classification_asphalt": null, "surface_classification_compacted": null, "surface_classification_paving": null, "surface_classification_sett": null, "surface_classification_standing": null, "surface_swisstopo": "paved", "surface_sensebox": "unknown", "surface_sensebox_probability": 0.0, "match": "Unknown" }, "geometry": { "type": "Point", "coordinates": [ 8.756760763191494, 47.200068103099092 ] } },
{ "type": "Feature", "properties": { "timestamp": "2026-05-02T12:20:59.997Z", "latitude": 47.200071086713997, "longitude": 8.756702705435023, "BELAGSART": 100, "surface_classification_asphalt": 0.14, "surface_classification_compacted": 0.78, "surface_classification_paving": 0.06, "surface_classification_sett": 0.02, "surface_classification_standing": 0.0, "surface_swisstopo": "paved", "surface_sensebox": "nature", "surface_sensebox_probability": 0.78, "match": "False" }, "geometry": { "type": "Point", "coordinates": [ 8.756702714089242, 47.200071096756425 ] } },
{ "type": "Feature", "properties": { "timestamp": "2026-05-02T12:21:00.997Z", "latitude": 47.200063483722055, "longitude": 8.7566566205414524, "BELAGSART": 100, "surface_classification_asphalt": null, "surface_classification_compacted": null, "surface_classification_paving": null, "surface_classification_sett": null, "surface_classification_standing": null, "surface_swisstopo": "paved", "surface_sensebox": "unknown", "surface_sensebox_probability": 0.0, "match": "Unknown" }, "geometry": { "type": "Point", "coordinates": [ 8.756656629195627, 47.200063493764439 ] } },
{ "type": "Feature", "properties": { "timestamp": "2026-05-02T12:21:01.997Z", "latitude": 47.200057127160456, "longitude": 8.7566120591780745, "BELAGSART": 100, "surface_classification_asphalt": null, "surface_classification_compacted": null, "surface_classification_paving": null, "surface_classification_sett": null, "surface_classification_standing": null, "surface_swisstopo": "paved", "surface_sensebox": "unknown", "surface_sensebox_probability": 0.0, "match": "Unknown" }, "geometry": { "type": "Point", "coordinates": [ 8.756612067832203, 47.200057137202862 ] } },
{ "type": "Feature", "properties": { "timestamp": "2026-05-02T12:21:02.997Z", "latitude": 47.200048782464322, "longitude": 8.7565685119160772, "BELAGSART": 100, "surface_classification_asphalt": 0.14, "surface_classification_compacted": 0.68, "surface_classification_paving": 0.18, "surface_classification_sett": 0.0, "surface_classification_standing": 0.0, "surface_swisstopo": "paved", "surface_sensebox": "nature", "surface_sensebox_probability": 0.68, "match": "False" }, "geometry": { "type": "Point", "coordinates": [ 8.756568520570173, 47.200048792506756 ] } },
{ "type": "Feature", "properties": { "timestamp": "2026-05-02T12:21:03.997Z", "latitude": 47.200045330860718, "longitude": 8.7565328783075778, "BELAGSART": 100, "surface_classification_asphalt": null, "surface_classification_compacted": null, "surface_classification_paving": null, "surface_classification_sett": null, "surface_classification_standing": null, "surface_swisstopo": "paved", "surface_sensebox": "unknown", "surface_sensebox_probability": 0.0, "match": "Unknown" }, "geometry": { "type": "Point", "coordinates": [ 8.756532886961637, 47.200045340903166 ] } },
{ "type": "Feature", "properties": { "timestamp": "2026-05-02T12:21:04.997Z", "latitude": 47.200043260358754, "longitude": 8.7565003967834709, "BELAGSART": 100, "surface_classification_asphalt": null, "surface_classification_compacted": null, "surface_classification_paving": null, "surface_classification_sett": null, "surface_classification_standing": null, "surface_swisstopo": "paved", "surface_sensebox": "unknown", "surface_sensebox_probability": 0.0, "match": "Unknown" }, "geometry": { "type": "Point", "coordinates": [ 8.756500405437507, 47.200043270401245 ] } },
{ "type": "Feature", "properties": { "timestamp": "2026-05-02T12:21:05.997Z", "latitude": 47.200036963932249, "longitude": 8.7564378924789388, "BELAGSART": 100, "surface_classification_asphalt": 0.23, "surface_classification_compacted": 0.69, "surface_classification_paving": 0.06, "surface_classification_sett": 0.03, "surface_classification_standing": 0.0, "surface_swisstopo": "paved", "surface_sensebox": "nature", "surface_sensebox_probability": 0.69, "match": "False" }, "geometry": { "type": "Point", "coordinates": [ 8.756437901132909, 47.200036973974711 ] } },
{ "type": "Feature", "properties": { "timestamp": "2026-05-02T12:21:06.997Z", "latitude": 47.200041930637681, "longitude": 8.756386324726126, "BELAGSART": 100, "surface_classification_asphalt": null, "surface_classification_compacted": null, "surface_classification_paving": null, "surface_classification_sett": null, "surface_classification_standing": null, "surface_swisstopo": "paved", "surface_sensebox": "unknown", "surface_sensebox_probability": 0.0, "match": "Unknown" }, "geometry": { "type": "Point", "coordinates": [ 8.756386333380048, 47.200041940680158 ] } },
{ "type": "Feature", "properties": { "timestamp": "2026-05-02T12:21:07.997Z", "latitude": 47.200040065589612, "longitude": 8.7563318231401421, "BELAGSART": 100, "surface_classification_asphalt": null, "surface_classification_compacted": null, "surface_classification_paving": null, "surface_classification_sett": null, "surface_classification_standing": null, "surface_swisstopo": "paved", "surface_sensebox": "unknown", "surface_sensebox_probability": 0.0, "match": "Unknown" }, "geometry": { "type": "Point", "coordinates": [ 8.756331831794011, 47.200040075632131 ] } },
{ "type": "Feature", "properties": { "timestamp": "2026-05-02T12:21:08.997Z", "latitude": 47.200025203247677, "longitude": 8.7562709487640671, "BELAGSART": 100, "surface_classification_asphalt": 0.32, "surface_classification_compacted": 0.56, "surface_classification_paving": 0.11, "surface_classification_sett": 0.01, "surface_classification_standing": 0.0, "surface_swisstopo": "paved", "surface_sensebox": "nature", "surface_sensebox_probability": 0.56, "match": "False" }, "geometry": { "type": "Point", "coordinates": [ 8.756270957417879, 47.200025213290232 ] } },
{ "type": "Feature", "properties": { "timestamp": "2026-05-02T12:21:09.997Z", "latitude": 47.200017130511874, "longitude": 8.7561933207705085, "BELAGSART": 100, "surface_classification_asphalt": null, "surface_classification_compacted": null, "surface_classification_paving": null, "surface_classification_sett": null, "surface_classification_standing": null, "surface_swisstopo": "paved", "surface_sensebox": "unknown", "surface_sensebox_probability": 0.0, "match": "Unknown" }, "geometry": { "type": "Point", "coordinates": [ 8.756193329424255, 47.200017140554422 ] } },
{ "type": "Feature", "properties": { "timestamp": "2026-05-02T12:21:10.997Z", "latitude": 47.200014128373155, "longitude": 8.7561302512737686, "BELAGSART": 100, "surface_classification_asphalt": 0.05, "surface_classification_compacted": 0.34, "surface_classification_paving": 0.6, "surface_classification_sett": 0.01, "surface_classification_standing": 0.0, "surface_swisstopo": "paved", "surface_sensebox": "paved", "surface_sensebox_probability": 0.6, "match": "True" }, "geometry": { "type": "Point", "coordinates": [ 8.756130259927447, 47.200014138415682 ] } },
{ "type": "Feature", "properties": { "timestamp": "2026-05-02T12:21:11.997Z", "latitude": 47.200013467271035, "longitude": 8.7560526540721852, "BELAGSART": 100, "surface_classification_asphalt": null, "surface_classification_compacted": null, "surface_classification_paving": null, "surface_classification_sett": null, "surface_classification_standing": null, "surface_swisstopo": "paved", "surface_sensebox": "unknown", "surface_sensebox_probability": 0.0, "match": "Unknown" }, "geometry": { "type": "Point", "coordinates": [ 8.756052662725793, 47.200013477313611 ] } },
{ "type": "Feature", "properties": { "timestamp": "2026-05-02T12:21:12.997Z", "latitude": 47.200019212087234, "longitude": 8.7559981703335854, "BELAGSART": 100, "surface_classification_asphalt": null, "surface_classification_compacted": null, "surface_classification_paving": null, "surface_classification_sett": null, "surface_classification_standing": null, "surface_swisstopo": "paved", "surface_sensebox": "unknown", "surface_sensebox_probability": 0.0, "match": "Unknown" }, "geometry": { "type": "Point", "coordinates": [ 8.755998178987138, 47.200019222129804 ] } },
{ "type": "Feature", "properties": { "timestamp": "2026-05-02T12:21:13.997Z", "latitude": 47.200012755738037, "longitude": 8.7559426263401026, "BELAGSART": 100, "surface_classification_asphalt": 0.05, "surface_classification_compacted": 0.79, "surface_classification_paving": 0.15, "surface_classification_sett": 0.02, "surface_classification_standing": 0.0, "surface_swisstopo": "paved", "surface_sensebox": "nature", "surface_sensebox_probability": 0.79, "match": "False" }, "geometry": { "type": "Point", "coordinates": [ 8.755942634993602, 47.20001276578062 ] } },
{ "type": "Feature", "properties": { "timestamp": "2026-05-02T12:21:14.997Z", "latitude": 47.20001056745668, "longitude": 8.7558900129386981, "BELAGSART": 100, "surface_classification_asphalt": null, "surface_classification_compacted": null, "surface_classification_paving": null, "surface_classification_sett": null, "surface_classification_standing": null, "surface_swisstopo": "paved", "surface_sensebox": "unknown", "surface_sensebox_probability": 0.0, "match": "Unknown" }, "geometry": { "type": "Point", "coordinates": [ 8.755890021592151, 47.200010577499278 ] } },
{ "type": "Feature", "properties": { "timestamp": "2026-05-02T12:21:15.997Z", "latitude": 47.20000224607147, "longitude": 8.7558454688317351, "BELAGSART": 100, "surface_classification_asphalt": null, "surface_classification_compacted": null, "surface_classification_paving": null, "surface_classification_sett": null, "surface_classification_standing": null, "surface_swisstopo": "paved", "surface_sensebox": "unknown", "surface_sensebox_probability": 0.0, "match": "Unknown" }, "geometry": { "type": "Point", "coordinates": [ 8.755845477485146, 47.200002256114097 ] } },
{ "type": "Feature", "properties": { "timestamp": "2026-05-02T12:21:16.997Z", "latitude": 47.200006884450417, "longitude": 8.7557975471330973, "BELAGSART": 100, "surface_classification_asphalt": 0.08, "surface_classification_compacted": 0.6, "surface_classification_paving": 0.3, "surface_classification_sett": 0.02, "surface_classification_standing": 0.0, "surface_swisstopo": "paved", "surface_sensebox": "nature", "surface_sensebox_probability": 0.6, "match": "False" }, "geometry": { "type": "Point", "coordinates": [ 8.755797555786462, 47.200006894493065 ] } },
{ "type": "Feature", "properties": { "timestamp": "2026-05-02T12:21:17.997Z", "latitude": 47.200007426782761, "longitude": 8.7557504969705082, "BELAGSART": 100, "surface_classification_asphalt": null, "surface_classification_compacted": null, "surface_classification_paving": null, "surface_classification_sett": null, "surface_classification_standing": null, "surface_swisstopo": "paved", "surface_sensebox": "unknown", "surface_sensebox_probability": 0.0, "match": "Unknown" }, "geometry": { "type": "Point", "coordinates": [ 8.755750505623823, 47.200007436825416 ] } },
{ "type": "Feature", "properties": { "timestamp": "2026-05-02T12:21:18.997Z", "latitude": 47.199999364519023, "longitude": 8.7556993492223167, "BELAGSART": 100, "surface_classification_asphalt": null, "surface_classification_compacted": null, "surface_classification_paving": null, "surface_classification_sett": null, "surface_classification_standing": null, "surface_swisstopo": "paved", "surface_sensebox": "unknown", "surface_sensebox_probability": 0.0, "match": "Unknown" }, "geometry": { "type": "Point", "coordinates": [ 8.755699357875585, 47.19999937456172 ] } },
{ "type": "Feature", "properties": { "timestamp": "2026-05-02T12:21:20.000Z", "latitude": 47.200000709764893, "longitude": 8.7556344849615453, "BELAGSART": 100, "surface_classification_asphalt": 0.01, "surface_classification_compacted": 0.96, "surface_classification_paving": 0.02, "surface_classification_sett": 0.0, "surface_classification_standing": 0.0, "surface_swisstopo": "paved", "surface_sensebox": "nature", "surface_sensebox_probability": 0.96, "match": "False" }, "geometry": { "type": "Point", "coordinates": [ 8.755634493614757, 47.200000719807591 ] } },
{ "type": "Feature", "properties": { "timestamp": "2026-05-02T12:21:21.000Z", "latitude": 47.199996849303346, "longitude": 8.7555754232492351, "BELAGSART": 100, "surface_classification_asphalt": null, "surface_classification_compacted": null, "surface_classification_paving": null, "surface_classification_sett": null, "surface_classification_standing": null, "surface_swisstopo": "paved", "surface_sensebox": "unknown", "surface_sensebox_probability": 0.0, "match": "Unknown" }, "geometry": { "type": "Point", "coordinates": [ 8.755575431902386, 47.199996859346058 ] } },
{ "type": "Feature", "properties": { "timestamp": "2026-05-02T12:21:22.000Z", "latitude": 47.200000866332282, "longitude": 8.7555105209777579, "BELAGSART": 100, "surface_classification_asphalt": null, "surface_classification_compacted": null, "surface_classification_paving": null, "surface_classification_sett": null, "surface_classification_standing": null, "surface_swisstopo": "paved", "surface_sensebox": "unknown", "surface_sensebox_probability": 0.0, "match": "Unknown" }, "geometry": { "type": "Point", "coordinates": [ 8.755510529630845, 47.200000876375 ] } },
{ "type": "Feature", "properties": { "timestamp": "2026-05-02T12:21:23.000Z", "latitude": 47.199999006052643, "longitude": 8.7554361996874697, "BELAGSART": 100, "surface_classification_asphalt": 0.03, "surface_classification_compacted": 0.95, "surface_classification_paving": 0.02, "surface_classification_sett": 0.0, "surface_classification_standing": 0.0, "surface_swisstopo": "paved", "surface_sensebox": "nature", "surface_sensebox_probability": 0.95, "match": "False" }, "geometry": { "type": "Point", "coordinates": [ 8.755436208340488, 47.199999016095397 ] } },
{ "type": "Feature", "properties": { "timestamp": "2026-05-02T12:21:24.000Z", "latitude": 47.199998151755977, "longitude": 8.7553617955461949, "BELAGSART": 100, "surface_classification_asphalt": null, "surface_classification_compacted": null, "surface_classification_paving": null, "surface_classification_sett": null, "surface_classification_standing": null, "surface_swisstopo": "paved", "surface_sensebox": "unknown", "surface_sensebox_probability": 0.0, "match": "Unknown" }, "geometry": { "type": "Point", "coordinates": [ 8.755361804199143, 47.199998161798753 ] } },
{ "type": "Feature", "properties": { "timestamp": "2026-05-02T12:21:25.000Z", "latitude": 47.199998952160215, "longitude": 8.7552920553201119, "BELAGSART": 100, "surface_classification_asphalt": 0.11, "surface_classification_compacted": 0.77, "surface_classification_paving": 0.11, "surface_classification_sett": 0.0, "surface_classification_standing": 0.0, "surface_swisstopo": "paved", "surface_sensebox": "nature", "surface_sensebox_probability": 0.77, "match": "False" }, "geometry": { "type": "Point", "coordinates": [ 8.755292063972991, 47.199998962203018 ] } },
{ "type": "Feature", "properties": { "timestamp": "2026-05-02T12:21:26.000Z", "latitude": 47.199999047032321, "longitude": 8.7552306016641186, "BELAGSART": 100, "surface_classification_asphalt": null, "surface_classification_compacted": null, "surface_classification_paving": null, "surface_classification_sett": null, "surface_classification_standing": null, "surface_swisstopo": "paved", "surface_sensebox": "unknown", "surface_sensebox_probability": 0.0, "match": "Unknown" }, "geometry": { "type": "Point", "coordinates": [ 8.755230610316941, 47.199999057075146 ] } },
{ "type": "Feature", "properties": { "timestamp": "2026-05-02T12:21:27.000Z", "latitude": 47.199992816623578, "longitude": 8.7551659737928347, "BELAGSART": 100, "surface_classification_asphalt": null, "surface_classification_compacted": null, "surface_classification_paving": null, "surface_classification_sett": null, "surface_classification_standing": null, "surface_swisstopo": "paved", "surface_sensebox": "unknown", "surface_sensebox_probability": 0.0, "match": "Unknown" }, "geometry": { "type": "Point", "coordinates": [ 8.755165982445591, 47.199992826666424 ] } },
{ "type": "Feature", "properties": { "timestamp": "2026-05-02T12:21:28.000Z", "latitude": 47.199990780181899, "longitude": 8.7551068616937293, "BELAGSART": 100, "surface_classification_asphalt": 0.2, "surface_classification_compacted": 0.38, "surface_classification_paving": 0.16, "surface_classification_sett": 0.27, "surface_classification_standing": 0.0, "surface_swisstopo": "paved", "surface_sensebox": "unknown", "surface_sensebox_probability": 0.38, "match": "Unknown" }, "geometry": { "type": "Point", "coordinates": [ 8.755106870346433, 47.199990790224753 ] } },
{ "type": "Feature", "properties": { "timestamp": "2026-05-02T12:21:29.000Z", "latitude": 47.199986164993263, "longitude": 8.7550465281867318, "BELAGSART": 100, "surface_classification_asphalt": null, "surface_classification_compacted": null, "surface_classification_paving": null, "surface_classification_sett": null, "surface_classification_standing": null, "surface_swisstopo": "paved", "surface_sensebox": "unknown", "surface_sensebox_probability": 0.0, "match": "Unknown" }, "geometry": { "type": "Point", "coordinates": [ 8.755046536839375, 47.199986175036138 ] } },
{ "type": "Feature", "properties": { "timestamp": "2026-05-02T12:21:30.000Z", "latitude": 47.19998623699918, "longitude": 8.7549942246871026, "BELAGSART": 100, "surface_classification_asphalt": null, "surface_classification_compacted": null, "surface_classification_paving": null, "surface_classification_sett": null, "surface_classification_standing": null, "surface_swisstopo": "paved", "surface_sensebox": "unknown", "surface_sensebox_probability": 0.0, "match": "Unknown" }, "geometry": { "type": "Point", "coordinates": [ 8.754994233339701, 47.199986247042084 ] } },
{ "type": "Feature", "properties": { "timestamp": "2026-05-02T12:21:31.000Z", "latitude": 47.199990836314193, "longitude": 8.7549455272116479, "BELAGSART": 100, "surface_classification_asphalt": 0.41, "surface_classification_compacted": 0.23, "surface_classification_paving": 0.15, "surface_classification_sett": 0.21, "surface_classification_standing": 0.01, "surface_swisstopo": "paved", "surface_sensebox": "unknown", "surface_sensebox_probability": 0.41, "match": "Unknown" }, "geometry": { "type": "Point", "coordinates": [ 8.754945535864193, 47.199990846357068 ] } },
{ "type": "Feature", "properties": { "timestamp": "2026-05-02T12:21:32.000Z", "latitude": 47.20000853428408, "longitude": 8.7549083290518706, "BELAGSART": 100, "surface_classification_asphalt": null, "surface_classification_compacted": null, "surface_classification_paving": null, "surface_classification_sett": null, "surface_classification_standing": null, "surface_swisstopo": "paved", "surface_sensebox": "unknown", "surface_sensebox_probability": 0.0, "match": "Unknown" }, "geometry": { "type": "Point", "coordinates": [ 8.754908337704379, 47.200008544326955 ] } },
{ "type": "Feature", "properties": { "timestamp": "2026-05-02T12:21:33.000Z", "latitude": 47.20003820337984, "longitude": 8.7548819819203878, "BELAGSART": 100, "surface_classification_asphalt": null, "surface_classification_compacted": null, "surface_classification_paving": null, "surface_classification_sett": null, "surface_classification_standing": null, "surface_swisstopo": "paved", "surface_sensebox": "unknown", "surface_sensebox_probability": 0.0, "match": "Unknown" }, "geometry": { "type": "Point", "coordinates": [ 8.754881990572862, 47.200038213422751 ] } },
{ "type": "Feature", "properties": { "timestamp": "2026-05-02T12:21:34.000Z", "latitude": 47.200063576603903, "longitude": 8.7548803413817406, "BELAGSART": 100, "surface_classification_asphalt": 0.41, "surface_classification_compacted": 0.52, "surface_classification_paving": 0.05, "surface_classification_sett": 0.01, "surface_classification_standing": 0.0, "surface_swisstopo": "paved", "surface_sensebox": "nature", "surface_sensebox_probability": 0.52, "match": "False" }, "geometry": { "type": "Point", "coordinates": [ 8.754880350034201, 47.200063586646849 ] } },
{ "type": "Feature", "properties": { "timestamp": "2026-05-02T12:21:35.000Z", "latitude": 47.200093885858834, "longitude": 8.7548837873642142, "BELAGSART": 100, "surface_classification_asphalt": null, "surface_classification_compacted": null, "surface_classification_paving": null, "surface_classification_sett": null, "surface_classification_standing": null, "surface_swisstopo": "paved", "surface_sensebox": "unknown", "surface_sensebox_probability": 0.0, "match": "Unknown" }, "geometry": { "type": "Point", "coordinates": [ 8.754883796016674, 47.200093895901766 ] } },
{ "type": "Feature", "properties": { "timestamp": "2026-05-02T12:21:36.000Z", "latitude": 47.200130214742494, "longitude": 8.7548933955983035, "BELAGSART": 100, "surface_classification_asphalt": null, "surface_classification_compacted": null, "surface_classification_paving": null, "surface_classification_sett": null, "surface_classification_standing": null, "surface_swisstopo": "paved", "surface_sensebox": "unknown", "surface_sensebox_probability": 0.0, "match": "Unknown" }, "geometry": { "type": "Point", "coordinates": [ 8.75489340425076, 47.20013022478544 ] } },
{ "type": "Feature", "properties": { "timestamp": "2026-05-02T12:21:37.999Z", "latitude": 47.200197526552003, "longitude": 8.7548896107010492, "BELAGSART": 100, "surface_classification_asphalt": 0.9, "surface_classification_compacted": 0.03, "surface_classification_paving": 0.06, "surface_classification_sett": 0.0, "surface_classification_standing": 0.0, "surface_swisstopo": "paved", "surface_sensebox": "paved", "surface_sensebox_probability": 0.9, "match": "True" }, "geometry": { "type": "Point", "coordinates": [ 8.754889619353479, 47.20019753659502 ] } },
{ "type": "Feature", "properties": { "timestamp": "2026-05-02T12:21:38.999Z", "latitude": 47.20022511062821, "longitude": 8.7549143785084844, "BELAGSART": 100, "surface_classification_asphalt": 0.88, "surface_classification_compacted": 0.0, "surface_classification_paving": 0.09, "surface_classification_sett": 0.0, "surface_classification_standing": 0.03, "surface_swisstopo": "paved", "surface_sensebox": "paved", "surface_sensebox_probability": 0.88, "match": "True" }, "geometry": { "type": "Point", "coordinates": [ 8.754914387160934, 47.20022512067122 ] } },
{ "type": "Feature", "properties": { "timestamp": "2026-05-02T12:21:39.999Z", "latitude": 47.20025378765073, "longitude": 8.7549411667994423, "BELAGSART": 100, "surface_classification_asphalt": null, "surface_classification_compacted": null, "surface_classification_paving": null, "surface_classification_sett": null, "surface_classification_standing": null, "surface_swisstopo": "paved", "surface_sensebox": "unknown", "surface_sensebox_probability": 0.0, "match": "Unknown" }, "geometry": { "type": "Point", "coordinates": [ 8.754941175451906, 47.200253797693755 ] } },
{ "type": "Feature", "properties": { "timestamp": "2026-05-02T12:21:40.999Z", "latitude": 47.200278678783029, "longitude": 8.7549688284373062, "BELAGSART": 100, "surface_classification_asphalt": null, "surface_classification_compacted": null, "surface_classification_paving": null, "surface_classification_sett": null, "surface_classification_standing": null, "surface_swisstopo": "paved", "surface_sensebox": "unknown", "surface_sensebox_probability": 0.0, "match": "Unknown" }, "geometry": { "type": "Point", "coordinates": [ 8.754968837089786, 47.200278688826032 ] } },
{ "type": "Feature", "properties": { "timestamp": "2026-05-02T12:21:41.999Z", "latitude": 47.200301482495149, "longitude": 8.7550045491133677, "BELAGSART": 100, "surface_classification_asphalt": 0.71, "surface_classification_compacted": 0.0, "surface_classification_paving": 0.21, "surface_classification_sett": 0.0, "surface_classification_standing": 0.07, "surface_swisstopo": "paved", "surface_sensebox": "paved", "surface_sensebox_probability": 0.71, "match": "True" }, "geometry": { "type": "Point", "coordinates": [ 8.755004557765877, 47.200301492538109 ] } },
{ "type": "Feature", "properties": { "timestamp": "2026-05-02T12:21:42.999Z", "latitude": 47.200309277194883, "longitude": 8.7550449720014303, "BELAGSART": 100, "surface_classification_asphalt": null, "surface_classification_compacted": null, "surface_classification_paving": null, "surface_classification_sett": null, "surface_classification_standing": null, "surface_swisstopo": "paved", "surface_sensebox": "unknown", "surface_sensebox_probability": 0.0, "match": "Unknown" }, "geometry": { "type": "Point", "coordinates": [ 8.755044980653977, 47.200309287237864 ] } },
{ "type": "Feature", "properties": { "timestamp": "2026-05-02T12:21:43.999Z", "latitude": 47.200314550568891, "longitude": 8.7550865302580156, "BELAGSART": 100, "surface_classification_asphalt": null, "surface_classification_compacted": null, "surface_classification_paving": null, "surface_classification_sett": null, "surface_classification_standing": null, "surface_swisstopo": "paved", "surface_sensebox": "unknown", "surface_sensebox_probability": 0.0, "match": "Unknown" }, "geometry": { "type": "Point", "coordinates": [ 8.7550865389106, 47.200314560611879 ] } },
{ "type": "Feature", "properties": { "timestamp": "2026-05-02T12:21:44.999Z", "latitude": 47.200306251665253, "longitude": 8.755150243135553, "BELAGSART": 100, "surface_classification_asphalt": 0.86, "surface_classification_compacted": 0.01, "surface_classification_paving": 0.13, "surface_classification_sett": 0.0, "surface_classification_standing": 0.0, "surface_swisstopo": "paved", "surface_sensebox": "paved", "surface_sensebox_probability": 0.86, "match": "True" }, "geometry": { "type": "Point", "coordinates": [ 8.755150251788203, 47.200306261708192 ] } },
{ "type": "Feature", "properties": { "timestamp": "2026-05-02T12:21:45.999Z", "latitude": 47.200315114775762, "longitude": 8.7552021897845176, "BELAGSART": 100, "surface_classification_asphalt": null, "surface_classification_compacted": null, "surface_classification_paving": null, "surface_classification_sett": null, "surface_classification_standing": null, "surface_swisstopo": "paved", "surface_sensebox": "unknown", "surface_sensebox_probability": 0.0, "match": "Unknown" }, "geometry": { "type": "Point", "coordinates": [ 8.755202198437214, 47.200315124818715 ] } },
{ "type": "Feature", "properties": { "timestamp": "2026-05-02T12:21:46.999Z", "latitude": 47.200326036879233, "longitude": 8.7552536045651106, "BELAGSART": 100, "surface_classification_asphalt": null, "surface_classification_compacted": null, "surface_classification_paving": null, "surface_classification_sett": null, "surface_classification_standing": null, "surface_swisstopo": "paved", "surface_sensebox": "unknown", "surface_sensebox_probability": 0.0, "match": "Unknown" }, "geometry": { "type": "Point", "coordinates": [ 8.755253613217857, 47.200326046922193 ] } },
{ "type": "Feature", "properties": { "timestamp": "2026-05-02T12:21:47.999Z", "latitude": 47.200339624475198, "longitude": 8.7553066318520649, "BELAGSART": 100, "surface_classification_asphalt": 0.3, "surface_classification_compacted": 0.03, "surface_classification_paving": 0.66, "surface_classification_sett": 0.0, "surface_classification_standing": 0.02, "surface_swisstopo": "paved", "surface_sensebox": "paved", "surface_sensebox_probability": 0.66, "match": "True" }, "geometry": { "type": "Point", "coordinates": [ 8.755306640504852, 47.200339634518102 ] } },
{ "type": "Feature", "properties": { "timestamp": "2026-05-02T12:21:48.999Z", "latitude": 47.200351894352231, "longitude": 8.7553570376657142, "BELAGSART": 100, "surface_classification_asphalt": null, "surface_classification_compacted": null, "surface_classification_paving": null, "surface_classification_sett": null, "surface_classification_standing": null, "surface_swisstopo": "paved", "surface_sensebox": "unknown", "surface_sensebox_probability": 0.0, "match": "Unknown" }, "geometry": { "type": "Point", "coordinates": [ 8.755357046318545, 47.200351904395148 ] } },
{ "type": "Feature", "properties": { "timestamp": "2026-05-02T12:21:49.999Z", "latitude": 47.200363508995565, "longitude": 8.7554117408084888, "BELAGSART": 100, "surface_classification_asphalt": null, "surface_classification_compacted": null, "surface_classification_paving": null, "surface_classification_sett": null, "surface_classification_standing": null, "surface_swisstopo": "paved", "surface_sensebox": "unknown", "surface_sensebox_probability": 0.0, "match": "Unknown" }, "geometry": { "type": "Point", "coordinates": [ 8.755411749461368, 47.200363519038454 ] } },
{ "type": "Feature", "properties": { "timestamp": "2026-05-02T12:21:50.999Z", "latitude": 47.200377404606741, "longitude": 8.7554662142786714, "BELAGSART": 100, "surface_classification_asphalt": 0.62, "surface_classification_compacted": 0.13, "surface_classification_paving": 0.23, "surface_classification_sett": 0.0, "surface_classification_standing": 0.02, "surface_swisstopo": "paved", "surface_sensebox": "paved", "surface_sensebox_probability": 0.62, "match": "True" }, "geometry": { "type": "Point", "coordinates": [ 8.7554662229316, 47.20037741464958 ] } },
{ "type": "Feature", "properties": { "timestamp": "2026-05-02T12:21:51.999Z", "latitude": 47.200381200843985, "longitude": 8.7555226663454189, "BELAGSART": 100, "surface_classification_asphalt": null, "surface_classification_compacted": null, "surface_classification_paving": null, "surface_classification_sett": null, "surface_classification_standing": null, "surface_swisstopo": "paved", "surface_sensebox": "unknown", "surface_sensebox_probability": 0.0, "match": "Unknown" }, "geometry": { "type": "Point", "coordinates": [ 8.755522674998401, 47.200381210886846 ] } },
{ "type": "Feature", "properties": { "timestamp": "2026-05-02T12:21:52.999Z", "latitude": 47.200400640074342, "longitude": 8.7555799543810799, "BELAGSART": 100, "surface_classification_asphalt": null, "surface_classification_compacted": null, "surface_classification_paving": null, "surface_classification_sett": null, "surface_classification_standing": null, "surface_swisstopo": "paved", "surface_sensebox": "unknown", "surface_sensebox_probability": 0.0, "match": "Unknown" }, "geometry": { "type": "Point", "coordinates": [ 8.755579963034114, 47.200400650117196 ] } },
{ "type": "Feature", "properties": { "timestamp": "2026-05-02T12:21:53.999Z", "latitude": 47.20044250954836, "longitude": 8.7556028279115026, "BELAGSART": 100, "surface_classification_asphalt": 0.84, "surface_classification_compacted": 0.01, "surface_classification_paving": 0.14, "surface_classification_sett": 0.0, "surface_classification_standing": 0.0, "surface_swisstopo": "paved", "surface_sensebox": "paved", "surface_sensebox_probability": 0.84, "match": "True" }, "geometry": { "type": "Point", "coordinates": [ 8.755602836564544, 47.200442519591199 ] } },
{ "type": "Feature", "properties": { "timestamp": "2026-05-02T12:21:54.999Z", "latitude": 47.200474933516965, "longitude": 8.7556429909526958, "BELAGSART": 100, "surface_classification_asphalt": null, "surface_classification_compacted": null, "surface_classification_paving": null, "surface_classification_sett": null, "surface_classification_standing": null, "surface_swisstopo": "paved", "surface_sensebox": "unknown", "surface_sensebox_probability": 0.0, "match": "Unknown" }, "geometry": { "type": "Point", "coordinates": [ 8.755642999605769, 47.200474943559776 ] } },
{ "type": "Feature", "properties": { "timestamp": "2026-05-02T12:21:55.999Z", "latitude": 47.200469247577765, "longitude": 8.7557177997067157, "BELAGSART": 100, "surface_classification_asphalt": 0.56, "surface_classification_compacted": 0.07, "surface_classification_paving": 0.36, "surface_classification_sett": 0.0, "surface_classification_standing": 0.0, "surface_swisstopo": "paved", "surface_sensebox": "paved", "surface_sensebox_probability": 0.56, "match": "True" }, "geometry": { "type": "Point", "coordinates": [ 8.75571780835986, 47.200469257620568 ] } },
{ "type": "Feature", "properties": { "timestamp": "2026-05-02T12:21:56.999Z", "latitude": 47.200477346532018, "longitude": 8.7557738545915775, "BELAGSART": 100, "surface_classification_asphalt": null, "surface_classification_compacted": null, "surface_classification_paving": null, "surface_classification_sett": null, "surface_classification_standing": null, "surface_swisstopo": "paved", "surface_sensebox": "unknown", "surface_sensebox_probability": 0.0, "match": "Unknown" }, "geometry": { "type": "Point", "coordinates": [ 8.755773863244777, 47.200477356574815 ] } },
{ "type": "Feature", "properties": { "timestamp": "2026-05-02T12:21:57.999Z", "latitude": 47.200488072527882, "longitude": 8.7558347437776689, "BELAGSART": 100, "surface_classification_asphalt": null, "surface_classification_compacted": null, "surface_classification_paving": null, "surface_classification_sett": null, "surface_classification_standing": null, "surface_swisstopo": "paved", "surface_sensebox": "unknown", "surface_sensebox_probability": 0.0, "match": "Unknown" }, "geometry": { "type": "Point", "coordinates": [ 8.755834752430919, 47.200488082570658 ] } },
{ "type": "Feature", "properties": { "timestamp": "2026-05-02T12:21:58.999Z", "latitude": 47.200494334834474, "longitude": 8.7558969712715573, "BELAGSART": 100, "surface_classification_asphalt": 0.37, "surface_classification_compacted": 0.33, "surface_classification_paving": 0.29, "surface_classification_sett": 0.01, "surface_classification_standing": 0.0, "surface_swisstopo": "paved", "surface_sensebox": "unknown", "surface_sensebox_probability": 0.37, "match": "Unknown" }, "geometry": { "type": "Point", "coordinates": [ 8.755896979924866, 47.200494344877292 ] } },
{ "type": "Feature", "properties": { "timestamp": "2026-05-02T12:21:59.999Z", "latitude": 47.20050932781399, "longitude": 8.755957891623348, "BELAGSART": 100, "surface_classification_asphalt": null, "surface_classification_compacted": null, "surface_classification_paving": null, "surface_classification_sett": null, "surface_classification_standing": null, "surface_swisstopo": "paved", "surface_sensebox": "unknown", "surface_sensebox_probability": 0.0, "match": "Unknown" }, "geometry": { "type": "Point", "coordinates": [ 8.755957900276711, 47.20050933785673 ] } },
{ "type": "Feature", "properties": { "timestamp": "2026-05-02T12:22:00.999Z", "latitude": 47.200525931986334, "longitude": 8.7560190163609555, "BELAGSART": 100, "surface_classification_asphalt": null, "surface_classification_compacted": null, "surface_classification_paving": null, "surface_classification_sett": null, "surface_classification_standing": null, "surface_swisstopo": "paved", "surface_sensebox": "unknown", "surface_sensebox_probability": 0.0, "match": "Unknown" }, "geometry": { "type": "Point", "coordinates": [ 8.756019025014371, 47.200525942029088 ] } },
{ "type": "Feature", "properties": { "timestamp": "2026-05-02T12:22:01.999Z", "latitude": 47.200538959326877, "longitude": 8.7560701606924507, "BELAGSART": 100, "surface_classification_asphalt": 0.55, "surface_classification_compacted": 0.08, "surface_classification_paving": 0.36, "surface_classification_sett": 0.0, "surface_classification_standing": 0.0, "surface_swisstopo": "paved", "surface_sensebox": "paved", "surface_sensebox_probability": 0.55, "match": "True" }, "geometry": { "type": "Point", "coordinates": [ 8.756070169345914, 47.200538969369639 ] } },
{ "type": "Feature", "properties": { "timestamp": "2026-05-02T12:22:02.999Z", "latitude": 47.20054855205467, "longitude": 8.7561344431629333, "BELAGSART": 100, "surface_classification_asphalt": null, "surface_classification_compacted": null, "surface_classification_paving": null, "surface_classification_sett": null, "surface_classification_standing": null, "surface_swisstopo": "paved", "surface_sensebox": "unknown", "surface_sensebox_probability": 0.0, "match": "Unknown" }, "geometry": { "type": "Point", "coordinates": [ 8.756134451816452, 47.200548562097403 ] } },
{ "type": "Feature", "properties": { "timestamp": "2026-05-02T12:22:03.999Z", "latitude": 47.200552162616368, "longitude": 8.756195325049168, "BELAGSART": 100, "surface_classification_asphalt": null, "surface_classification_compacted": null, "surface_classification_paving": null, "surface_classification_sett": null, "surface_classification_standing": null, "surface_swisstopo": "paved", "surface_sensebox": "unknown", "surface_sensebox_probability": 0.0, "match": "Unknown" }, "geometry": { "type": "Point", "coordinates": [ 8.756195333702747, 47.20055217265908 ] } },
{ "type": "Feature", "properties": { "timestamp": "2026-05-02T12:22:04.999Z", "latitude": 47.200573795348674, "longitude": 8.756254216278764, "BELAGSART": 100, "surface_classification_asphalt": 0.8, "surface_classification_compacted": 0.04, "surface_classification_paving": 0.15, "surface_classification_sett": 0.0, "surface_classification_standing": 0.0, "surface_swisstopo": "paved", "surface_sensebox": "paved", "surface_sensebox_probability": 0.8, "match": "True" }, "geometry": { "type": "Point", "coordinates": [ 8.756254224932391, 47.200573805391365 ] } },
{ "type": "Feature", "properties": { "timestamp": "2026-05-02T12:22:05.999Z", "latitude": 47.200588040511981, "longitude": 8.7563179208205124, "BELAGSART": 100, "surface_classification_asphalt": null, "surface_classification_compacted": null, "surface_classification_paving": null, "surface_classification_sett": null, "surface_classification_standing": null, "surface_swisstopo": "paved", "surface_sensebox": "unknown", "surface_sensebox_probability": 0.0, "match": "Unknown" }, "geometry": { "type": "Point", "coordinates": [ 8.756317929474195, 47.200588050554707 ] } },
{ "type": "Feature", "properties": { "timestamp": "2026-05-02T12:22:06.999Z", "latitude": 47.200606711893521, "longitude": 8.7563777294290777, "BELAGSART": 100, "surface_classification_asphalt": null, "surface_classification_compacted": null, "surface_classification_paving": null, "surface_classification_sett": null, "surface_classification_standing": null, "surface_swisstopo": "paved", "surface_sensebox": "unknown", "surface_sensebox_probability": 0.0, "match": "Unknown" }, "geometry": { "type": "Point", "coordinates": [ 8.756377738082813, 47.200606721936168 ] } },
{ "type": "Feature", "properties": { "timestamp": "2026-05-02T12:22:07.999Z", "latitude": 47.200623003269975, "longitude": 8.7564313587988138, "BELAGSART": 100, "surface_classification_asphalt": 0.66, "surface_classification_compacted": 0.27, "surface_classification_paving": 0.06, "surface_classification_sett": 0.0, "surface_classification_standing": 0.0, "surface_swisstopo": "paved", "surface_sensebox": "paved", "surface_sensebox_probability": 0.66, "match": "True" }, "geometry": { "type": "Point", "coordinates": [ 8.756431367452594, 47.200623013312637 ] } },
{ "type": "Feature", "properties": { "timestamp": "2026-05-02T12:22:08.999Z", "latitude": 47.200638640540618, "longitude": 8.7564931791439005, "BELAGSART": 100, "surface_classification_asphalt": null, "surface_classification_compacted": null, "surface_classification_paving": null, "surface_classification_sett": null, "surface_classification_standing": null, "surface_swisstopo": "paved", "surface_sensebox": "unknown", "surface_sensebox_probability": 0.0, "match": "Unknown" }, "geometry": { "type": "Point", "coordinates": [ 8.756493187797734, 47.200638650583286 ] } },
{ "type": "Feature", "properties": { "timestamp": "2026-05-02T12:22:09.999Z", "latitude": 47.200653991229125, "longitude": 8.7565555259546937, "BELAGSART": 100, "surface_classification_asphalt": 0.32, "surface_classification_compacted": 0.4, "surface_classification_paving": 0.18, "surface_classification_sett": 0.09, "surface_classification_standing": 0.01, "surface_swisstopo": "paved", "surface_sensebox": "unknown", "surface_sensebox_probability": 0.4, "match": "Unknown" }, "geometry": { "type": "Point", "coordinates": [ 8.756555534608587, 47.200654001271765 ] } },
{ "type": "Feature", "properties": { "timestamp": "2026-05-02T12:22:10.999Z", "latitude": 47.200669683414006, "longitude": 8.7566190105283646, "BELAGSART": 100, "surface_classification_asphalt": null, "surface_classification_compacted": null, "surface_classification_paving": null, "surface_classification_sett": null, "surface_classification_standing": null, "surface_swisstopo": "paved", "surface_sensebox": "unknown", "surface_sensebox_probability": 0.0, "match": "Unknown" }, "geometry": { "type": "Point", "coordinates": [ 8.756619019182313, 47.200669693456661 ] } },
{ "type": "Feature", "properties": { "timestamp": "2026-05-02T12:22:11.999Z", "latitude": 47.200682235473721, "longitude": 8.7566816637087328, "BELAGSART": 100, "surface_classification_asphalt": null, "surface_classification_compacted": null, "surface_classification_paving": null, "surface_classification_sett": null, "surface_classification_standing": null, "surface_swisstopo": "paved", "surface_sensebox": "unknown", "surface_sensebox_probability": 0.0, "match": "Unknown" }, "geometry": { "type": "Point", "coordinates": [ 8.75668167236274, 47.20068224551634 ] } },
{ "type": "Feature", "properties": { "timestamp": "2026-05-02T12:22:12.999Z", "latitude": 47.200697805798974, "longitude": 8.7567464235149473, "BELAGSART": 100, "surface_classification_asphalt": 0.25, "surface_classification_compacted": 0.61, "surface_classification_paving": 0.14, "surface_classification_sett": 0.0, "surface_classification_standing": 0.0, "surface_swisstopo": "paved", "surface_sensebox": "nature", "surface_sensebox_probability": 0.61, "match": "False" }, "geometry": { "type": "Point", "coordinates": [ 8.756746432169006, 47.200697815841558 ] } },
{ "type": "Feature", "properties": { "timestamp": "2026-05-02T12:22:13.999Z", "latitude": 47.200715125446848, "longitude": 8.7568068819920448, "BELAGSART": 100, "surface_classification_asphalt": null, "surface_classification_compacted": null, "surface_classification_paving": null, "surface_classification_sett": null, "surface_classification_standing": null, "surface_swisstopo": "paved", "surface_sensebox": "unknown", "surface_sensebox_probability": 0.0, "match": "Unknown" }, "geometry": { "type": "Point", "coordinates": [ 8.756806890646157, 47.200715135489467 ] } },
{ "type": "Feature", "properties": { "timestamp": "2026-05-02T12:22:15.998Z", "latitude": 47.20075054431058, "longitude": 8.7569234925165063, "BELAGSART": 100, "surface_classification_asphalt": 0.71, "surface_classification_compacted": 0.13, "surface_classification_paving": 0.15, "surface_classification_sett": 0.0, "surface_classification_standing": 0.0, "surface_swisstopo": "paved", "surface_sensebox": "paved", "surface_sensebox_probability": 0.71, "match": "True" }, "geometry": { "type": "Point", "coordinates": [ 8.756923501170721, 47.200750554353164 ] } },
{ "type": "Feature", "properties": { "timestamp": "2026-05-02T12:22:16.998Z", "latitude": 47.200756991928699, "longitude": 8.756986010836096, "BELAGSART": 100, "surface_classification_asphalt": null, "surface_classification_compacted": null, "surface_classification_paving": null, "surface_classification_sett": null, "surface_classification_standing": null, "surface_swisstopo": "paved", "surface_sensebox": "unknown", "surface_sensebox_probability": 0.0, "match": "Unknown" }, "geometry": { "type": "Point", "coordinates": [ 8.756986019490371, 47.200757001971247 ] } },
{ "type": "Feature", "properties": { "timestamp": "2026-05-02T12:22:17.998Z", "latitude": 47.200770817775869, "longitude": 8.7570446794252312, "BELAGSART": 100, "surface_classification_asphalt": null, "surface_classification_compacted": null, "surface_classification_paving": null, "surface_classification_sett": null, "surface_classification_standing": null, "surface_swisstopo": "paved", "surface_sensebox": "unknown", "surface_sensebox_probability": 0.0, "match": "Unknown" }, "geometry": { "type": "Point", "coordinates": [ 8.757044688079555, 47.200770827818417 ] } },
{ "type": "Feature", "properties": { "timestamp": "2026-05-02T12:22:18.998Z", "latitude": 47.200780985058991, "longitude": 8.7571042251241185, "BELAGSART": 100, "surface_classification_asphalt": 0.66, "surface_classification_compacted": 0.05, "surface_classification_paving": 0.27, "surface_classification_sett": 0.0, "surface_classification_standing": 0.01, "surface_swisstopo": "paved", "surface_sensebox": "paved", "surface_sensebox_probability": 0.66, "match": "True" }, "geometry": { "type": "Point", "coordinates": [ 8.757104233778497, 47.20078099510151 ] } },
{ "type": "Feature", "properties": { "timestamp": "2026-05-02T12:22:19.998Z", "latitude": 47.200799596649311, "longitude": 8.7571603593663792, "BELAGSART": 100, "surface_classification_asphalt": null, "surface_classification_compacted": null, "surface_classification_paving": null, "surface_classification_sett": null, "surface_classification_standing": null, "surface_swisstopo": "paved", "surface_sensebox": "unknown", "surface_sensebox_probability": 0.0, "match": "Unknown" }, "geometry": { "type": "Point", "coordinates": [ 8.757160368020809, 47.200799606691831 ] } },
{ "type": "Feature", "properties": { "timestamp": "2026-05-02T12:22:20.998Z", "latitude": 47.200817803609304, "longitude": 8.7572180325451452, "BELAGSART": 100, "surface_classification_asphalt": null, "surface_classification_compacted": null, "surface_classification_paving": null, "surface_classification_sett": null, "surface_classification_standing": null, "surface_swisstopo": "paved", "surface_sensebox": "unknown", "surface_sensebox_probability": 0.0, "match": "Unknown" }, "geometry": { "type": "Point", "coordinates": [ 8.757218041199623, 47.200817813651781 ] } },
{ "type": "Feature", "properties": { "timestamp": "2026-05-02T12:22:21.998Z", "latitude": 47.200832110486822, "longitude": 8.7572739441398557, "BELAGSART": 100, "surface_classification_asphalt": 0.91, "surface_classification_compacted": 0.01, "surface_classification_paving": 0.08, "surface_classification_sett": 0.0, "surface_classification_standing": 0.0, "surface_swisstopo": "paved", "surface_sensebox": "paved", "surface_sensebox_probability": 0.91, "match": "True" }, "geometry": { "type": "Point", "coordinates": [ 8.757273952794389, 47.200832120529341 ] } },
{ "type": "Feature", "properties": { "timestamp": "2026-05-02T12:22:22.998Z", "latitude": 47.200845019115775, "longitude": 8.7573320220750954, "BELAGSART": 100, "surface_classification_asphalt": null, "surface_classification_compacted": null, "surface_classification_paving": null, "surface_classification_sett": null, "surface_classification_standing": null, "surface_swisstopo": "paved", "surface_sensebox": "unknown", "surface_sensebox_probability": 0.0, "match": "Unknown" }, "geometry": { "type": "Point", "coordinates": [ 8.757332030729671, 47.200845029158245 ] } },
{ "type": "Feature", "properties": { "timestamp": "2026-05-02T12:22:23.998Z", "latitude": 47.200860429382601, "longitude": 8.7573870893989731, "BELAGSART": 100, "surface_classification_asphalt": 0.66, "surface_classification_compacted": 0.17, "surface_classification_paving": 0.16, "surface_classification_sett": 0.0, "surface_classification_standing": 0.01, "surface_swisstopo": "paved", "surface_sensebox": "paved", "surface_sensebox_probability": 0.66, "match": "True" }, "geometry": { "type": "Point", "coordinates": [ 8.757387098053597, 47.200860439425092 ] } },
{ "type": "Feature", "properties": { "timestamp": "2026-05-02T12:22:24.998Z", "latitude": 47.200872667665045, "longitude": 8.7574462211139394, "BELAGSART": 100, "surface_classification_asphalt": null, "surface_classification_compacted": null, "surface_classification_paving": null, "surface_classification_sett": null, "surface_classification_standing": null, "surface_swisstopo": "paved", "surface_sensebox": "unknown", "surface_sensebox_probability": 0.0, "match": "Unknown" }, "geometry": { "type": "Point", "coordinates": [ 8.757446229768616, 47.200872677707522 ] } },
{ "type": "Feature", "properties": { "timestamp": "2026-05-02T12:22:25.998Z", "latitude": 47.200888594799011, "longitude": 8.7575010787464986, "BELAGSART": 100, "surface_classification_asphalt": null, "surface_classification_compacted": null, "surface_classification_paving": null, "surface_classification_sett": null, "surface_classification_standing": null, "surface_swisstopo": "paved", "surface_sensebox": "unknown", "surface_sensebox_probability": 0.0, "match": "Unknown" }, "geometry": { "type": "Point", "coordinates": [ 8.757501087401229, 47.200888604841452 ] } },
{ "type": "Feature", "properties": { "timestamp": "2026-05-02T12:22:26.998Z", "latitude": 47.200905366664607, "longitude": 8.7575523959955479, "BELAGSART": 100, "surface_classification_asphalt": 0.43, "surface_classification_compacted": 0.18, "surface_classification_paving": 0.39, "surface_classification_sett": 0.0, "surface_classification_standing": 0.0, "surface_swisstopo": "paved", "surface_sensebox": "unknown", "surface_sensebox_probability": 0.43, "match": "Unknown" }, "geometry": { "type": "Point", "coordinates": [ 8.757552404650321, 47.200905376707105 ] } },
{ "type": "Feature", "properties": { "timestamp": "2026-05-02T12:22:27.998Z", "latitude": 47.200916569465953, "longitude": 8.7576061086710411, "BELAGSART": 100, "surface_classification_asphalt": null, "surface_classification_compacted": null, "surface_classification_paving": null, "surface_classification_sett": null, "surface_classification_standing": null, "surface_swisstopo": "paved", "surface_sensebox": "unknown", "surface_sensebox_probability": 0.0, "match": "Unknown" }, "geometry": { "type": "Point", "coordinates": [ 8.757606117325862, 47.200916579508394 ] } },
{ "type": "Feature", "properties": { "timestamp": "2026-05-02T12:22:28.998Z", "latitude": 47.200927407970859, "longitude": 8.757668197221216, "BELAGSART": 100, "surface_classification_asphalt": null, "surface_classification_compacted": null, "surface_classification_paving": null, "surface_classification_sett": null, "surface_classification_standing": null, "surface_swisstopo": "paved", "surface_sensebox": "unknown", "surface_sensebox_probability": 0.0, "match": "Unknown" }, "geometry": { "type": "Point", "coordinates": [ 8.757668205876092, 47.200927418013251 ] } },
{ "type": "Feature", "properties": { "timestamp": "2026-05-02T12:22:29.998Z", "latitude": 47.200943770277732, "longitude": 8.7577229427565015, "BELAGSART": 100, "surface_classification_asphalt": 0.4, "surface_classification_compacted": 0.12, "surface_classification_paving": 0.03, "surface_classification_sett": 0.45, "surface_classification_standing": 0.0, "surface_swisstopo": "paved", "surface_sensebox": "unknown", "surface_sensebox_probability": 0.45, "match": "Unknown" }, "geometry": { "type": "Point", "coordinates": [ 8.757722951411427, 47.200943780320117 ] } },
{ "type": "Feature", "properties": { "timestamp": "2026-05-02T12:22:30.998Z", "latitude": 47.200959685688851, "longitude": 8.7577759228513727, "BELAGSART": 100, "surface_classification_asphalt": null, "surface_classification_compacted": null, "surface_classification_paving": null, "surface_classification_sett": null, "surface_classification_standing": null, "surface_swisstopo": "paved", "surface_sensebox": "unknown", "surface_sensebox_probability": 0.0, "match": "Unknown" }, "geometry": { "type": "Point", "coordinates": [ 8.757775931506343, 47.20095969573125 ] } },
{ "type": "Feature", "properties": { "timestamp": "2026-05-02T12:22:31.998Z", "latitude": 47.200973885990351, "longitude": 8.7578366800533907, "BELAGSART": 100, "surface_classification_asphalt": null, "surface_classification_compacted": null, "surface_classification_paving": null, "surface_classification_sett": null, "surface_classification_standing": null, "surface_swisstopo": "paved", "surface_sensebox": "unknown", "surface_sensebox_probability": 0.0, "match": "Unknown" }, "geometry": { "type": "Point", "coordinates": [ 8.757836688708416, 47.200973896032757 ] } },
{ "type": "Feature", "properties": { "timestamp": "2026-05-02T12:22:32.998Z", "latitude": 47.200991662007148, "longitude": 8.7578853235942695, "BELAGSART": 100, "surface_classification_asphalt": 0.74, "surface_classification_compacted": 0.03, "surface_classification_paving": 0.22, "surface_classification_sett": 0.0, "surface_classification_standing": 0.01, "surface_swisstopo": "paved", "surface_sensebox": "paved", "surface_sensebox_probability": 0.74, "match": "True" }, "geometry": { "type": "Point", "coordinates": [ 8.757885332249336, 47.200991672049511 ] } },
{ "type": "Feature", "properties": { "timestamp": "2026-05-02T12:22:33.998Z", "latitude": 47.201000487706082, "longitude": 8.7579412670302066, "BELAGSART": 100, "surface_classification_asphalt": null, "surface_classification_compacted": null, "surface_classification_paving": null, "surface_classification_sett": null, "surface_classification_standing": null, "surface_swisstopo": "paved", "surface_sensebox": "unknown", "surface_sensebox_probability": 0.0, "match": "Unknown" }, "geometry": { "type": "Point", "coordinates": [ 8.757941275685322, 47.201000497748431 ] } },
{ "type": "Feature", "properties": { "timestamp": "2026-05-02T12:22:34.998Z", "latitude": 47.201004890539572, "longitude": 8.7580035556581688, "BELAGSART": 100, "surface_classification_asphalt": null, "surface_classification_compacted": null, "surface_classification_paving": null, "surface_classification_sett": null, "surface_classification_standing": null, "surface_swisstopo": "paved", "surface_sensebox": "unknown", "surface_sensebox_probability": 0.0, "match": "Unknown" }, "geometry": { "type": "Point", "coordinates": [ 8.758003564313343, 47.201004900581914 ] } },
{ "type": "Feature", "properties": { "timestamp": "2026-05-02T12:22:35.998Z", "latitude": 47.201017917511251, "longitude": 8.7580580826991863, "BELAGSART": 100, "surface_classification_asphalt": 0.8, "surface_classification_compacted": 0.02, "surface_classification_paving": 0.07, "surface_classification_sett": 0.0, "surface_classification_standing": 0.12, "surface_swisstopo": "paved", "surface_sensebox": "paved", "surface_sensebox_probability": 0.8, "match": "True" }, "geometry": { "type": "Point", "coordinates": [ 8.758058091354407, 47.201017927553572 ] } },
{ "type": "Feature", "properties": { "timestamp": "2026-05-02T12:22:36.998Z", "latitude": 47.201033659809156, "longitude": 8.7581127777792087, "BELAGSART": 100, "surface_classification_asphalt": null, "surface_classification_compacted": null, "surface_classification_paving": null, "surface_classification_sett": null, "surface_classification_standing": null, "surface_swisstopo": "paved", "surface_sensebox": "unknown", "surface_sensebox_probability": 0.0, "match": "Unknown" }, "geometry": { "type": "Point", "coordinates": [ 8.758112786434486, 47.201033669851462 ] } },
{ "type": "Feature", "properties": { "timestamp": "2026-05-02T12:22:37.998Z", "latitude": 47.201048800938572, "longitude": 8.7581698716809235, "BELAGSART": 100, "surface_classification_asphalt": 0.5, "surface_classification_compacted": 0.16, "surface_classification_paving": 0.32, "surface_classification_sett": 0.0, "surface_classification_standing": 0.0, "surface_swisstopo": "paved", "surface_sensebox": "unknown", "surface_sensebox_probability": 0.5, "match": "Unknown" }, "geometry": { "type": "Point", "coordinates": [ 8.758169880336244, 47.201048810980879 ] } },
{ "type": "Feature", "properties": { "timestamp": "2026-05-02T12:22:38.998Z", "latitude": 47.201059678570594, "longitude": 8.7582267501551581, "BELAGSART": 100, "surface_classification_asphalt": null, "surface_classification_compacted": null, "surface_classification_paving": null, "surface_classification_sett": null, "surface_classification_standing": null, "surface_swisstopo": "paved", "surface_sensebox": "unknown", "surface_sensebox_probability": 0.0, "match": "Unknown" }, "geometry": { "type": "Point", "coordinates": [ 8.758226758810535, 47.201059688612858 ] } },
{ "type": "Feature", "properties": { "timestamp": "2026-05-02T12:22:39.998Z", "latitude": 47.201072755195369, "longitude": 8.7582823553461377, "BELAGSART": 100, "surface_classification_asphalt": null, "surface_classification_compacted": null, "surface_classification_paving": null, "surface_classification_sett": null, "surface_classification_standing": null, "surface_swisstopo": "paved", "surface_sensebox": "unknown", "surface_sensebox_probability": 0.0, "match": "Unknown" }, "geometry": { "type": "Point", "coordinates": [ 8.758282364001563, 47.20107276523764 ] } },
{ "type": "Feature", "properties": { "timestamp": "2026-05-02T12:22:40.998Z", "latitude": 47.201089581505165, "longitude": 8.7583317010126898, "BELAGSART": 100, "surface_classification_asphalt": 0.46, "surface_classification_compacted": 0.52, "surface_classification_paving": 0.01, "surface_classification_sett": 0.0, "surface_classification_standing": 0.0, "surface_swisstopo": "paved", "surface_sensebox": "nature", "surface_sensebox_probability": 0.52, "match": "False" }, "geometry": { "type": "Point", "coordinates": [ 8.758331709668152, 47.201089591547465 ] } },
{ "type": "Feature", "properties": { "timestamp": "2026-05-02T12:22:41.998Z", "latitude": 47.201101554092695, "longitude": 8.7583928174681933, "BELAGSART": 100, "surface_classification_asphalt": null, "surface_classification_compacted": null, "surface_classification_paving": null, "surface_classification_sett": null, "surface_classification_standing": null, "surface_swisstopo": "paved", "surface_sensebox": "unknown", "surface_sensebox_probability": 0.0, "match": "Unknown" }, "geometry": { "type": "Point", "coordinates": [ 8.758392826123711, 47.201101564134916 ] } },
{ "type": "Feature", "properties": { "timestamp": "2026-05-02T12:22:42.998Z", "latitude": 47.201116225288118, "longitude": 8.7584489753422794, "BELAGSART": 100, "surface_classification_asphalt": null, "surface_classification_compacted": null, "surface_classification_paving": null, "surface_classification_sett": null, "surface_classification_standing": null, "surface_swisstopo": "paved", "surface_sensebox": "unknown", "surface_sensebox_probability": 0.0, "match": "Unknown" }, "geometry": { "type": "Point", "coordinates": [ 8.758448983997846, 47.201116235330339 ] } },
{ "type": "Feature", "properties": { "timestamp": "2026-05-02T12:22:43.998Z", "latitude": 47.201133825371315, "longitude": 8.7584973154708479, "BELAGSART": 100, "surface_classification_asphalt": 0.74, "surface_classification_compacted": 0.09, "surface_classification_paving": 0.13, "surface_classification_sett": 0.02, "surface_classification_standing": 0.03, "surface_swisstopo": "paved", "surface_sensebox": "paved", "surface_sensebox_probability": 0.74, "match": "True" }, "geometry": { "type": "Point", "coordinates": [ 8.758497324126465, 47.201133835413572 ] } },
{ "type": "Feature", "properties": { "timestamp": "2026-05-02T12:22:44.998Z", "latitude": 47.201153358288451, "longitude": 8.7585505114526399, "BELAGSART": 100, "surface_classification_asphalt": null, "surface_classification_compacted": null, "surface_classification_paving": null, "surface_classification_sett": null, "surface_classification_standing": null, "surface_swisstopo": "paved", "surface_sensebox": "unknown", "surface_sensebox_probability": 0.0, "match": "Unknown" }, "geometry": { "type": "Point", "coordinates": [ 8.758550520108299, 47.201153368330715 ] } },
{ "type": "Feature", "properties": { "timestamp": "2026-05-02T12:22:45.998Z", "latitude": 47.2011649483727, "longitude": 8.7586072098592762, "BELAGSART": 100, "surface_classification_asphalt": null, "surface_classification_compacted": null, "surface_classification_paving": null, "surface_classification_sett": null, "surface_classification_standing": null, "surface_swisstopo": "paved", "surface_sensebox": "unknown", "surface_sensebox_probability": 0.0, "match": "Unknown" }, "geometry": { "type": "Point", "coordinates": [ 8.758607218514983, 47.2011649584149 ] } },
{ "type": "Feature", "properties": { "timestamp": "2026-05-02T12:22:46.998Z", "latitude": 47.201180683152728, "longitude": 8.75865918859696, "BELAGSART": 100, "surface_classification_asphalt": 0.41, "surface_classification_compacted": 0.21, "surface_classification_paving": 0.37, "surface_classification_sett": 0.01, "surface_classification_standing": 0.0, "surface_swisstopo": "paved", "surface_sensebox": "unknown", "surface_sensebox_probability": 0.41, "match": "Unknown" }, "geometry": { "type": "Point", "coordinates": [ 8.758659197252715, 47.201180693194928 ] } },
{ "type": "Feature", "properties": { "timestamp": "2026-05-02T12:22:47.998Z", "latitude": 47.201190000801795, "longitude": 8.7587113577144056, "BELAGSART": 100, "surface_classification_asphalt": null, "surface_classification_compacted": null, "surface_classification_paving": null, "surface_classification_sett": null, "surface_classification_standing": null, "surface_swisstopo": "paved", "surface_sensebox": "unknown", "surface_sensebox_probability": 0.0, "match": "Unknown" }, "geometry": { "type": "Point", "coordinates": [ 8.758711366370207, 47.201190010844009 ] } },
{ "type": "Feature", "properties": { "timestamp": "2026-05-02T12:22:48.998Z", "latitude": 47.201204311439177, "longitude": 8.7587628648493183, "BELAGSART": 100, "surface_classification_asphalt": null, "surface_classification_compacted": null, "surface_classification_paving": null, "surface_classification_sett": null, "surface_classification_standing": null, "surface_swisstopo": "paved", "surface_sensebox": "unknown", "surface_sensebox_probability": 0.0, "match": "Unknown" }, "geometry": { "type": "Point", "coordinates": [ 8.758762873505166, 47.201204321481377 ] } },
{ "type": "Feature", "properties": { "timestamp": "2026-05-02T12:22:49.998Z", "latitude": 47.201214877910083, "longitude": 8.7588174492492392, "BELAGSART": 100, "surface_classification_asphalt": 0.43, "surface_classification_compacted": 0.02, "surface_classification_paving": 0.53, "surface_classification_sett": 0.0, "surface_classification_standing": 0.02, "surface_swisstopo": "paved", "surface_sensebox": "paved", "surface_sensebox_probability": 0.53, "match": "True" }, "geometry": { "type": "Point", "coordinates": [ 8.758817457905137, 47.201214887952212 ] } },
{ "type": "Feature", "properties": { "timestamp": "2026-05-02T12:22:50.998Z", "latitude": 47.201228740441131, "longitude": 8.7588680228902103, "BELAGSART": 100, "surface_classification_asphalt": null, "surface_classification_compacted": null, "surface_classification_paving": null, "surface_classification_sett": null, "surface_classification_standing": null, "surface_swisstopo": "paved", "surface_sensebox": "unknown", "surface_sensebox_probability": 0.0, "match": "Unknown" }, "geometry": { "type": "Point", "coordinates": [ 8.75886803154615, 47.201228750483295 ] } },
{ "type": "Feature", "properties": { "timestamp": "2026-05-02T12:22:51.998Z", "latitude": 47.201245771691923, "longitude": 8.758914509223553, "BELAGSART": 100, "surface_classification_asphalt": null, "surface_classification_compacted": null, "surface_classification_paving": null, "surface_classification_sett": null, "surface_classification_standing": null, "surface_swisstopo": "paved", "surface_sensebox": "unknown", "surface_sensebox_probability": 0.0, "match": "Unknown" }, "geometry": { "type": "Point", "coordinates": [ 8.758914517879532, 47.201245781734066 ] } },
{ "type": "Feature", "properties": { "timestamp": "2026-05-02T12:22:52.998Z", "latitude": 47.201260021781877, "longitude": 8.758963891212403, "BELAGSART": 100, "surface_classification_asphalt": 0.88, "surface_classification_compacted": 0.02, "surface_classification_paving": 0.09, "surface_classification_sett": 0.0, "surface_classification_standing": 0.0, "surface_swisstopo": "paved", "surface_sensebox": "paved", "surface_sensebox_probability": 0.88, "match": "True" }, "geometry": { "type": "Point", "coordinates": [ 8.758963899868423, 47.201260031824027 ] } },
{ "type": "Feature", "properties": { "timestamp": "2026-05-02T12:22:53.998Z", "latitude": 47.201269480752721, "longitude": 8.7590155262041538, "BELAGSART": 100, "surface_classification_asphalt": null, "surface_classification_compacted": null, "surface_classification_paving": null, "surface_classification_sett": null, "surface_classification_standing": null, "surface_swisstopo": "paved", "surface_sensebox": "unknown", "surface_sensebox_probability": 0.0, "match": "Unknown" }, "geometry": { "type": "Point", "coordinates": [ 8.759015534860222, 47.20126949079485 ] } },
{ "type": "Feature", "properties": { "timestamp": "2026-05-02T12:22:55.997Z", "latitude": 47.201297320943922, "longitude": 8.7591076131656536, "BELAGSART": 100, "surface_classification_asphalt": 0.66, "surface_classification_compacted": 0.0, "surface_classification_paving": 0.22, "surface_classification_sett": 0.0, "surface_classification_standing": 0.11, "surface_swisstopo": "paved", "surface_sensebox": "paved", "surface_sensebox_probability": 0.66, "match": "True" }, "geometry": { "type": "Point", "coordinates": [ 8.759107621821801, 47.201297330986002 ] } },
{ "type": "Feature", "properties": { "timestamp": "2026-05-02T12:22:56.997Z", "latitude": 47.201320520788371, "longitude": 8.7591451809407594, "BELAGSART": 100, "surface_classification_asphalt": null, "surface_classification_compacted": null, "surface_classification_paving": null, "surface_classification_sett": null, "surface_classification_standing": null, "surface_swisstopo": "paved", "surface_sensebox": "unknown", "surface_sensebox_probability": 0.0, "match": "Unknown" }, "geometry": { "type": "Point", "coordinates": [ 8.759145189596937, 47.201320530830486 ] } },
{ "type": "Feature", "properties": { "timestamp": "2026-05-02T12:22:57.997Z", "latitude": 47.201329621176662, "longitude": 8.759193527423129, "BELAGSART": 100, "surface_classification_asphalt": 0.53, "surface_classification_compacted": 0.04, "surface_classification_paving": 0.42, "surface_classification_sett": 0.0, "surface_classification_standing": 0.01, "surface_swisstopo": "paved", "surface_sensebox": "paved", "surface_sensebox_probability": 0.53, "match": "True" }, "geometry": { "type": "Point", "coordinates": [ 8.75919353607935, 47.201329631218776 ] } },
{ "type": "Feature", "properties": { "timestamp": "2026-05-02T12:22:58.997Z", "latitude": 47.201340490487063, "longitude": 8.7592378018514623, "BELAGSART": 100, "surface_classification_asphalt": null, "surface_classification_compacted": null, "surface_classification_paving": null, "surface_classification_sett": null, "surface_classification_standing": null, "surface_swisstopo": "paved", "surface_sensebox": "unknown", "surface_sensebox_probability": 0.0, "match": "Unknown" }, "geometry": { "type": "Point", "coordinates": [ 8.75923781050772, 47.201340500529128 ] } },
{ "type": "Feature", "properties": { "timestamp": "2026-05-02T12:22:59.997Z", "latitude": 47.201357668333891, "longitude": 8.7592813667145837, "BELAGSART": 100, "surface_classification_asphalt": null, "surface_classification_compacted": null, "surface_classification_paving": null, "surface_classification_sett": null, "surface_classification_standing": null, "surface_swisstopo": "paved", "surface_sensebox": "unknown", "surface_sensebox_probability": 0.0, "match": "Unknown" }, "geometry": { "type": "Point", "coordinates": [ 8.759281375370881, 47.201357678375977 ] } },
{ "type": "Feature", "properties": { "timestamp": "2026-05-02T12:23:00.997Z", "latitude": 47.201375088391593, "longitude": 8.7593179726466524, "BELAGSART": 100, "surface_classification_asphalt": 0.78, "surface_classification_compacted": 0.07, "surface_classification_paving": 0.11, "surface_classification_sett": 0.01, "surface_classification_standing": 0.04, "surface_swisstopo": "paved", "surface_sensebox": "paved", "surface_sensebox_probability": 0.78, "match": "True" }, "geometry": { "type": "Point", "coordinates": [ 8.759317981302976, 47.201375098433672 ] } },
{ "type": "Feature", "properties": { "timestamp": "2026-05-02T12:23:01.997Z", "latitude": 47.201389000566685, "longitude": 8.7593615826077187, "BELAGSART": 100, "surface_classification_asphalt": null, "surface_classification_compacted": null, "surface_classification_paving": null, "surface_classification_sett": null, "surface_classification_standing": null, "surface_swisstopo": "paved", "surface_sensebox": "unknown", "surface_sensebox_probability": 0.0, "match": "Unknown" }, "geometry": { "type": "Point", "coordinates": [ 8.75936159126408, 47.201389010608736 ] } },
{ "type": "Feature", "properties": { "timestamp": "2026-05-02T12:23:02.997Z", "latitude": 47.201402513552431, "longitude": 8.759401210539389, "BELAGSART": 100, "surface_classification_asphalt": null, "surface_classification_compacted": null, "surface_classification_paving": null, "surface_classification_sett": null, "surface_classification_standing": null, "surface_swisstopo": "paved", "surface_sensebox": "unknown", "surface_sensebox_probability": 0.0, "match": "Unknown" }, "geometry": { "type": "Point", "coordinates": [ 8.759401219195784, 47.201402523594517 ] } },
{ "type": "Feature", "properties": { "timestamp": "2026-05-02T12:23:03.997Z", "latitude": 47.201417907349665, "longitude": 8.7594422570252775, "BELAGSART": 100, "surface_classification_asphalt": 0.73, "surface_classification_compacted": 0.01, "surface_classification_paving": 0.17, "surface_classification_sett": 0.0, "surface_classification_standing": 0.09, "surface_swisstopo": "paved", "surface_sensebox": "paved", "surface_sensebox_probability": 0.73, "match": "True" }, "geometry": { "type": "Point", "coordinates": [ 8.759442265681706, 47.201417917391716 ] } },
{ "type": "Feature", "properties": { "timestamp": "2026-05-02T12:23:04.997Z", "latitude": 47.201432662145301, "longitude": 8.7594801083646434, "BELAGSART": 100, "surface_classification_asphalt": null, "surface_classification_compacted": null, "surface_classification_paving": null, "surface_classification_sett": null, "surface_classification_standing": null, "surface_swisstopo": "paved", "surface_sensebox": "unknown", "surface_sensebox_probability": 0.0, "match": "Unknown" }, "geometry": { "type": "Point", "coordinates": [ 8.759480117021109, 47.201432672187401 ] } },
{ "type": "Feature", "properties": { "timestamp": "2026-05-02T12:23:05.997Z", "latitude": 47.20144694735923, "longitude": 8.7595174270423612, "BELAGSART": 100, "surface_classification_asphalt": 0.83, "surface_classification_compacted": 0.0, "surface_classification_paving": 0.05, "surface_classification_sett": 0.0, "surface_classification_standing": 0.11, "surface_swisstopo": "paved", "surface_sensebox": "paved", "surface_sensebox_probability": 0.83, "match": "True" }, "geometry": { "type": "Point", "coordinates": [ 8.759517435698861, 47.201446957401316 ] } },
{ "type": "Feature", "properties": { "timestamp": "2026-05-02T12:23:06.997Z", "latitude": 47.201457365040071, "longitude": 8.7595583469646243, "BELAGSART": 100, "surface_classification_asphalt": null, "surface_classification_compacted": null, "surface_classification_paving": null, "surface_classification_sett": null, "surface_classification_standing": null, "surface_swisstopo": "paved", "surface_sensebox": "unknown", "surface_sensebox_probability": 0.0, "match": "Unknown" }, "geometry": { "type": "Point", "coordinates": [ 8.759558355621154, 47.201457375082128 ] } },
{ "type": "Feature", "properties": { "timestamp": "2026-05-02T12:23:07.997Z", "latitude": 47.201472666868227, "longitude": 8.7595959075422414, "BELAGSART": 100, "surface_classification_asphalt": null, "surface_classification_compacted": null, "surface_classification_paving": null, "surface_classification_sett": null, "surface_classification_standing": null, "surface_swisstopo": "paved", "surface_sensebox": "unknown", "surface_sensebox_probability": 0.0, "match": "Unknown" }, "geometry": { "type": "Point", "coordinates": [ 8.759595916198803, 47.201472676910285 ] } },
{ "type": "Feature", "properties": { "timestamp": "2026-05-02T12:23:08.997Z", "latitude": 47.201486828441759, "longitude": 8.7596308991418415, "BELAGSART": 100, "surface_classification_asphalt": 0.34, "surface_classification_compacted": 0.0, "surface_classification_paving": 0.08, "surface_classification_sett": 0.0, "surface_classification_standing": 0.59, "surface_swisstopo": "paved", "surface_sensebox": "unknown", "surface_sensebox_probability": 0.34, "match": "Unknown" }, "geometry": { "type": "Point", "coordinates": [ 8.75963090779844, 47.20148683848376 ] } },
{ "type": "Feature", "properties": { "timestamp": "2026-05-02T12:23:09.997Z", "latitude": 47.20149589678568, "longitude": 8.7596743913583541, "BELAGSART": 100, "surface_classification_asphalt": null, "surface_classification_compacted": null, "surface_classification_paving": null, "surface_classification_sett": null, "surface_classification_standing": null, "surface_swisstopo": "paved", "surface_sensebox": "unknown", "surface_sensebox_probability": 0.0, "match": "Unknown" }, "geometry": { "type": "Point", "coordinates": [ 8.759674400014989, 47.201495906827667 ] } },
{ "type": "Feature", "properties": { "timestamp": "2026-05-02T12:23:10.997Z", "latitude": 47.20150646184532, "longitude": 8.759710499789124, "BELAGSART": 100, "surface_classification_asphalt": null, "surface_classification_compacted": null, "surface_classification_paving": null, "surface_classification_sett": null, "surface_classification_standing": null, "surface_swisstopo": "paved", "surface_sensebox": "unknown", "surface_sensebox_probability": 0.0, "match": "Unknown" }, "geometry": { "type": "Point", "coordinates": [ 8.759710508445785, 47.201506471887349 ] } },
{ "type": "Feature", "properties": { "timestamp": "2026-05-02T12:23:11.997Z", "latitude": 47.201521123588734, "longitude": 8.7597462543743809, "BELAGSART": 100, "surface_classification_asphalt": 0.9, "surface_classification_compacted": 0.0, "surface_classification_paving": 0.03, "surface_classification_sett": 0.0, "surface_classification_standing": 0.07, "surface_swisstopo": "paved", "surface_sensebox": "paved", "surface_sensebox_probability": 0.9, "match": "True" }, "geometry": { "type": "Point", "coordinates": [ 8.759746263031078, 47.201521133630727 ] } },
{ "type": "Feature", "properties": { "timestamp": "2026-05-02T12:23:12.997Z", "latitude": 47.201536447245523, "longitude": 8.7597762891756972, "BELAGSART": 100, "surface_classification_asphalt": null, "surface_classification_compacted": null, "surface_classification_paving": null, "surface_classification_sett": null, "surface_classification_standing": null, "surface_swisstopo": "paved", "surface_sensebox": "unknown", "surface_sensebox_probability": 0.0, "match": "Unknown" }, "geometry": { "type": "Point", "coordinates": [ 8.759776297832415, 47.201536457287524 ] } },
{ "type": "Feature", "properties": { "timestamp": "2026-05-02T12:23:13.997Z", "latitude": 47.201545042927101, "longitude": 8.7598209292222116, "BELAGSART": 100, "surface_classification_asphalt": null, "surface_classification_compacted": null, "surface_classification_paving": null, "surface_classification_sett": null, "surface_classification_standing": null, "surface_swisstopo": "paved", "surface_sensebox": "unknown", "surface_sensebox_probability": 0.0, "match": "Unknown" }, "geometry": { "type": "Point", "coordinates": [ 8.75982093787897, 47.201545052969081 ] } },
{ "type": "Feature", "properties": { "timestamp": "2026-05-02T12:23:14.997Z", "latitude": 47.201561155054797, "longitude": 8.7598561103969494, "BELAGSART": 100, "surface_classification_asphalt": 0.43, "surface_classification_compacted": 0.0, "surface_classification_paving": 0.34, "surface_classification_sett": 0.0, "surface_classification_standing": 0.22, "surface_swisstopo": "paved", "surface_sensebox": "unknown", "surface_sensebox_probability": 0.43, "match": "Unknown" }, "geometry": { "type": "Point", "coordinates": [ 8.75985611905374, 47.201561165096827 ] } },
{ "type": "Feature", "properties": { "timestamp": "2026-05-02T12:23:15.997Z", "latitude": 47.201572019091095, "longitude": 8.7598918766208982, "BELAGSART": 100, "surface_classification_asphalt": null, "surface_classification_compacted": null, "surface_classification_paving": null, "surface_classification_sett": null, "surface_classification_standing": null, "surface_swisstopo": "paved", "surface_sensebox": "unknown", "surface_sensebox_probability": 0.0, "match": "Unknown" }, "geometry": { "type": "Point", "coordinates": [ 8.759891885277712, 47.201572029133075 ] } },
{ "type": "Feature", "properties": { "timestamp": "2026-05-02T12:23:16.997Z", "latitude": 47.201587274480339, "longitude": 8.7599208497724685, "BELAGSART": 100, "surface_classification_asphalt": null, "surface_classification_compacted": null, "surface_classification_paving": null, "surface_classification_sett": null, "surface_classification_standing": null, "surface_swisstopo": "paved", "surface_sensebox": "unknown", "surface_sensebox_probability": 0.0, "match": "Unknown" }, "geometry": { "type": "Point", "coordinates": [ 8.759920858429307, 47.201587284522319 ] } },
{ "type": "Feature", "properties": { "timestamp": "2026-05-02T12:23:17.997Z", "latitude": 47.201595753865732, "longitude": 8.7599570909092677, "BELAGSART": 100, "surface_classification_asphalt": 0.46, "surface_classification_compacted": 0.0, "surface_classification_paving": 0.07, "surface_classification_sett": 0.0, "surface_classification_standing": 0.46, "surface_swisstopo": "paved", "surface_sensebox": "unknown", "surface_sensebox_probability": 0.46, "match": "Unknown" }, "geometry": { "type": "Point", "coordinates": [ 8.759957099566137, 47.201595763907669 ] } },
{ "type": "Feature", "properties": { "timestamp": "2026-05-02T12:23:18.997Z", "latitude": 47.20160787073381, "longitude": 8.7599963599900441, "BELAGSART": 100, "surface_classification_asphalt": null, "surface_classification_compacted": null, "surface_classification_paving": null, "surface_classification_sett": null, "surface_classification_standing": null, "surface_swisstopo": "paved", "surface_sensebox": "unknown", "surface_sensebox_probability": 0.0, "match": "Unknown" }, "geometry": { "type": "Point", "coordinates": [ 8.75999636864695, 47.201607880775747 ] } },
{ "type": "Feature", "properties": { "timestamp": "2026-05-02T12:23:19.997Z", "latitude": 47.201622766576705, "longitude": 8.7600305680934767, "BELAGSART": 100, "surface_classification_asphalt": null, "surface_classification_compacted": null, "surface_classification_paving": null, "surface_classification_sett": null, "surface_classification_standing": null, "surface_swisstopo": "paved", "surface_sensebox": "unknown", "surface_sensebox_probability": 0.0, "match": "Unknown" }, "geometry": { "type": "Point", "coordinates": [ 8.760030576750413, 47.201622776618699 ] } },
{ "type": "Feature", "properties": { "timestamp": "2026-05-02T12:23:20.997Z", "latitude": 47.201633021116237, "longitude": 8.760064715613094, "BELAGSART": 100, "surface_classification_asphalt": 0.82, "surface_classification_compacted": 0.01, "surface_classification_paving": 0.08, "surface_classification_sett": 0.0, "surface_classification_standing": 0.09, "surface_swisstopo": "paved", "surface_sensebox": "paved", "surface_sensebox_probability": 0.82, "match": "True" }, "geometry": { "type": "Point", "coordinates": [ 8.760064724270059, 47.201633031158188 ] } },
{ "type": "Feature", "properties": { "timestamp": "2026-05-02T12:23:21.997Z", "latitude": 47.201637578462602, "longitude": 8.760098785442322, "BELAGSART": 100, "surface_classification_asphalt": null, "surface_classification_compacted": null, "surface_classification_paving": null, "surface_classification_sett": null, "surface_classification_standing": null, "surface_swisstopo": "paved", "surface_sensebox": "unknown", "surface_sensebox_probability": 0.0, "match": "Unknown" }, "geometry": { "type": "Point", "coordinates": [ 8.760098794099317, 47.201637588504575 ] } },
{ "type": "Feature", "properties": { "timestamp": "2026-05-02T12:23:22.997Z", "latitude": 47.20163379123742, "longitude": 8.7601287819142133, "BELAGSART": 100, "surface_classification_asphalt": 0.64, "surface_classification_compacted": 0.0, "surface_classification_paving": 0.19, "surface_classification_sett": 0.0, "surface_classification_standing": 0.17, "surface_swisstopo": "paved", "surface_sensebox": "paved", "surface_sensebox_probability": 0.64, "match": "True" }, "geometry": { "type": "Point", "coordinates": [ 8.760128790571239, 47.201633801279328 ] } },
{ "type": "Feature", "properties": { "timestamp": "2026-05-02T12:23:23.997Z", "latitude": 47.201626465535398, "longitude": 8.7601571872709734, "BELAGSART": 100, "surface_classification_asphalt": null, "surface_classification_compacted": null, "surface_classification_paving": null, "surface_classification_sett": null, "surface_classification_standing": null, "surface_swisstopo": "paved", "surface_sensebox": "unknown", "surface_sensebox_probability": 0.0, "match": "Unknown" }, "geometry": { "type": "Point", "coordinates": [ 8.760157195928029, 47.201626475577271 ] } },
{ "type": "Feature", "properties": { "timestamp": "2026-05-02T12:23:24.997Z", "latitude": 47.201615176916775, "longitude": 8.7601798363896233, "BELAGSART": 100, "surface_classification_asphalt": null, "surface_classification_compacted": null, "surface_classification_paving": null, "surface_classification_sett": null, "surface_classification_standing": null, "surface_swisstopo": "paved", "surface_sensebox": "unknown", "surface_sensebox_probability": 0.0, "match": "Unknown" }, "geometry": { "type": "Point", "coordinates": [ 8.760179845046705, 47.201615186958691 ] } },
{ "type": "Feature", "properties": { "timestamp": "2026-05-02T12:23:26.000Z", "latitude": 47.201596857689971, "longitude": 8.7602026147415799, "BELAGSART": 100, "surface_classification_asphalt": 0.83, "surface_classification_compacted": 0.0, "surface_classification_paving": 0.11, "surface_classification_sett": 0.0, "surface_classification_standing": 0.05, "surface_swisstopo": "paved", "surface_sensebox": "paved", "surface_sensebox_probability": 0.83, "match": "True" }, "geometry": { "type": "Point", "coordinates": [ 8.76020262339869, 47.201596867731865 ] } },
{ "type": "Feature", "properties": { "timestamp": "2026-05-02T12:23:27.000Z", "latitude": 47.20158113567652, "longitude": 8.7602241875022315, "BELAGSART": 200, "surface_classification_asphalt": null, "surface_classification_compacted": null, "surface_classification_paving": null, "surface_classification_sett": null, "surface_classification_standing": null, "surface_swisstopo": "nature", "surface_sensebox": "unknown", "surface_sensebox_probability": 0.0, "match": "Unknown" }, "geometry": { "type": "Point", "coordinates": [ 8.760224196159362, 47.201581145718386 ] } },
{ "type": "Feature", "properties": { "timestamp": "2026-05-02T12:23:28.000Z", "latitude": 47.201561623234035, "longitude": 8.7602423549238626, "BELAGSART": 100, "surface_classification_asphalt": null, "surface_classification_compacted": null, "surface_classification_paving": null, "surface_classification_sett": null, "surface_classification_standing": null, "surface_swisstopo": "paved", "surface_sensebox": "unknown", "surface_sensebox_probability": 0.0, "match": "Unknown" }, "geometry": { "type": "Point", "coordinates": [ 8.760242363581021, 47.201561633275908 ] } },
{ "type": "Feature", "properties": { "timestamp": "2026-05-02T12:23:29.000Z", "latitude": 47.201539274298597, "longitude": 8.760263221597798, "BELAGSART": 100, "surface_classification_asphalt": 0.85, "surface_classification_compacted": 0.02, "surface_classification_paving": 0.08, "surface_classification_sett": 0.0, "surface_classification_standing": 0.05, "surface_swisstopo": "paved", "surface_sensebox": "paved", "surface_sensebox_probability": 0.85, "match": "True" }, "geometry": { "type": "Point", "coordinates": [ 8.760263230254983, 47.201539284340434 ] } },
{ "type": "Feature", "properties": { "timestamp": "2026-05-02T12:23:30.000Z", "latitude": 47.201512827166702, "longitude": 8.7602800978097406, "BELAGSART": 100, "surface_classification_asphalt": null, "surface_classification_compacted": null, "surface_classification_paving": null, "surface_classification_sett": null, "surface_classification_standing": null, "surface_swisstopo": "paved", "surface_sensebox": "unknown", "surface_sensebox_probability": 0.0, "match": "Unknown" }, "geometry": { "type": "Point", "coordinates": [ 8.760280106466951, 47.201512837208547 ] } },
{ "type": "Feature", "properties": { "timestamp": "2026-05-02T12:23:31.000Z", "latitude": 47.20148661035789, "longitude": 8.7602936218868717, "BELAGSART": 100, "surface_classification_asphalt": null, "surface_classification_compacted": null, "surface_classification_paving": null, "surface_classification_sett": null, "surface_classification_standing": null, "surface_swisstopo": "paved", "surface_sensebox": "unknown", "surface_sensebox_probability": 0.0, "match": "Unknown" }, "geometry": { "type": "Point", "coordinates": [ 8.760293630544105, 47.20148662039972 ] } },
{ "type": "Feature", "properties": { "timestamp": "2026-05-02T12:23:32.000Z", "latitude": 47.201461302467486, "longitude": 8.760303316171214, "BELAGSART": 100, "surface_classification_asphalt": 0.64, "surface_classification_compacted": 0.0, "surface_classification_paving": 0.05, "surface_classification_sett": 0.0, "surface_classification_standing": 0.3, "surface_swisstopo": "paved", "surface_sensebox": "paved", "surface_sensebox_probability": 0.64, "match": "True" }, "geometry": { "type": "Point", "coordinates": [ 8.760303324828456, 47.201461312509252 ] } },
{ "type": "Feature", "properties": { "timestamp": "2026-05-02T12:23:33.000Z", "latitude": 47.201437234152792, "longitude": 8.7603121072343786, "BELAGSART": 100, "surface_classification_asphalt": null, "surface_classification_compacted": null, "surface_classification_paving": null, "surface_classification_sett": null, "surface_classification_standing": null, "surface_swisstopo": "paved", "surface_sensebox": "unknown", "surface_sensebox_probability": 0.0, "match": "Unknown" }, "geometry": { "type": "Point", "coordinates": [ 8.760312115891638, 47.201437244194572 ] } },
{ "type": "Feature", "properties": { "timestamp": "2026-05-02T12:23:34.000Z", "latitude": 47.201405574440486, "longitude": 8.7603132510578856, "BELAGSART": 100, "surface_classification_asphalt": null, "surface_classification_compacted": null, "surface_classification_paving": null, "surface_classification_sett": null, "surface_classification_standing": null, "surface_swisstopo": "paved", "surface_sensebox": "unknown", "surface_sensebox_probability": 0.0, "match": "Unknown" }, "geometry": { "type": "Point", "coordinates": [ 8.76031325971516, 47.201405584482266 ] } },
{ "type": "Feature", "properties": { "timestamp": "2026-05-02T12:23:35.000Z", "latitude": 47.201380613658856, "longitude": 8.7603274334488486, "BELAGSART": 100, "surface_classification_asphalt": 0.3, "surface_classification_compacted": 0.0, "surface_classification_paving": 0.24, "surface_classification_sett": 0.0, "surface_classification_standing": 0.46, "surface_swisstopo": "paved", "surface_sensebox": "unknown", "surface_sensebox_probability": 0.3, "match": "Unknown" }, "geometry": { "type": "Point", "coordinates": [ 8.760327442106146, 47.201380623700629 ] } },
{ "type": "Feature", "properties": { "timestamp": "2026-05-02T12:23:36.000Z", "latitude": 47.201354223407009, "longitude": 8.7603366501903661, "BELAGSART": 100, "surface_classification_asphalt": null, "surface_classification_compacted": null, "surface_classification_paving": null, "surface_classification_sett": null, "surface_classification_standing": null, "surface_swisstopo": "paved", "surface_sensebox": "unknown", "surface_sensebox_probability": 0.0, "match": "Unknown" }, "geometry": { "type": "Point", "coordinates": [ 8.760336658847677, 47.201354233448789 ] } },
{ "type": "Feature", "properties": { "timestamp": "2026-05-02T12:23:37.000Z", "latitude": 47.201331056236967, "longitude": 8.7603475774680923, "BELAGSART": 100, "surface_classification_asphalt": 0.46, "surface_classification_compacted": 0.0, "surface_classification_paving": 0.21, "surface_classification_sett": 0.0, "surface_classification_standing": 0.33, "surface_swisstopo": "paved", "surface_sensebox": "unknown", "surface_sensebox_probability": 0.46, "match": "Unknown" }, "geometry": { "type": "Point", "coordinates": [ 8.76034758612542, 47.201331066278733 ] } },
{ "type": "Feature", "properties": { "timestamp": "2026-05-02T12:23:38.000Z", "latitude": 47.201308753242216, "longitude": 8.7603603526541942, "BELAGSART": 100, "surface_classification_asphalt": null, "surface_classification_compacted": null, "surface_classification_paving": null, "surface_classification_sett": null, "surface_classification_standing": null, "surface_swisstopo": "paved", "surface_sensebox": "unknown", "surface_sensebox_probability": 0.0, "match": "Unknown" }, "geometry": { "type": "Point", "coordinates": [ 8.760360361311545, 47.201308763283976 ] } },
{ "type": "Feature", "properties": { "timestamp": "2026-05-02T12:23:39.000Z", "latitude": 47.20129856090049, "longitude": 8.7603779843399767, "BELAGSART": 100, "surface_classification_asphalt": null, "surface_classification_compacted": null, "surface_classification_paving": null, "surface_classification_sett": null, "surface_classification_standing": null, "surface_swisstopo": "paved", "surface_sensebox": "unknown", "surface_sensebox_probability": 0.0, "match": "Unknown" }, "geometry": { "type": "Point", "coordinates": [ 8.760377992997345, 47.201298570942214 ] } },
{ "type": "Feature", "properties": { "timestamp": "2026-05-02T12:23:40.000Z", "latitude": 47.201311809506322, "longitude": 8.7604009572628261, "BELAGSART": 100, "surface_classification_asphalt": 0.48, "surface_classification_compacted": 0.48, "surface_classification_paving": 0.02, "surface_classification_sett": 0.01, "surface_classification_standing": 0.0, "surface_swisstopo": "paved", "surface_sensebox": "unknown", "surface_sensebox_probability": 0.48, "match": "Unknown" }, "geometry": { "type": "Point", "coordinates": [ 8.760400965920216, 47.201311819548046 ] } },
{ "type": "Feature", "properties": { "timestamp": "2026-05-02T12:23:41.000Z", "latitude": 47.201331671548829, "longitude": 8.7604059923235926, "BELAGSART": 100, "surface_classification_asphalt": null, "surface_classification_compacted": null, "surface_classification_paving": null, "surface_classification_sett": null, "surface_classification_standing": null, "surface_swisstopo": "paved", "surface_sensebox": "unknown", "surface_sensebox_probability": 0.0, "match": "Unknown" }, "geometry": { "type": "Point", "coordinates": [ 8.76040600098098, 47.201331681590574 ] } },
{ "type": "Feature", "properties": { "timestamp": "2026-05-02T12:23:42.999Z", "latitude": 47.201385093703109, "longitude": 8.7603807824423328, "BELAGSART": 100, "surface_classification_asphalt": 0.83, "surface_classification_compacted": 0.0, "surface_classification_paving": 0.06, "surface_classification_sett": 0.0, "surface_classification_standing": 0.1, "surface_swisstopo": "paved", "surface_sensebox": "paved", "surface_sensebox_probability": 0.83, "match": "True" }, "geometry": { "type": "Point", "coordinates": [ 8.760380791099683, 47.201385103744911 ] } },
{ "type": "Feature", "properties": { "timestamp": "2026-05-02T12:23:43.999Z", "latitude": 47.201405802639968, "longitude": 8.7603529353665213, "BELAGSART": 100, "surface_classification_asphalt": null, "surface_classification_compacted": null, "surface_classification_paving": null, "surface_classification_sett": null, "surface_classification_standing": null, "surface_swisstopo": "paved", "surface_sensebox": "unknown", "surface_sensebox_probability": 0.0, "match": "Unknown" }, "geometry": { "type": "Point", "coordinates": [ 8.760352944023831, 47.201405812681756 ] } },
{ "type": "Feature", "properties": { "timestamp": "2026-05-02T12:23:44.999Z", "latitude": 47.201426200321251, "longitude": 8.7603369103510964, "BELAGSART": 100, "surface_classification_asphalt": null, "surface_classification_compacted": null, "surface_classification_paving": null, "surface_classification_sett": null, "surface_classification_standing": null, "surface_swisstopo": "paved", "surface_sensebox": "unknown", "surface_sensebox_probability": 0.0, "match": "Unknown" }, "geometry": { "type": "Point", "coordinates": [ 8.760336919008386, 47.201426210363067 ] } },
{ "type": "Feature", "properties": { "timestamp": "2026-05-02T12:23:45.999Z", "latitude": 47.201451123903482, "longitude": 8.7603285664163675, "BELAGSART": 100, "surface_classification_asphalt": 0.86, "surface_classification_compacted": 0.1, "surface_classification_paving": 0.03, "surface_classification_sett": 0.0, "surface_classification_standing": 0.0, "surface_swisstopo": "paved", "surface_sensebox": "paved", "surface_sensebox_probability": 0.86, "match": "True" }, "geometry": { "type": "Point", "coordinates": [ 8.760328575073643, 47.201451133945277 ] } },
{ "type": "Feature", "properties": { "timestamp": "2026-05-02T12:23:46.999Z", "latitude": 47.201474868128216, "longitude": 8.7603186277326408, "BELAGSART": 100, "surface_classification_asphalt": null, "surface_classification_compacted": null, "surface_classification_paving": null, "surface_classification_sett": null, "surface_classification_standing": null, "surface_swisstopo": "paved", "surface_sensebox": "unknown", "surface_sensebox_probability": 0.0, "match": "Unknown" }, "geometry": { "type": "Point", "coordinates": [ 8.760318636389899, 47.201474878170004 ] } },
{ "type": "Feature", "properties": { "timestamp": "2026-05-02T12:23:47.999Z", "latitude": 47.201494674296534, "longitude": 8.7603085288797988, "BELAGSART": 100, "surface_classification_asphalt": null, "surface_classification_compacted": null, "surface_classification_paving": null, "surface_classification_sett": null, "surface_classification_standing": null, "surface_swisstopo": "paved", "surface_sensebox": "unknown", "surface_sensebox_probability": 0.0, "match": "Unknown" }, "geometry": { "type": "Point", "coordinates": [ 8.760308537537046, 47.201494684338314 ] } },
{ "type": "Feature", "properties": { "timestamp": "2026-05-02T12:23:48.999Z", "latitude": 47.201516850921109, "longitude": 8.7603032978269901, "BELAGSART": 100, "surface_classification_asphalt": 0.8, "surface_classification_compacted": 0.0, "surface_classification_paving": 0.05, "surface_classification_sett": 0.0, "surface_classification_standing": 0.15, "surface_swisstopo": "paved", "surface_sensebox": "paved", "surface_sensebox_probability": 0.8, "match": "True" }, "geometry": { "type": "Point", "coordinates": [ 8.76030330648422, 47.201516860962926 ] } },
{ "type": "Feature", "properties": { "timestamp": "2026-05-02T12:23:49.999Z", "latitude": 47.20153754794773, "longitude": 8.7602922419490188, "BELAGSART": 100, "surface_classification_asphalt": null, "surface_classification_compacted": null, "surface_classification_paving": null, "surface_classification_sett": null, "surface_classification_standing": null, "surface_swisstopo": "paved", "surface_sensebox": "unknown", "surface_sensebox_probability": 0.0, "match": "Unknown" }, "geometry": { "type": "Point", "coordinates": [ 8.760292250606234, 47.201537557989582 ] } },
{ "type": "Feature", "properties": { "timestamp": "2026-05-02T12:23:50.999Z", "latitude": 47.201555532702606, "longitude": 8.7602787659412442, "BELAGSART": 100, "surface_classification_asphalt": 0.97, "surface_classification_compacted": 0.01, "surface_classification_paving": 0.01, "surface_classification_sett": 0.0, "surface_classification_standing": 0.01, "surface_swisstopo": "paved", "surface_sensebox": "paved", "surface_sensebox_probability": 0.97, "match": "True" }, "geometry": { "type": "Point", "coordinates": [ 8.76027877459844, 47.201555542744487 ] } },
{ "type": "Feature", "properties": { "timestamp": "2026-05-02T12:23:51.999Z", "latitude": 47.201571815376546, "longitude": 8.7602704382177805, "BELAGSART": 100, "surface_classification_asphalt": null, "surface_classification_compacted": null, "surface_classification_paving": null, "surface_classification_sett": null, "surface_classification_standing": null, "surface_swisstopo": "paved", "surface_sensebox": "unknown", "surface_sensebox_probability": 0.0, "match": "Unknown" }, "geometry": { "type": "Point", "coordinates": [ 8.760270446874964, 47.201571825418434 ] } },
{ "type": "Feature", "properties": { "timestamp": "2026-05-02T12:23:52.999Z", "latitude": 47.201586985643715, "longitude": 8.7602844769167802, "BELAGSART": 100, "surface_classification_asphalt": null, "surface_classification_compacted": null, "surface_classification_paving": null, "surface_classification_sett": null, "surface_classification_standing": null, "surface_swisstopo": "paved", "surface_sensebox": "unknown", "surface_sensebox_probability": 0.0, "match": "Unknown" }, "geometry": { "type": "Point", "coordinates": [ 8.760284485573969, 47.201586995685574 ] } },
{ "type": "Feature", "properties": { "timestamp": "2026-05-02T12:23:53.999Z", "latitude": 47.201604182523852, "longitude": 8.7603123753831103, "BELAGSART": 200, "surface_classification_asphalt": 0.04, "surface_classification_compacted": 0.03, "surface_classification_paving": 0.5, "surface_classification_sett": 0.44, "surface_classification_standing": 0.0, "surface_swisstopo": "nature", "surface_sensebox": "unknown", "surface_sensebox_probability": 0.5, "match": "Unknown" }, "geometry": { "type": "Point", "coordinates": [ 8.76031238404032, 47.201604192565703 ] } },
{ "type": "Feature", "properties": { "timestamp": "2026-05-02T12:23:54.999Z", "latitude": 47.20162245862516, "longitude": 8.7603481416095992, "BELAGSART": 200, "surface_classification_asphalt": null, "surface_classification_compacted": null, "surface_classification_paving": null, "surface_classification_sett": null, "surface_classification_standing": null, "surface_swisstopo": "nature", "surface_sensebox": "unknown", "surface_sensebox_probability": 0.0, "match": "Unknown" }, "geometry": { "type": "Point", "coordinates": [ 8.760348150266841, 47.201622468667033 ] } },
{ "type": "Feature", "properties": { "timestamp": "2026-05-02T12:23:55.999Z", "latitude": 47.201638139385665, "longitude": 8.7604029459908475, "BELAGSART": 200, "surface_classification_asphalt": null, "surface_classification_compacted": null, "surface_classification_paving": null, "surface_classification_sett": null, "surface_classification_standing": null, "surface_swisstopo": "nature", "surface_sensebox": "unknown", "surface_sensebox_probability": 0.0, "match": "Unknown" }, "geometry": { "type": "Point", "coordinates": [ 8.760402954648134, 47.201638149427531 ] } },
{ "type": "Feature", "properties": { "timestamp": "2026-05-02T12:23:56.999Z", "latitude": 47.201658295885871, "longitude": 8.7604622996206363, "BELAGSART": 200, "surface_classification_asphalt": 0.02, "surface_classification_compacted": 0.14, "surface_classification_paving": 0.04, "surface_classification_sett": 0.81, "surface_classification_standing": 0.0, "surface_swisstopo": "nature", "surface_sensebox": "paved", "surface_sensebox_probability": 0.81, "match": "False" }, "geometry": { "type": "Point", "coordinates": [ 8.760462308277976, 47.201658305927715 ] } },
{ "type": "Feature", "properties": { "timestamp": "2026-05-02T12:23:57.999Z", "latitude": 47.201680417837608, "longitude": 8.7605150897619346, "BELAGSART": 200, "surface_classification_asphalt": null, "surface_classification_compacted": null, "surface_classification_paving": null, "surface_classification_sett": null, "surface_classification_standing": null, "surface_swisstopo": "nature", "surface_sensebox": "unknown", "surface_sensebox_probability": 0.0, "match": "Unknown" }, "geometry": { "type": "Point", "coordinates": [ 8.760515098419315, 47.201680427879396 ] } },
{ "type": "Feature", "properties": { "timestamp": "2026-05-02T12:23:58.999Z", "latitude": 47.20170337197294, "longitude": 8.7605689729660572, "BELAGSART": 200, "surface_classification_asphalt": null, "surface_classification_compacted": null, "surface_classification_paving": null, "surface_classification_sett": null, "surface_classification_standing": null, "surface_swisstopo": "nature", "surface_sensebox": "unknown", "surface_sensebox_probability": 0.0, "match": "Unknown" }, "geometry": { "type": "Point", "coordinates": [ 8.760568981623484, 47.201703382014763 ] } },
{ "type": "Feature", "properties": { "timestamp": "2026-05-02T12:23:59.999Z", "latitude": 47.201728162432005, "longitude": 8.760618221845494, "BELAGSART": 200, "surface_classification_asphalt": 0.14, "surface_classification_compacted": 0.25, "surface_classification_paving": 0.02, "surface_classification_sett": 0.6, "surface_classification_standing": 0.0, "surface_swisstopo": "nature", "surface_sensebox": "paved", "surface_sensebox_probability": 0.6, "match": "False" }, "geometry": { "type": "Point", "coordinates": [ 8.76061823050296, 47.201728172473807 ] } },
{ "type": "Feature", "properties": { "timestamp": "2026-05-02T12:24:00.999Z", "latitude": 47.201753420885446, "longitude": 8.7606666713547217, "BELAGSART": 200, "surface_classification_asphalt": null, "surface_classification_compacted": null, "surface_classification_paving": null, "surface_classification_sett": null, "surface_classification_standing": null, "surface_swisstopo": "nature", "surface_sensebox": "unknown", "surface_sensebox_probability": 0.0, "match": "Unknown" }, "geometry": { "type": "Point", "coordinates": [ 8.760666680012225, 47.201753430927226 ] } },
{ "type": "Feature", "properties": { "timestamp": "2026-05-02T12:24:01.999Z", "latitude": 47.201777857976317, "longitude": 8.7607179838197489, "BELAGSART": 200, "surface_classification_asphalt": null, "surface_classification_compacted": null, "surface_classification_paving": null, "surface_classification_sett": null, "surface_classification_standing": null, "surface_swisstopo": "nature", "surface_sensebox": "unknown", "surface_sensebox_probability": 0.0, "match": "Unknown" }, "geometry": { "type": "Point", "coordinates": [ 8.760717992477296, 47.20177786801807 ] } },
{ "type": "Feature", "properties": { "timestamp": "2026-05-02T12:24:02.999Z", "latitude": 47.201801483139818, "longitude": 8.7607601072042147, "BELAGSART": 200, "surface_classification_asphalt": 0.09, "surface_classification_compacted": 0.79, "surface_classification_paving": 0.03, "surface_classification_sett": 0.09, "surface_classification_standing": 0.0, "surface_swisstopo": "nature", "surface_sensebox": "nature", "surface_sensebox_probability": 0.79, "match": "True" }, "geometry": { "type": "Point", "coordinates": [ 8.7607601158618, 47.20180149318162 ] } },
{ "type": "Feature", "properties": { "timestamp": "2026-05-02T12:24:03.999Z", "latitude": 47.201822910629545, "longitude": 8.7608126571340943, "BELAGSART": 200, "surface_classification_asphalt": null, "surface_classification_compacted": null, "surface_classification_paving": null, "surface_classification_sett": null, "surface_classification_standing": null, "surface_swisstopo": "nature", "surface_sensebox": "unknown", "surface_sensebox_probability": 0.0, "match": "Unknown" }, "geometry": { "type": "Point", "coordinates": [ 8.760812665791718, 47.201822920671312 ] } },
{ "type": "Feature", "properties": { "timestamp": "2026-05-02T12:24:04.999Z", "latitude": 47.201845484266144, "longitude": 8.7608554414931898, "BELAGSART": 200, "surface_classification_asphalt": 0.02, "surface_classification_compacted": 0.92, "surface_classification_paving": 0.03, "surface_classification_sett": 0.03, "surface_classification_standing": 0.0, "surface_swisstopo": "nature", "surface_sensebox": "nature", "surface_sensebox_probability": 0.92, "match": "True" }, "geometry": { "type": "Point", "coordinates": [ 8.760855450150846, 47.201845494307918 ] } },
{ "type": "Feature", "properties": { "timestamp": "2026-05-02T12:24:05.999Z", "latitude": 47.20186633867489, "longitude": 8.760902297588018, "BELAGSART": 200, "surface_classification_asphalt": null, "surface_classification_compacted": null, "surface_classification_paving": null, "surface_classification_sett": null, "surface_classification_standing": null, "surface_swisstopo": "nature", "surface_sensebox": "unknown", "surface_sensebox_probability": 0.0, "match": "Unknown" }, "geometry": { "type": "Point", "coordinates": [ 8.760902306245717, 47.201866348716678 ] } },
{ "type": "Feature", "properties": { "timestamp": "2026-05-02T12:24:06.999Z", "latitude": 47.201889958457315, "longitude": 8.7609523088036543, "BELAGSART": 200, "surface_classification_asphalt": null, "surface_classification_compacted": null, "surface_classification_paving": null, "surface_classification_sett": null, "surface_classification_standing": null, "surface_swisstopo": "nature", "surface_sensebox": "unknown", "surface_sensebox_probability": 0.0, "match": "Unknown" }, "geometry": { "type": "Point", "coordinates": [ 8.760952317461397, 47.201889968499096 ] } },
{ "type": "Feature", "properties": { "timestamp": "2026-05-02T12:24:07.999Z", "latitude": 47.201911198475834, "longitude": 8.7610010187247429, "BELAGSART": 200, "surface_classification_asphalt": 0.03, "surface_classification_compacted": 0.02, "surface_classification_paving": 0.16, "surface_classification_sett": 0.79, "surface_classification_standing": 0.0, "surface_swisstopo": "nature", "surface_sensebox": "paved", "surface_sensebox_probability": 0.79, "match": "False" }, "geometry": { "type": "Point", "coordinates": [ 8.761001027382521, 47.201911208517572 ] } },
{ "type": "Feature", "properties": { "timestamp": "2026-05-02T12:24:08.999Z", "latitude": 47.201928776678074, "longitude": 8.7610526000748656, "BELAGSART": 200, "surface_classification_asphalt": null, "surface_classification_compacted": null, "surface_classification_paving": null, "surface_classification_sett": null, "surface_classification_standing": null, "surface_swisstopo": "nature", "surface_sensebox": "unknown", "surface_sensebox_probability": 0.0, "match": "Unknown" }, "geometry": { "type": "Point", "coordinates": [ 8.761052608732692, 47.201928786719833 ] } },
{ "type": "Feature", "properties": { "timestamp": "2026-05-02T12:24:09.999Z", "latitude": 47.201947461342087, "longitude": 8.7611022311564302, "BELAGSART": 200, "surface_classification_asphalt": null, "surface_classification_compacted": null, "surface_classification_paving": null, "surface_classification_sett": null, "surface_classification_standing": null, "surface_swisstopo": "nature", "surface_sensebox": "unknown", "surface_sensebox_probability": 0.0, "match": "Unknown" }, "geometry": { "type": "Point", "coordinates": [ 8.76110223981429, 47.201947471383811 ] } },
{ "type": "Feature", "properties": { "timestamp": "2026-05-02T12:24:10.999Z", "latitude": 47.201970328867127, "longitude": 8.7611466052590519, "BELAGSART": 200, "surface_classification_asphalt": 0.02, "surface_classification_compacted": 0.87, "surface_classification_paving": 0.05, "surface_classification_sett": 0.06, "surface_classification_standing": 0.0, "surface_swisstopo": "nature", "surface_sensebox": "nature", "surface_sensebox_probability": 0.87, "match": "True" }, "geometry": { "type": "Point", "coordinates": [ 8.761146613916953, 47.201970338908865 ] } },
{ "type": "Feature", "properties": { "timestamp": "2026-05-02T12:24:11.999Z", "latitude": 47.201991161563448, "longitude": 8.7611904078463976, "BELAGSART": 200, "surface_classification_asphalt": null, "surface_classification_compacted": null, "surface_classification_paving": null, "surface_classification_sett": null, "surface_classification_standing": null, "surface_swisstopo": "nature", "surface_sensebox": "unknown", "surface_sensebox_probability": 0.0, "match": "Unknown" }, "geometry": { "type": "Point", "coordinates": [ 8.761190416504336, 47.201991171605187 ] } },
{ "type": "Feature", "properties": { "timestamp": "2026-05-02T12:24:12.999Z", "latitude": 47.202010294922658, "longitude": 8.7612331352801807, "BELAGSART": 200, "surface_classification_asphalt": null, "surface_classification_compacted": null, "surface_classification_paving": null, "surface_classification_sett": null, "surface_classification_standing": null, "surface_swisstopo": "nature", "surface_sensebox": "unknown", "surface_sensebox_probability": 0.0, "match": "Unknown" }, "geometry": { "type": "Point", "coordinates": [ 8.761233143938151, 47.202010304964404 ] } },
{ "type": "Feature", "properties": { "timestamp": "2026-05-02T12:24:13.999Z", "latitude": 47.202030296127056, "longitude": 8.7612761247482567, "BELAGSART": 200, "surface_classification_asphalt": 0.05, "surface_classification_compacted": 0.67, "surface_classification_paving": 0.01, "surface_classification_sett": 0.27, "surface_classification_standing": 0.0, "surface_swisstopo": "nature", "surface_sensebox": "nature", "surface_sensebox_probability": 0.67, "match": "True" }, "geometry": { "type": "Point", "coordinates": [ 8.761276133406264, 47.202030306168773 ] } },
{ "type": "Feature", "properties": { "timestamp": "2026-05-02T12:24:14.999Z", "latitude": 47.202048654667998, "longitude": 8.7613204706875525, "BELAGSART": 200, "surface_classification_asphalt": null, "surface_classification_compacted": null, "surface_classification_paving": null, "surface_classification_sett": null, "surface_classification_standing": null, "surface_swisstopo": "nature", "surface_sensebox": "unknown", "surface_sensebox_probability": 0.0, "match": "Unknown" }, "geometry": { "type": "Point", "coordinates": [ 8.761320479345597, 47.202048664709714 ] } },
{ "type": "Feature", "properties": { "timestamp": "2026-05-02T12:24:15.999Z", "latitude": 47.202064526731554, "longitude": 8.7613660055244207, "BELAGSART": 200, "surface_classification_asphalt": null, "surface_classification_compacted": null, "surface_classification_paving": null, "surface_classification_sett": null, "surface_classification_standing": null, "surface_swisstopo": "nature", "surface_sensebox": "unknown", "surface_sensebox_probability": 0.0, "match": "Unknown" }, "geometry": { "type": "Point", "coordinates": [ 8.761366014182505, 47.202064536773278 ] } },
{ "type": "Feature", "properties": { "timestamp": "2026-05-02T12:24:16.999Z", "latitude": 47.202080043552563, "longitude": 8.7614161881492674, "BELAGSART": 200, "surface_classification_asphalt": 0.06, "surface_classification_compacted": 0.48, "surface_classification_paving": 0.03, "surface_classification_sett": 0.43, "surface_classification_standing": 0.0, "surface_swisstopo": "nature", "surface_sensebox": "unknown", "surface_sensebox_probability": 0.48, "match": "Unknown" }, "geometry": { "type": "Point", "coordinates": [ 8.761416196807394, 47.202080053594301 ] } },
{ "type": "Feature", "properties": { "timestamp": "2026-05-02T12:24:17.999Z", "latitude": 47.202093600220721, "longitude": 8.7614624957480309, "BELAGSART": 200, "surface_classification_asphalt": null, "surface_classification_compacted": null, "surface_classification_paving": null, "surface_classification_sett": null, "surface_classification_standing": null, "surface_swisstopo": "nature", "surface_sensebox": "unknown", "surface_sensebox_probability": 0.0, "match": "Unknown" }, "geometry": { "type": "Point", "coordinates": [ 8.761462504406197, 47.202093610262409 ] } },
{ "type": "Feature", "properties": { "timestamp": "2026-05-02T12:24:19.998Z", "latitude": 47.20212805793129, "longitude": 8.7615608051271163, "BELAGSART": 200, "surface_classification_asphalt": 0.01, "surface_classification_compacted": 0.03, "surface_classification_paving": 0.03, "surface_classification_sett": 0.93, "surface_classification_standing": 0.0, "surface_swisstopo": "nature", "surface_sensebox": "paved", "surface_sensebox_probability": 0.93, "match": "False" }, "geometry": { "type": "Point", "coordinates": [ 8.761560813785366, 47.20212806797295 ] } },
{ "type": "Feature", "properties": { "timestamp": "2026-05-02T12:24:20.998Z", "latitude": 47.202144338241425, "longitude": 8.7616069252279427, "BELAGSART": 200, "surface_classification_asphalt": null, "surface_classification_compacted": null, "surface_classification_paving": null, "surface_classification_sett": null, "surface_classification_standing": null, "surface_swisstopo": "nature", "surface_sensebox": "unknown", "surface_sensebox_probability": 0.0, "match": "Unknown" }, "geometry": { "type": "Point", "coordinates": [ 8.761606933886233, 47.202144348283106 ] } },
{ "type": "Feature", "properties": { "timestamp": "2026-05-02T12:24:21.998Z", "latitude": 47.202152457335977, "longitude": 8.7616463544105798, "BELAGSART": 200, "surface_classification_asphalt": 0.02, "surface_classification_compacted": 0.03, "surface_classification_paving": 0.02, "surface_classification_sett": 0.94, "surface_classification_standing": 0.0, "surface_swisstopo": "nature", "surface_sensebox": "paved", "surface_sensebox_probability": 0.94, "match": "False" }, "geometry": { "type": "Point", "coordinates": [ 8.761646363068904, 47.202152467377609 ] } },
{ "type": "Feature", "properties": { "timestamp": "2026-05-02T12:24:22.998Z", "latitude": 47.202155426999958, "longitude": 8.7616882792005697, "BELAGSART": 200, "surface_classification_asphalt": null, "surface_classification_compacted": null, "surface_classification_paving": null, "surface_classification_sett": null, "surface_classification_standing": null, "surface_swisstopo": "nature", "surface_sensebox": "unknown", "surface_sensebox_probability": 0.0, "match": "Unknown" }, "geometry": { "type": "Point", "coordinates": [ 8.761688287858933, 47.202155437041625 ] } },
{ "type": "Feature", "properties": { "timestamp": "2026-05-02T12:24:23.998Z", "latitude": 47.202155990622451, "longitude": 8.7617356223928748, "BELAGSART": 200, "surface_classification_asphalt": null, "surface_classification_compacted": null, "surface_classification_paving": null, "surface_classification_sett": null, "surface_classification_standing": null, "surface_swisstopo": "nature", "surface_sensebox": "unknown", "surface_sensebox_probability": 0.0, "match": "Unknown" }, "geometry": { "type": "Point", "coordinates": [ 8.761735631051286, 47.20215600066409 ] } },
{ "type": "Feature", "properties": { "timestamp": "2026-05-02T12:24:24.998Z", "latitude": 47.202166436705824, "longitude": 8.761780179410545, "BELAGSART": 200, "surface_classification_asphalt": 0.0, "surface_classification_compacted": 0.0, "surface_classification_paving": 0.0, "surface_classification_sett": 1.0, "surface_classification_standing": 0.0, "surface_swisstopo": "nature", "surface_sensebox": "paved", "surface_sensebox_probability": 1.0, "match": "False" }, "geometry": { "type": "Point", "coordinates": [ 8.76178018806899, 47.202166446747434 ] } },
{ "type": "Feature", "properties": { "timestamp": "2026-05-02T12:24:25.998Z", "latitude": 47.202178843804219, "longitude": 8.7618227835819908, "BELAGSART": 200, "surface_classification_asphalt": null, "surface_classification_compacted": null, "surface_classification_paving": null, "surface_classification_sett": null, "surface_classification_standing": null, "surface_swisstopo": "nature", "surface_sensebox": "unknown", "surface_sensebox_probability": 0.0, "match": "Unknown" }, "geometry": { "type": "Point", "coordinates": [ 8.761822792240478, 47.202178853845837 ] } },
{ "type": "Feature", "properties": { "timestamp": "2026-05-02T12:24:26.998Z", "latitude": 47.202190967742958, "longitude": 8.7618668863170743, "BELAGSART": 200, "surface_classification_asphalt": null, "surface_classification_compacted": null, "surface_classification_paving": null, "surface_classification_sett": null, "surface_classification_standing": null, "surface_swisstopo": "nature", "surface_sensebox": "unknown", "surface_sensebox_probability": 0.0, "match": "Unknown" }, "geometry": { "type": "Point", "coordinates": [ 8.761866894975597, 47.202190977784575 ] } },
{ "type": "Feature", "properties": { "timestamp": "2026-05-02T12:24:27.998Z", "latitude": 47.202201308757822, "longitude": 8.7619095654902743, "BELAGSART": 200, "surface_classification_asphalt": 0.06, "surface_classification_compacted": 0.16, "surface_classification_paving": 0.05, "surface_classification_sett": 0.74, "surface_classification_standing": 0.0, "surface_swisstopo": "nature", "surface_sensebox": "paved", "surface_sensebox_probability": 0.74, "match": "False" }, "geometry": { "type": "Point", "coordinates": [ 8.761909574148834, 47.202201318799425 ] } },
{ "type": "Feature", "properties": { "timestamp": "2026-05-02T12:24:28.998Z", "latitude": 47.202214216002098, "longitude": 8.7619508808445268, "BELAGSART": 200, "surface_classification_asphalt": null, "surface_classification_compacted": null, "surface_classification_paving": null, "surface_classification_sett": null, "surface_classification_standing": null, "surface_swisstopo": "nature", "surface_sensebox": "unknown", "surface_sensebox_probability": 0.0, "match": "Unknown" }, "geometry": { "type": "Point", "coordinates": [ 8.761950889503124, 47.202214226043743 ] } },
{ "type": "Feature", "properties": { "timestamp": "2026-05-02T12:24:29.998Z", "latitude": 47.20222887165238, "longitude": 8.761989416332181, "BELAGSART": 200, "surface_classification_asphalt": null, "surface_classification_compacted": null, "surface_classification_paving": null, "surface_classification_sett": null, "surface_classification_standing": null, "surface_swisstopo": "nature", "surface_sensebox": "unknown", "surface_sensebox_probability": 0.0, "match": "Unknown" }, "geometry": { "type": "Point", "coordinates": [ 8.761989424990809, 47.202228881693948 ] } },
{ "type": "Feature", "properties": { "timestamp": "2026-05-02T12:24:30.998Z", "latitude": 47.20224239168099, "longitude": 8.7620290090371054, "BELAGSART": 200, "surface_classification_asphalt": 0.33, "surface_classification_compacted": 0.29, "surface_classification_paving": 0.17, "surface_classification_sett": 0.21, "surface_classification_standing": 0.0, "surface_swisstopo": "nature", "surface_sensebox": "unknown", "surface_sensebox_probability": 0.33, "match": "Unknown" }, "geometry": { "type": "Point", "coordinates": [ 8.762029017695768, 47.202242401722586 ] } },
{ "type": "Feature", "properties": { "timestamp": "2026-05-02T12:24:31.998Z", "latitude": 47.202253560158425, "longitude": 8.762074316306089, "BELAGSART": 200, "surface_classification_asphalt": null, "surface_classification_compacted": null, "surface_classification_paving": null, "surface_classification_sett": null, "surface_classification_standing": null, "surface_swisstopo": "nature", "surface_sensebox": "unknown", "surface_sensebox_probability": 0.0, "match": "Unknown" }, "geometry": { "type": "Point", "coordinates": [ 8.762074324964797, 47.202253570199993 ] } },
{ "type": "Feature", "properties": { "timestamp": "2026-05-02T12:24:32.998Z", "latitude": 47.202268742929157, "longitude": 8.7621134574569535, "BELAGSART": 200, "surface_classification_asphalt": null, "surface_classification_compacted": null, "surface_classification_paving": null, "surface_classification_sett": null, "surface_classification_standing": null, "surface_swisstopo": "nature", "surface_sensebox": "unknown", "surface_sensebox_probability": 0.0, "match": "Unknown" }, "geometry": { "type": "Point", "coordinates": [ 8.762113466115689, 47.202268752970767 ] } },
{ "type": "Feature", "properties": { "timestamp": "2026-05-02T12:24:33.998Z", "latitude": 47.2022886325977, "longitude": 8.7621551689208204, "BELAGSART": 200, "surface_classification_asphalt": 0.13, "surface_classification_compacted": 0.43, "surface_classification_paving": 0.34, "surface_classification_sett": 0.1, "surface_classification_standing": 0.0, "surface_swisstopo": "nature", "surface_sensebox": "unknown", "surface_sensebox_probability": 0.43, "match": "Unknown" }, "geometry": { "type": "Point", "coordinates": [ 8.76215517757959, 47.202288642639253 ] } },
{ "type": "Feature", "properties": { "timestamp": "2026-05-02T12:24:34.998Z", "latitude": 47.202303996747993, "longitude": 8.7622041716540693, "BELAGSART": 200, "surface_classification_asphalt": null, "surface_classification_compacted": null, "surface_classification_paving": null, "surface_classification_sett": null, "surface_classification_standing": null, "surface_swisstopo": "nature", "surface_sensebox": "unknown", "surface_sensebox_probability": 0.0, "match": "Unknown" }, "geometry": { "type": "Point", "coordinates": [ 8.762204180312882, 47.202304006789568 ] } },
{ "type": "Feature", "properties": { "timestamp": "2026-05-02T12:24:35.998Z", "latitude": 47.202317926504683, "longitude": 8.7622490369828032, "BELAGSART": 200, "surface_classification_asphalt": 0.01, "surface_classification_compacted": 0.01, "surface_classification_paving": 0.09, "surface_classification_sett": 0.9, "surface_classification_standing": 0.0, "surface_swisstopo": "nature", "surface_sensebox": "paved", "surface_sensebox_probability": 0.9, "match": "False" }, "geometry": { "type": "Point", "coordinates": [ 8.76224904564166, 47.202317936546251 ] } },
{ "type": "Feature", "properties": { "timestamp": "2026-05-02T12:24:36.998Z", "latitude": 47.202332476540981, "longitude": 8.7622920928585195, "BELAGSART": 200, "surface_classification_asphalt": null, "surface_classification_compacted": null, "surface_classification_paving": null, "surface_classification_sett": null, "surface_classification_standing": null, "surface_swisstopo": "nature", "surface_sensebox": "unknown", "surface_sensebox_probability": 0.0, "match": "Unknown" }, "geometry": { "type": "Point", "coordinates": [ 8.76229210151741, 47.202332486582527 ] } },
{ "type": "Feature", "properties": { "timestamp": "2026-05-02T12:24:37.998Z", "latitude": 47.202348703017655, "longitude": 8.7623315076667119, "BELAGSART": 200, "surface_classification_asphalt": null, "surface_classification_compacted": null, "surface_classification_paving": null, "surface_classification_sett": null, "surface_classification_standing": null, "surface_swisstopo": "nature", "surface_sensebox": "unknown", "surface_sensebox_probability": 0.0, "match": "Unknown" }, "geometry": { "type": "Point", "coordinates": [ 8.762331516325636, 47.20234871305918 ] } },
{ "type": "Feature", "properties": { "timestamp": "2026-05-02T12:24:38.998Z", "latitude": 47.202365229138735, "longitude": 8.7623656265402641, "BELAGSART": 200, "surface_classification_asphalt": 0.07, "surface_classification_compacted": 0.13, "surface_classification_paving": 0.09, "surface_classification_sett": 0.71, "surface_classification_standing": 0.0, "surface_swisstopo": "nature", "surface_sensebox": "paved", "surface_sensebox_probability": 0.71, "match": "False" }, "geometry": { "type": "Point", "coordinates": [ 8.762365635199215, 47.202365239180239 ] } },
{ "type": "Feature", "properties": { "timestamp": "2026-05-02T12:24:39.998Z", "latitude": 47.202381210049424, "longitude": 8.762403022107323, "BELAGSART": 200, "surface_classification_asphalt": null, "surface_classification_compacted": null, "surface_classification_paving": null, "surface_classification_sett": null, "surface_classification_standing": null, "surface_swisstopo": "nature", "surface_sensebox": "unknown", "surface_sensebox_probability": 0.0, "match": "Unknown" }, "geometry": { "type": "Point", "coordinates": [ 8.762403030766304, 47.202381220090935 ] } },
{ "type": "Feature", "properties": { "timestamp": "2026-05-02T12:24:40.998Z", "latitude": 47.20239816064155, "longitude": 8.7624392205183668, "BELAGSART": 200, "surface_classification_asphalt": null, "surface_classification_compacted": null, "surface_classification_paving": null, "surface_classification_sett": null, "surface_classification_standing": null, "surface_swisstopo": "nature", "surface_sensebox": "unknown", "surface_sensebox_probability": 0.0, "match": "Unknown" }, "geometry": { "type": "Point", "coordinates": [ 8.762439229177376, 47.202398170683111 ] } },
{ "type": "Feature", "properties": { "timestamp": "2026-05-02T12:24:41.998Z", "latitude": 47.202413456315035, "longitude": 8.7624804244114216, "BELAGSART": 200, "surface_classification_asphalt": 0.02, "surface_classification_compacted": 0.0, "surface_classification_paving": 0.01, "surface_classification_sett": 0.97, "surface_classification_standing": 0.0, "surface_swisstopo": "nature", "surface_sensebox": "paved", "surface_sensebox_probability": 0.97, "match": "False" }, "geometry": { "type": "Point", "coordinates": [ 8.76248043307047, 47.202413466356539 ] } },
{ "type": "Feature", "properties": { "timestamp": "2026-05-02T12:24:42.998Z", "latitude": 47.202430629600165, "longitude": 8.7625152643917517, "BELAGSART": 200, "surface_classification_asphalt": null, "surface_classification_compacted": null, "surface_classification_paving": null, "surface_classification_sett": null, "surface_classification_standing": null, "surface_swisstopo": "nature", "surface_sensebox": "unknown", "surface_sensebox_probability": 0.0, "match": "Unknown" }, "geometry": { "type": "Point", "coordinates": [ 8.76251527305083, 47.202430639641683 ] } },
{ "type": "Feature", "properties": { "timestamp": "2026-05-02T12:24:43.998Z", "latitude": 47.202446090238439, "longitude": 8.762549904043647, "BELAGSART": 200, "surface_classification_asphalt": null, "surface_classification_compacted": null, "surface_classification_paving": null, "surface_classification_sett": null, "surface_classification_standing": null, "surface_swisstopo": "nature", "surface_sensebox": "unknown", "surface_sensebox_probability": 0.0, "match": "Unknown" }, "geometry": { "type": "Point", "coordinates": [ 8.762549912702752, 47.202446100279936 ] } },
{ "type": "Feature", "properties": { "timestamp": "2026-05-02T12:24:44.998Z", "latitude": 47.202457427716205, "longitude": 8.7625886505761983, "BELAGSART": 200, "surface_classification_asphalt": 0.16, "surface_classification_compacted": 0.53, "surface_classification_paving": 0.14, "surface_classification_sett": 0.18, "surface_classification_standing": 0.0, "surface_swisstopo": "nature", "surface_sensebox": "nature", "surface_sensebox_probability": 0.53, "match": "True" }, "geometry": { "type": "Point", "coordinates": [ 8.762588659235337, 47.202457437757715 ] } },
{ "type": "Feature", "properties": { "timestamp": "2026-05-02T12:24:45.998Z", "latitude": 47.202467923207934, "longitude": 8.7626300532821197, "BELAGSART": 200, "surface_classification_asphalt": null, "surface_classification_compacted": null, "surface_classification_paving": null, "surface_classification_sett": null, "surface_classification_standing": null, "surface_swisstopo": "nature", "surface_sensebox": "unknown", "surface_sensebox_probability": 0.0, "match": "Unknown" }, "geometry": { "type": "Point", "coordinates": [ 8.762630061941294, 47.20246793324943 ] } },
{ "type": "Feature", "properties": { "timestamp": "2026-05-02T12:24:46.998Z", "latitude": 47.202490372509097, "longitude": 8.7626722134283721, "BELAGSART": 200, "surface_classification_asphalt": null, "surface_classification_compacted": null, "surface_classification_paving": null, "surface_classification_sett": null, "surface_classification_standing": null, "surface_swisstopo": "nature", "surface_sensebox": "unknown", "surface_sensebox_probability": 0.0, "match": "Unknown" }, "geometry": { "type": "Point", "coordinates": [ 8.762672222087575, 47.2024903825506 ] } },
{ "type": "Feature", "properties": { "timestamp": "2026-05-02T12:24:47.998Z", "latitude": 47.202508038462959, "longitude": 8.7627074759157093, "BELAGSART": 200, "surface_classification_asphalt": 0.13, "surface_classification_compacted": 0.09, "surface_classification_paving": 0.16, "surface_classification_sett": 0.62, "surface_classification_standing": 0.0, "surface_swisstopo": "nature", "surface_sensebox": "paved", "surface_sensebox_probability": 0.62, "match": "False" }, "geometry": { "type": "Point", "coordinates": [ 8.762707484574946, 47.202508048504448 ] } },
{ "type": "Feature", "properties": { "timestamp": "2026-05-02T12:24:48.998Z", "latitude": 47.202526149596686, "longitude": 8.7627489951012691, "BELAGSART": 200, "surface_classification_asphalt": null, "surface_classification_compacted": null, "surface_classification_paving": null, "surface_classification_sett": null, "surface_classification_standing": null, "surface_swisstopo": "nature", "surface_sensebox": "unknown", "surface_sensebox_probability": 0.0, "match": "Unknown" }, "geometry": { "type": "Point", "coordinates": [ 8.762749003760534, 47.202526159638197 ] } },
{ "type": "Feature", "properties": { "timestamp": "2026-05-02T12:24:49.998Z", "latitude": 47.202546427350946, "longitude": 8.7627881350914727, "BELAGSART": 200, "surface_classification_asphalt": 0.07, "surface_classification_compacted": 0.06, "surface_classification_paving": 0.03, "surface_classification_sett": 0.84, "surface_classification_standing": 0.0, "surface_swisstopo": "nature", "surface_sensebox": "paved", "surface_sensebox_probability": 0.84, "match": "False" }, "geometry": { "type": "Point", "coordinates": [ 8.76278814375077, 47.2025464373924 ] } },
{ "type": "Feature", "properties": { "timestamp": "2026-05-02T12:24:50.998Z", "latitude": 47.20256796568443, "longitude": 8.7628208685964566, "BELAGSART": 200, "surface_classification_asphalt": null, "surface_classification_compacted": null, "surface_classification_paving": null, "surface_classification_sett": null, "surface_classification_standing": null, "surface_swisstopo": "nature", "surface_sensebox": "unknown", "surface_sensebox_probability": 0.0, "match": "Unknown" }, "geometry": { "type": "Point", "coordinates": [ 8.762820877255782, 47.202567975725849 ] } },
{ "type": "Feature", "properties": { "timestamp": "2026-05-02T12:24:51.998Z", "latitude": 47.202593767213131, "longitude": 8.7628557813179544, "BELAGSART": 200, "surface_classification_asphalt": null, "surface_classification_compacted": null, "surface_classification_paving": null, "surface_classification_sett": null, "surface_classification_standing": null, "surface_swisstopo": "nature", "surface_sensebox": "unknown", "surface_sensebox_probability": 0.0, "match": "Unknown" }, "geometry": { "type": "Point", "coordinates": [ 8.762855789977303, 47.202593777254606 ] } },
{ "type": "Feature", "properties": { "timestamp": "2026-05-02T12:24:52.998Z", "latitude": 47.20261690260071, "longitude": 8.7628723008307929, "BELAGSART": 200, "surface_classification_asphalt": 0.02, "surface_classification_compacted": 0.03, "surface_classification_paving": 0.32, "surface_classification_sett": 0.63, "surface_classification_standing": 0.0, "surface_swisstopo": "nature", "surface_sensebox": "paved", "surface_sensebox_probability": 0.63, "match": "False" }, "geometry": { "type": "Point", "coordinates": [ 8.762872309490147, 47.202616912642121 ] } },
{ "type": "Feature", "properties": { "timestamp": "2026-05-02T12:24:53.998Z", "latitude": 47.202634012076594, "longitude": 8.7628917318296846, "BELAGSART": 200, "surface_classification_asphalt": null, "surface_classification_compacted": null, "surface_classification_paving": null, "surface_classification_sett": null, "surface_classification_standing": null, "surface_swisstopo": "nature", "surface_sensebox": "unknown", "surface_sensebox_probability": 0.0, "match": "Unknown" }, "geometry": { "type": "Point", "coordinates": [ 8.762891740489058, 47.202634022118076 ] } },
{ "type": "Feature", "properties": { "timestamp": "2026-05-02T12:24:54.998Z", "latitude": 47.202646180315647, "longitude": 8.7629337869190689, "BELAGSART": 200, "surface_classification_asphalt": null, "surface_classification_compacted": null, "surface_classification_paving": null, "surface_classification_sett": null, "surface_classification_standing": null, "surface_swisstopo": "nature", "surface_sensebox": "unknown", "surface_sensebox_probability": 0.0, "match": "Unknown" }, "geometry": { "type": "Point", "coordinates": [ 8.762933795578478, 47.202646190357072 ] } },
{ "type": "Feature", "properties": { "timestamp": "2026-05-02T12:24:55.998Z", "latitude": 47.202668525119478, "longitude": 8.7629587950436036, "BELAGSART": 200, "surface_classification_asphalt": 0.03, "surface_classification_compacted": 0.6, "surface_classification_paving": 0.04, "surface_classification_sett": 0.34, "surface_classification_standing": 0.0, "surface_swisstopo": "nature", "surface_sensebox": "nature", "surface_sensebox_probability": 0.6, "match": "True" }, "geometry": { "type": "Point", "coordinates": [ 8.762958803703032, 47.202668535160932 ] } },
{ "type": "Feature", "properties": { "timestamp": "2026-05-02T12:24:56.998Z", "latitude": 47.202683986089539, "longitude": 8.7630001705798346, "BELAGSART": 200, "surface_classification_asphalt": null, "surface_classification_compacted": null, "surface_classification_paving": null, "surface_classification_sett": null, "surface_classification_standing": null, "surface_swisstopo": "nature", "surface_sensebox": "unknown", "surface_sensebox_probability": 0.0, "match": "Unknown" }, "geometry": { "type": "Point", "coordinates": [ 8.763000179239297, 47.202683996131015 ] } },
{ "type": "Feature", "properties": { "timestamp": "2026-05-02T12:24:58.997Z", "latitude": 47.20272784415036, "longitude": 8.7630666973888101, "BELAGSART": 200, "surface_classification_asphalt": 0.05, "surface_classification_compacted": 0.92, "surface_classification_paving": 0.03, "surface_classification_sett": 0.01, "surface_classification_standing": 0.0, "surface_swisstopo": "nature", "surface_sensebox": "nature", "surface_sensebox_probability": 0.92, "match": "True" }, "geometry": { "type": "Point", "coordinates": [ 8.76306670604832, 47.202727854191785 ] } },
{ "type": "Feature", "properties": { "timestamp": "2026-05-02T12:24:59.997Z", "latitude": 47.202756623790734, "longitude": 8.763099447521812, "BELAGSART": 200, "surface_classification_asphalt": null, "surface_classification_compacted": null, "surface_classification_paving": null, "surface_classification_sett": null, "surface_classification_standing": null, "surface_swisstopo": "nature", "surface_sensebox": "unknown", "surface_sensebox_probability": 0.0, "match": "Unknown" }, "geometry": { "type": "Point", "coordinates": [ 8.763099456181347, 47.202756633832152 ] } },
{ "type": "Feature", "properties": { "timestamp": "2026-05-02T12:25:00.997Z", "latitude": 47.202788807549574, "longitude": 8.7631317883020898, "BELAGSART": 200, "surface_classification_asphalt": null, "surface_classification_compacted": null, "surface_classification_paving": null, "surface_classification_sett": null, "surface_classification_standing": null, "surface_swisstopo": "nature", "surface_sensebox": "unknown", "surface_sensebox_probability": 0.0, "match": "Unknown" }, "geometry": { "type": "Point", "coordinates": [ 8.763131796961648, 47.202788817591021 ] } },
{ "type": "Feature", "properties": { "timestamp": "2026-05-02T12:25:01.997Z", "latitude": 47.202823055871001, "longitude": 8.7631653096622166, "BELAGSART": 200, "surface_classification_asphalt": 0.41, "surface_classification_compacted": 0.21, "surface_classification_paving": 0.05, "surface_classification_sett": 0.33, "surface_classification_standing": 0.0, "surface_swisstopo": "nature", "surface_sensebox": "unknown", "surface_sensebox_probability": 0.41, "match": "Unknown" }, "geometry": { "type": "Point", "coordinates": [ 8.763165318321789, 47.202823065912455 ] } },
{ "type": "Feature", "properties": { "timestamp": "2026-05-02T12:25:02.997Z", "latitude": 47.202859092894968, "longitude": 8.7632023352935455, "BELAGSART": 200, "surface_classification_asphalt": null, "surface_classification_compacted": null, "surface_classification_paving": null, "surface_classification_sett": null, "surface_classification_standing": null, "surface_swisstopo": "nature", "surface_sensebox": "unknown", "surface_sensebox_probability": 0.0, "match": "Unknown" }, "geometry": { "type": "Point", "coordinates": [ 8.763202343953147, 47.202859102936415 ] } },
{ "type": "Feature", "properties": { "timestamp": "2026-05-02T12:25:03.997Z", "latitude": 47.202892722821154, "longitude": 8.7632383605772812, "BELAGSART": 200, "surface_classification_asphalt": 0.0, "surface_classification_compacted": 0.04, "surface_classification_paving": 0.0, "surface_classification_sett": 0.96, "surface_classification_standing": 0.0, "surface_swisstopo": "nature", "surface_sensebox": "paved", "surface_sensebox_probability": 0.96, "match": "False" }, "geometry": { "type": "Point", "coordinates": [ 8.763238369236909, 47.202892732862587 ] } },
{ "type": "Feature", "properties": { "timestamp": "2026-05-02T12:25:04.997Z", "latitude": 47.202922960580175, "longitude": 8.7632812472364101, "BELAGSART": 200, "surface_classification_asphalt": null, "surface_classification_compacted": null, "surface_classification_paving": null, "surface_classification_sett": null, "surface_classification_standing": null, "surface_swisstopo": "nature", "surface_sensebox": "unknown", "surface_sensebox_probability": 0.0, "match": "Unknown" }, "geometry": { "type": "Point", "coordinates": [ 8.763281255896068, 47.202922970621636 ] } },
{ "type": "Feature", "properties": { "timestamp": "2026-05-02T12:25:05.997Z", "latitude": 47.202950500762846, "longitude": 8.7633267541364273, "BELAGSART": 200, "surface_classification_asphalt": null, "surface_classification_compacted": null, "surface_classification_paving": null, "surface_classification_sett": null, "surface_classification_standing": null, "surface_swisstopo": "nature", "surface_sensebox": "unknown", "surface_sensebox_probability": 0.0, "match": "Unknown" }, "geometry": { "type": "Point", "coordinates": [ 8.763326762796117, 47.202950510804264 ] } },
{ "type": "Feature", "properties": { "timestamp": "2026-05-02T12:25:06.997Z", "latitude": 47.20297842840754, "longitude": 8.763369515040738, "BELAGSART": 200, "surface_classification_asphalt": 0.0, "surface_classification_compacted": 0.0, "surface_classification_paving": 0.0, "surface_classification_sett": 1.0, "surface_classification_standing": 0.0, "surface_swisstopo": "nature", "surface_sensebox": "paved", "surface_sensebox_probability": 1.0, "match": "False" }, "geometry": { "type": "Point", "coordinates": [ 8.763369523700463, 47.202978438448959 ] } },
{ "type": "Feature", "properties": { "timestamp": "2026-05-02T12:25:07.997Z", "latitude": 47.203009917564984, "longitude": 8.7634048831583851, "BELAGSART": 100, "surface_classification_asphalt": null, "surface_classification_compacted": null, "surface_classification_paving": null, "surface_classification_sett": null, "surface_classification_standing": null, "surface_swisstopo": "paved", "surface_sensebox": "unknown", "surface_sensebox_probability": 0.0, "match": "Unknown" }, "geometry": { "type": "Point", "coordinates": [ 8.763404891818135, 47.203009927606409 ] } },
{ "type": "Feature", "properties": { "timestamp": "2026-05-02T12:25:08.997Z", "latitude": 47.203040860245594, "longitude": 8.7634321733515286, "BELAGSART": 100, "surface_classification_asphalt": null, "surface_classification_compacted": null, "surface_classification_paving": null, "surface_classification_sett": null, "surface_classification_standing": null, "surface_swisstopo": "paved", "surface_sensebox": "unknown", "surface_sensebox_probability": 0.0, "match": "Unknown" }, "geometry": { "type": "Point", "coordinates": [ 8.763432182011295, 47.203040870287033 ] } },
{ "type": "Feature", "properties": { "timestamp": "2026-05-02T12:25:09.997Z", "latitude": 47.203070013589134, "longitude": 8.7634633267714452, "BELAGSART": 100, "surface_classification_asphalt": 0.17, "surface_classification_compacted": 0.79, "surface_classification_paving": 0.04, "surface_classification_sett": 0.0, "surface_classification_standing": 0.0, "surface_swisstopo": "paved", "surface_sensebox": "nature", "surface_sensebox_probability": 0.79, "match": "False" }, "geometry": { "type": "Point", "coordinates": [ 8.763463335431235, 47.203070023630616 ] } },
{ "type": "Feature", "properties": { "timestamp": "2026-05-02T12:25:10.997Z", "latitude": 47.20307083351414, "longitude": 8.7635115187490449, "BELAGSART": 100, "surface_classification_asphalt": null, "surface_classification_compacted": null, "surface_classification_paving": null, "surface_classification_sett": null, "surface_classification_standing": null, "surface_swisstopo": "paved", "surface_sensebox": "unknown", "surface_sensebox_probability": 0.0, "match": "Unknown" }, "geometry": { "type": "Point", "coordinates": [ 8.76351152740888, 47.203070843555544 ] } },
{ "type": "Feature", "properties": { "timestamp": "2026-05-02T12:25:11.997Z", "latitude": 47.203051328101502, "longitude": 8.7635640578928662, "BELAGSART": 100, "surface_classification_asphalt": null, "surface_classification_compacted": null, "surface_classification_paving": null, "surface_classification_sett": null, "surface_classification_standing": null, "surface_swisstopo": "paved", "surface_sensebox": "unknown", "surface_sensebox_probability": 0.0, "match": "Unknown" }, "geometry": { "type": "Point", "coordinates": [ 8.763564066552757, 47.203051338142899 ] } },
{ "type": "Feature", "properties": { "timestamp": "2026-05-02T12:25:12.997Z", "latitude": 47.203026994946825, "longitude": 8.7636024330287743, "BELAGSART": 100, "surface_classification_asphalt": 0.07, "surface_classification_compacted": 0.87, "surface_classification_paving": 0.05, "surface_classification_sett": 0.01, "surface_classification_standing": 0.0, "surface_swisstopo": "paved", "surface_sensebox": "nature", "surface_sensebox_probability": 0.87, "match": "False" }, "geometry": { "type": "Point", "coordinates": [ 8.763602441688711, 47.203027004988201 ] } },
{ "type": "Feature", "properties": { "timestamp": "2026-05-02T12:25:13.997Z", "latitude": 47.203009772344942, "longitude": 8.7636490413492911, "BELAGSART": 100, "surface_classification_asphalt": null, "surface_classification_compacted": null, "surface_classification_paving": null, "surface_classification_sett": null, "surface_classification_standing": null, "surface_swisstopo": "paved", "surface_sensebox": "unknown", "surface_sensebox_probability": 0.0, "match": "Unknown" }, "geometry": { "type": "Point", "coordinates": [ 8.763649050009278, 47.203009782386317 ] } },
{ "type": "Feature", "properties": { "timestamp": "2026-05-02T12:25:14.997Z", "latitude": 47.2029976337083, "longitude": 8.7636925785999296, "BELAGSART": 100, "surface_classification_asphalt": null, "surface_classification_compacted": null, "surface_classification_paving": null, "surface_classification_sett": null, "surface_classification_standing": null, "surface_swisstopo": "paved", "surface_sensebox": "unknown", "surface_sensebox_probability": 0.0, "match": "Unknown" }, "geometry": { "type": "Point", "coordinates": [ 8.763692587259966, 47.202997643749669 ] } },
{ "type": "Feature", "properties": { "timestamp": "2026-05-02T12:25:15.997Z", "latitude": 47.202985368997197, "longitude": 8.7637346729632988, "BELAGSART": 100, "surface_classification_asphalt": 0.21, "surface_classification_compacted": 0.05, "surface_classification_paving": 0.65, "surface_classification_sett": 0.09, "surface_classification_standing": 0.0, "surface_swisstopo": "paved", "surface_sensebox": "paved", "surface_sensebox_probability": 0.65, "match": "True" }, "geometry": { "type": "Point", "coordinates": [ 8.763734681623369, 47.202985379038488 ] } },
{ "type": "Feature", "properties": { "timestamp": "2026-05-02T12:25:16.997Z", "latitude": 47.202977668080038, "longitude": 8.763773667674533, "BELAGSART": 100, "surface_classification_asphalt": null, "surface_classification_compacted": null, "surface_classification_paving": null, "surface_classification_sett": null, "surface_classification_standing": null, "surface_swisstopo": "paved", "surface_sensebox": "unknown", "surface_sensebox_probability": 0.0, "match": "Unknown" }, "geometry": { "type": "Point", "coordinates": [ 8.763773676334649, 47.202977678121364 ] } },
{ "type": "Feature", "properties": { "timestamp": "2026-05-02T12:25:17.997Z", "latitude": 47.202987040787683, "longitude": 8.7638147862671616, "BELAGSART": 100, "surface_classification_asphalt": 0.46, "surface_classification_compacted": 0.37, "surface_classification_paving": 0.14, "surface_classification_sett": 0.03, "surface_classification_standing": 0.0, "surface_swisstopo": "paved", "surface_sensebox": "unknown", "surface_sensebox_probability": 0.46, "match": "Unknown" }, "geometry": { "type": "Point", "coordinates": [ 8.763814794927315, 47.202987050828987 ] } },
{ "type": "Feature", "properties": { "timestamp": "2026-05-02T12:25:18.997Z", "latitude": 47.202998201439861, "longitude": 8.7638582614943363, "BELAGSART": 100, "surface_classification_asphalt": null, "surface_classification_compacted": null, "surface_classification_paving": null, "surface_classification_sett": null, "surface_classification_standing": null, "surface_swisstopo": "paved", "surface_sensebox": "unknown", "surface_sensebox_probability": 0.0, "match": "Unknown" }, "geometry": { "type": "Point", "coordinates": [ 8.763858270154529, 47.202998211481138 ] } },
{ "type": "Feature", "properties": { "timestamp": "2026-05-02T12:25:19.997Z", "latitude": 47.203014805482518, "longitude": 8.7638410476497484, "BELAGSART": 100, "surface_classification_asphalt": null, "surface_classification_compacted": null, "surface_classification_paving": null, "surface_classification_sett": null, "surface_classification_standing": null, "surface_swisstopo": "paved", "surface_sensebox": "unknown", "surface_sensebox_probability": 0.0, "match": "Unknown" }, "geometry": { "type": "Point", "coordinates": [ 8.76384105630992, 47.203014815523822 ] } },
{ "type": "Feature", "properties": { "timestamp": "2026-05-02T12:25:20.997Z", "latitude": 47.203016662872017, "longitude": 8.7638436345181194, "BELAGSART": 100, "surface_classification_asphalt": 0.54, "surface_classification_compacted": 0.27, "surface_classification_paving": 0.18, "surface_classification_sett": 0.01, "surface_classification_standing": 0.0, "surface_swisstopo": "paved", "surface_sensebox": "paved", "surface_sensebox_probability": 0.54, "match": "True" }, "geometry": { "type": "Point", "coordinates": [ 8.763843643178292, 47.203016672913336 ] } },
{ "type": "Feature", "properties": { "timestamp": "2026-05-02T12:25:21.997Z", "latitude": 47.2030172414444, "longitude": 8.7638408143221618, "BELAGSART": 100, "surface_classification_asphalt": null, "surface_classification_compacted": null, "surface_classification_paving": null, "surface_classification_sett": null, "surface_classification_standing": null, "surface_swisstopo": "paved", "surface_sensebox": "unknown", "surface_sensebox_probability": 0.0, "match": "Unknown" }, "geometry": { "type": "Point", "coordinates": [ 8.763840822982328, 47.203017251485704 ] } },
{ "type": "Feature", "properties": { "timestamp": "2026-05-02T12:25:22.997Z", "latitude": 47.203022296886729, "longitude": 8.7638469220915667, "BELAGSART": 100, "surface_classification_asphalt": null, "surface_classification_compacted": null, "surface_classification_paving": null, "surface_classification_sett": null, "surface_classification_standing": null, "surface_swisstopo": "paved", "surface_sensebox": "unknown", "surface_sensebox_probability": 0.0, "match": "Unknown" }, "geometry": { "type": "Point", "coordinates": [ 8.763846930751736, 47.203022306928055 ] } },
{ "type": "Feature", "properties": { "timestamp": "2026-05-02T12:25:23.997Z", "latitude": 47.203026112118977, "longitude": 8.763859030510293, "BELAGSART": 100, "surface_classification_asphalt": 0.69, "surface_classification_compacted": 0.0, "surface_classification_paving": 0.05, "surface_classification_sett": 0.0, "surface_classification_standing": 0.25, "surface_swisstopo": "paved", "surface_sensebox": "paved", "surface_sensebox_probability": 0.69, "match": "True" }, "geometry": { "type": "Point", "coordinates": [ 8.763859039170478, 47.203026122160281 ] } },
{ "type": "Feature", "properties": { "timestamp": "2026-05-02T12:25:24.997Z", "latitude": 47.203025507981629, "longitude": 8.7638574547197106, "BELAGSART": 100, "surface_classification_asphalt": null, "surface_classification_compacted": null, "surface_classification_paving": null, "surface_classification_sett": null, "surface_classification_standing": null, "surface_swisstopo": "paved", "surface_sensebox": "unknown", "surface_sensebox_probability": 0.0, "match": "Unknown" }, "geometry": { "type": "Point", "coordinates": [ 8.763857463379894, 47.203025518022947 ] } },
{ "type": "Feature", "properties": { "timestamp": "2026-05-02T12:25:25.997Z", "latitude": 47.203025038810949, "longitude": 8.7638563905612656, "BELAGSART": 100, "surface_classification_asphalt": null, "surface_classification_compacted": null, "surface_classification_paving": null, "surface_classification_sett": null, "surface_classification_standing": null, "surface_swisstopo": "paved", "surface_sensebox": "unknown", "surface_sensebox_probability": 0.0, "match": "Unknown" }, "geometry": { "type": "Point", "coordinates": [ 8.763856399221448, 47.203025048852268 ] } },
{ "type": "Feature", "properties": { "timestamp": "2026-05-02T12:25:26.997Z", "latitude": 47.203022828249637, "longitude": 8.7638558804385926, "BELAGSART": 100, "surface_classification_asphalt": 0.64, "surface_classification_compacted": 0.33, "surface_classification_paving": 0.01, "surface_classification_sett": 0.02, "surface_classification_standing": 0.0, "surface_swisstopo": "paved", "surface_sensebox": "paved", "surface_sensebox_probability": 0.64, "match": "True" }, "geometry": { "type": "Point", "coordinates": [ 8.763855889098769, 47.20302283829092 ] } },
{ "type": "Feature", "properties": { "timestamp": "2026-05-02T12:25:27.997Z", "latitude": 47.203018947222013, "longitude": 8.7638536638825233, "BELAGSART": 100, "surface_classification_asphalt": null, "surface_classification_compacted": null, "surface_classification_paving": null, "surface_classification_sett": null, "surface_classification_standing": null, "surface_swisstopo": "paved", "surface_sensebox": "unknown", "surface_sensebox_probability": 0.0, "match": "Unknown" }, "geometry": { "type": "Point", "coordinates": [ 8.7638536725427, 47.203018957263325 ] } },
{ "type": "Feature", "properties": { "timestamp": "2026-05-02T12:25:28.997Z", "latitude": 47.203021613289479, "longitude": 8.7638530068151042, "BELAGSART": 100, "surface_classification_asphalt": null, "surface_classification_compacted": null, "surface_classification_paving": null, "surface_classification_sett": null, "surface_classification_standing": null, "surface_swisstopo": "paved", "surface_sensebox": "unknown", "surface_sensebox_probability": 0.0, "match": "Unknown" }, "geometry": { "type": "Point", "coordinates": [ 8.763853015475277, 47.203021623330798 ] } },
{ "type": "Feature", "properties": { "timestamp": "2026-05-02T12:25:29.997Z", "latitude": 47.203021600814317, "longitude": 8.7638704458821302, "BELAGSART": 100, "surface_classification_asphalt": 0.09, "surface_classification_compacted": 0.0, "surface_classification_paving": 0.0, "surface_classification_sett": 0.01, "surface_classification_standing": 0.9, "surface_swisstopo": "paved", "surface_sensebox": "unknown", "surface_sensebox_probability": 0.0, "match": "Unknown" }, "geometry": { "type": "Point", "coordinates": [ 8.763870454542319, 47.203021610855608 ] } },
{ "type": "Feature", "properties": { "timestamp": "2026-05-02T12:25:30.997Z", "latitude": 47.203022198551047, "longitude": 8.7638519641840755, "BELAGSART": 100, "surface_classification_asphalt": null, "surface_classification_compacted": null, "surface_classification_paving": null, "surface_classification_sett": null, "surface_classification_standing": null, "surface_swisstopo": "paved", "surface_sensebox": "unknown", "surface_sensebox_probability": 0.0, "match": "Unknown" }, "geometry": { "type": "Point", "coordinates": [ 8.763851972844249, 47.203022208592365 ] } },
{ "type": "Feature", "properties": { "timestamp": "2026-05-02T12:25:31.999Z", "latitude": 47.203028158929449, "longitude": 8.7638486829519771, "BELAGSART": 100, "surface_classification_asphalt": null, "surface_classification_compacted": null, "surface_classification_paving": null, "surface_classification_sett": null, "surface_classification_standing": null, "surface_swisstopo": "paved", "surface_sensebox": "unknown", "surface_sensebox_probability": 0.0, "match": "Unknown" }, "geometry": { "type": "Point", "coordinates": [ 8.76384869161215, 47.203028168970739 ] } },
{ "type": "Feature", "properties": { "timestamp": "2026-05-02T12:25:32.800987Z", "latitude": 47.203028158929449, "longitude": 8.7638486829519771, "BELAGSART": 100, "surface_classification_asphalt": 0.0, "surface_classification_compacted": 0.0, "surface_classification_paving": 0.0, "surface_classification_sett": 0.0, "surface_classification_standing": 1.0, "surface_swisstopo": "paved", "surface_sensebox": "unknown", "surface_sensebox_probability": 0.0, "match": "Unknown" }, "geometry": { "type": "Point", "coordinates": [ 8.76384869161215, 47.203028168970739 ] } }
]
}
